,A,C,D,E,F,G,H,I,K,L,M,N,P,Q,R,S,T,V,W,Y
1,0.00038207421312108636,8.206278289435431e-05,1.9829896700684913e-05,2.507006320229266e-05,0.0015253823949024081,5.886750659556128e-05,4.569398515741341e-05,0.0005180244334042072,4.68020407424774e-05,0.0017824788810685277,0.9936646223068237,6.40145008219406e-05,0.00020527368178591132,5.0159618695033714e-05,3.4143671655328944e-05,0.0002507930912543088,0.00017854143516160548,0.000680680328514427,0.00011519335384946316,0.000263193593127653
2,0.00906904973089695,0.0010172122856602073,0.0010141674429178238,0.0018502231687307358,0.22124293446540833,0.0027844796422868967,0.003022717544808984,0.10392258316278458,0.005914701148867607,0.4763041138648987,0.005664469674229622,0.008299351669847965,0.000857930863276124,0.0018410931807011366,0.006324755493551493,0.008531183935701847,0.0031130972784012556,0.01478694286197424,0.11054179817438126,0.013891038484871387
3,0.049542248249053955,0.010093673132359982,0.0003379730915185064,0.0015847537433728576,0.09272880852222443,0.016073744744062424,0.006380564998835325,0.13241782784461975,0.006190409883856773,0.38367214798927307,0.0037442143075168133,0.004017055034637451,0.018092839047312737,0.007914558984339237,0.007537022698670626,0.035801928490400314,0.023286547511816025,0.09828504920005798,0.06907210499048233,0.0332193486392498
4,0.019720619544386864,0.0036635873839259148,2.8602855309145525e-05,0.00011976819223491475,0.23113520443439484,0.00207369402050972,0.000966379011515528,0.07185249775648117,0.00012853651423938572,0.5683282017707825,0.0014280487084761262,0.00028829032089561224,0.0033988782670348883,0.000754802895244211,9.311558096669614e-05,0.00594206340610981,0.004494398832321167,0.04313075169920921,0.02744041569530964,0.015008673071861267
5,0.031057070940732956,0.0062118833884596825,1.835479815781582e-05,2.9461918529705144e-05,0.2068248838186264,0.0030334098264575005,0.0002512593928258866,0.05342752858996391,2.4245993699878454e-05,0.6194686889648438,0.002338363090530038,0.0001601563999429345,0.0007658997201360762,0.000322103122016415,3.5727272916119546e-05,0.007127263583242893,0.006123744882643223,0.040989719331264496,0.014871667139232159,0.006916032638400793
6,0.06091680750250816,0.015069440007209778,1.2901360605610535e-05,2.5223649572581053e-05,0.17144781351089478,0.002405178966000676,0.00030048671760596335,0.07523541897535324,3.358315007062629e-05,0.5624206066131592,0.004006961826235056,0.0002394861076027155,0.00047060096403583884,0.0005003968253731728,5.510166010935791e-05,0.013248248025774956,0.011457712389528751,0.06900022178888321,0.005588839296251535,0.007563783787190914
7,0.017904862761497498,0.0064347670413553715,8.836937922751531e-06,1.1319380064378493e-05,0.17446529865264893,0.0009402299183420837,0.00010107295383932069,0.12529589235782623,1.3666428458236624e-05,0.5827888250350952,0.003237683093175292,0.00012319836241658777,9.97734532575123e-05,0.00012550957035273314,1.8089784134645015e-05,0.005000187549740076,0.0061389384791255,0.07078360766172409,0.0032322746701538563,0.0032730328384786844
8,0.009847396053373814,0.0019650342874228954,1.412870278727496e-05,1.43808574648574e-05,0.09230291843414307,0.0004958853824064136,6.950612441869453e-05,0.14423714578151703,1.800398968043737e-05,0.6787685751914978,0.0022668021265417337,0.00011159390851389617,0.0003749048337340355,0.0001371608959743753,3.251410453231074e-05,0.003066848963499069,0.003635577391833067,0.059353504329919815,0.0017922583501785994,0.0014917798107489944
9,0.0717269629240036,0.00791743490844965,0.0056115370243787766,0.005227400455623865,0.002229205099865794,0.1862012892961502,0.01689150184392929,0.0019424021011218429,0.009639919735491276,0.004811128135770559,0.00024228350957855582,0.03260098397731781,0.30797404050827026,0.04558616876602173,0.013131918385624886,0.19681957364082336,0.07466232776641846,0.013421008363366127,0.00030585750937461853,0.0030514332465827465
10,0.020378628745675087,0.00618030596524477,3.8142414268804714e-05,0.00011270096729276702,0.2660839259624481,0.001677654217928648,0.0010879869805648923,0.060523051768541336,0.00023054858320392668,0.541512131690979,0.0033827628940343857,0.0001693123485893011,0.0002842387475538999,0.0009368378669023514,0.0005254417192190886,0.009589225053787231,0.007704314775764942,0.04840083792805672,0.007162658032029867,0.024007361382246017
11,0.21097877621650696,0.025895047932863235,2.5009883756865747e-05,3.311104592285119e-05,0.007182943634688854,0.0063884202390909195,0.0001407793170074001,0.17016924917697906,1.6061678252299316e-05,0.04828939959406853,0.0005762716755270958,0.00010035956074716523,8.526661986252293e-05,0.00013192216283641756,3.328800085000694e-05,0.03239975497126579,0.03551754727959633,0.4605311453342438,0.00024879875127226114,0.001249750959686935
12,0.1603572964668274,0.014631131663918495,0.0028756572864949703,0.003767303889617324,0.15633052587509155,0.011815243400633335,0.014085418544709682,0.026662016287446022,0.005930326413363218,0.19341790676116943,0.005192814860492945,0.018185695633292198,0.0002269108808832243,0.019254958257079124,0.0086663868278265,0.17576630413532257,0.045896757394075394,0.044193241745233536,0.022471334785223007,0.0702672079205513
13,0.19795311987400055,0.06820260733366013,0.00043296554940752685,0.0008932892815209925,0.003172545926645398,0.17611302435398102,0.0004162884142715484,0.0018002035794779658,0.00010735420073615387,0.019087038934230804,0.0013464007060974836,0.0026023436803370714,0.03548814356327057,0.004236434120684862,0.00012587945093400776,0.40699681639671326,0.06890939176082611,0.011535106226801872,0.0001307673956034705,0.0004416840383782983
14,0.0786328837275505,0.0034431552048772573,0.04366283491253853,0.03875359520316124,0.07535427063703537,0.02104324847459793,0.007344584912061691,0.08223213255405426,0.02326611801981926,0.12297066301107407,0.005992752034217119,0.03427354618906975,0.0004090731672476977,0.08914072811603546,0.014597240835428238,0.07117392122745514,0.0836208313703537,0.12656094133853912,0.010531258769333363,0.0669858530163765
15,0.03282947465777397,0.03346400707960129,0.018640413880348206,0.012916523963212967,0.13394145667552948,0.017643796280026436,0.008225508965551853,0.11358115822076797,0.014601819217205048,0.13913899660110474,0.0057384478859603405,0.034659817814826965,0.01593407616019249,0.027597874402999878,0.018239472061395645,0.05916163697838783,0.08586838841438293,0.10708954185247421,0.03591322898864746,0.08480635285377502
16,0.040713585913181305,0.007795929908752441,0.03071657568216324,0.023885956034064293,0.0867067500948906,0.034220609813928604,0.007478588260710239,0.0792563259601593,0.015301233157515526,0.11131810396909714,0.005456262733787298,0.03371614217758179,0.10665135085582733,0.033880919218063354,0.015954017639160156,0.07027245312929153,0.08354627341032028,0.10737448930740356,0.017238184809684753,0.08850914984941483
17,0.04584336653351784,0.013761674053966999,0.11421418935060501,0.04627127945423126,0.06259021162986755,0.033449914306402206,0.01211204007267952,0.0523938350379467,0.025189802050590515,0.09318995475769043,0.005456182640045881,0.06229306012392044,0.06567943841218948,0.04369562864303589,0.02404758147895336,0.07515131682157516,0.0775827094912529,0.07367993146181107,0.011774170212447643,0.061613619327545166
18,0.036712486296892166,0.026685435324907303,0.030752675607800484,0.0219806507229805,0.08915829658508301,0.040742211043834686,0.00790648814290762,0.08377434313297272,0.015422144904732704,0.12693729996681213,0.007062641903758049,0.11629178375005722,0.0567171536386013,0.025991380214691162,0.018280386924743652,0.04804689809679985,0.05277959257364273,0.0961134135723114,0.018472028896212578,0.08016365021467209
19,0.04089798778295517,0.01167396642267704,0.0353529155254364,0.028873706236481667,0.046870552003383636,0.044930800795555115,0.007622275035828352,0.042207151651382446,0.030226776376366615,0.05198463797569275,0.0042731366120278835,0.04569458216428757,0.07157290726900101,0.03495305776596069,0.022678781300783157,0.10778490453958511,0.2726185619831085,0.05091964825987816,0.010091354139149189,0.03876199200749397
20,0.036175213754177094,0.022301875054836273,0.06953009217977524,0.03270731866359711,0.0524403415620327,0.042566947638988495,0.00877922959625721,0.05132187157869339,0.016334835439920425,0.07650239765644073,0.006613879464566708,0.246443971991539,0.04236726835370064,0.02759595401585102,0.015501555986702442,0.061985328793525696,0.07145076990127563,0.059514597058296204,0.010737740434706211,0.049118757247924805
21,0.05615559220314026,0.03854386508464813,0.036397822201251984,0.03031681664288044,0.08214283734560013,0.0549493283033371,0.01041343156248331,0.07809455692768097,0.021821366623044014,0.10017344355583191,0.008231785148382187,0.04766951501369476,0.06174278259277344,0.03201652690768242,0.019978811964392662,0.07544142752885818,0.07386835664510727,0.09312652051448822,0.017042675986886024,0.06186223030090332
22,0.04921647161245346,0.018796823918819427,0.05548197031021118,0.03668095916509628,0.07373565435409546,0.047817960381507874,0.012360621243715286,0.08372335880994797,0.017353566363453865,0.09900349378585815,0.009454102255403996,0.04824010282754898,0.04555793106555939,0.03305787220597267,0.05848027020692825,0.06739155948162079,0.07105591148138046,0.09153904020786285,0.01158516388386488,0.06945808231830597
23,0.0490897037088871,0.0484594851732254,0.06729542464017868,0.04426542669534683,0.06790906935930252,0.055866021662950516,0.010322331450879574,0.06396763026714325,0.022772544994950294,0.08183024823665619,0.006661265157163143,0.058622609823942184,0.05768142268061638,0.03392459824681282,0.017201323062181473,0.07875116914510727,0.08573275059461594,0.07839217782020569,0.012202478013932705,0.05904315412044525
24,0.04511537775397301,0.07072701305150986,0.03950340300798416,0.024309778586030006,0.08301796019077301,0.03503172844648361,0.010380543768405914,0.08365897089242935,0.01983477734029293,0.128956601023674,0.008123515173792839,0.06266985088586807,0.045908693224191666,0.030271723866462708,0.018860628828406334,0.0611100047826767,0.07646960765123367,0.07160723954439163,0.01528230868279934,0.06915047019720078
25,0.043900031596422195,0.03989878669381142,0.05372994765639305,0.02936391718685627,0.07365112751722336,0.04870274290442467,0.01481153815984726,0.07689212262630463,0.025583362206816673,0.09858041256666183,0.008283489383757114,0.05792912840843201,0.058169521391391754,0.03723042458295822,0.024086516350507736,0.07296659052371979,0.07930988818407059,0.08411195129156113,0.009527040645480156,0.06326372176408768
26,0.057265035808086395,0.03505253419280052,0.04897844046354294,0.035606466233730316,0.08490703999996185,0.05073440074920654,0.009719754569232464,0.0777646154165268,0.022678317502141,0.09731292724609375,0.00809558480978012,0.04976482689380646,0.0506925955414772,0.03228102996945381,0.020111944526433945,0.07850712537765503,0.06952548772096634,0.09583447873592377,0.010906827636063099,0.06425217539072037
27,0.040026236325502396,0.030438482761383057,0.04172944650053978,0.037575118243694305,0.07155071943998337,0.08744572103023529,0.010675626806914806,0.06883008033037186,0.023212071508169174,0.08632047474384308,0.008602895773947239,0.11793602257966995,0.0394846573472023,0.033975183963775635,0.018874933943152428,0.07160193473100662,0.06508570909500122,0.07693320512771606,0.00999072939157486,0.0597030334174633
28,0.04661141335964203,0.061991676688194275,0.03586963564157486,0.0275263749063015,0.0880410447716713,0.06034458801150322,0.009149019606411457,0.07225710153579712,0.021928369998931885,0.09168065339326859,0.0077436394058167934,0.04751095548272133,0.06738530099391937,0.031870923936367035,0.017762042582035065,0.07569842040538788,0.07289993762969971,0.07559710741043091,0.019762443378567696,0.06835939735174179
29,0.042101774364709854,0.04320624843239784,0.04148304462432861,0.03327994793653488,0.08421093225479126,0.046244435012340546,0.011346852406859398,0.06356096267700195,0.02798503078520298,0.08564231544733047,0.009550649672746658,0.1063658818602562,0.043902840465307236,0.037192270159721375,0.025931451469659805,0.06697963178157806,0.06320349127054214,0.07720836251974106,0.016938112676143646,0.07365617901086807
30,0.05880875512957573,0.04793980345129967,0.054152075201272964,0.04012637585401535,0.06715545803308487,0.06301840394735336,0.01564229279756546,0.05453679338097572,0.026383912190794945,0.08290845155715942,0.01046728529036045,0.050229959189891815,0.048928067088127136,0.03769500181078911,0.02347777970135212,0.07983774691820145,0.07616127282381058,0.07958849519491196,0.011737504974007607,0.07119584828615189
31,0.04421065002679825,0.05564897879958153,0.056858088821172714,0.0377173125743866,0.0452105887234211,0.05359397456049919,0.01129856426268816,0.06115484982728958,0.023355670273303986,0.07182316482067108,0.009130123071372509,0.1499769538640976,0.04593508318066597,0.03404848650097847,0.02084757573902607,0.06891625374555588,0.0698578953742981,0.07617555558681488,0.009868147782981396,0.05436107888817787
32,0.03815330192446709,0.05291243642568588,0.043566398322582245,0.029255526140332222,0.06067170202732086,0.040480878204107285,0.007460030261427164,0.05933554470539093,0.021476129069924355,0.0727987214922905,0.005956117529422045,0.042863573879003525,0.03369962051510811,0.02674427069723606,0.015345842577517033,0.12571080029010773,0.20074498653411865,0.06476617604494095,0.013279689475893974,0.044767651706933975
33,0.04848307743668556,0.054105378687381744,0.05265270173549652,0.044901564717292786,0.06182466819882393,0.058087438344955444,0.014068002812564373,0.07302999496459961,0.022910544648766518,0.08850709348917007,0.009851525537669659,0.04586043581366539,0.04245422035455704,0.0349554717540741,0.021449817344546318,0.06929538398981094,0.07104700803756714,0.09884727746248245,0.013941352255642414,0.0737137719988823
34,0.05269871652126312,0.05823913589119911,0.0670023113489151,0.034176528453826904,0.06347987055778503,0.06542059779167175,0.01601611077785492,0.04666819050908089,0.024882152676582336,0.0716366097331047,0.009526597335934639,0.07790916413068771,0.047569017857313156,0.03276325762271881,0.023868178948760033,0.08631493896245956,0.06985412538051605,0.0708189532160759,0.01234882790595293,0.0687975063920021
35,0.052172984927892685,0.06446149945259094,0.06575988978147507,0.05183697119355202,0.05632448196411133,0.04364091902971268,0.0162726528942585,0.05386537313461304,0.02362845651805401,0.07314032316207886,0.012034461833536625,0.056868068873882294,0.0355047807097435,0.03826890513300896,0.02201886847615242,0.07619854807853699,0.11296086758375168,0.07445913553237915,0.011016175150871277,0.05955372378230095
36,0.039724063128232956,0.08201175183057785,0.04453182965517044,0.03219145908951759,0.08871017396450043,0.040787722915410995,0.011248515918850899,0.08608189970254898,0.022569460794329643,0.08650217205286026,0.010329382494091988,0.043843161314725876,0.036378223448991776,0.0285045076161623,0.01924319565296173,0.058462172746658325,0.07031917572021484,0.09488372504711151,0.016881007701158524,0.08678276836872101
37,0.039698902517557144,0.07425076514482498,0.03599268198013306,0.030656130984425545,0.09394042938947678,0.028834601864218712,0.011021909303963184,0.08953450620174408,0.024470539763569832,0.11917366832494736,0.010471277870237827,0.03937020152807236,0.03254682570695877,0.033333223313093185,0.020866936072707176,0.056955497711896896,0.059406306594610214,0.09640177339315414,0.018043503165245056,0.08502201735973358
38,0.04172206297516823,0.06798752397298813,0.042129963636398315,0.026984499767422676,0.07791964709758759,0.06270962953567505,0.01562793180346489,0.07172796130180359,0.01854339987039566,0.10096853226423264,0.009032247588038445,0.048021722584962845,0.022795485332608223,0.029706474393606186,0.02392599917948246,0.07683352380990982,0.09260296821594238,0.07962171733379364,0.009822185151278973,0.08130797743797302
39,0.05137871205806732,0.05479707196354866,0.07089315354824066,0.04457346722483635,0.051587287336587906,0.09679192304611206,0.013346671126782894,0.03504788130521774,0.03709428012371063,0.05221403017640114,0.007409007288515568,0.08430872857570648,0.043000660836696625,0.039941608905792236,0.02530010975897312,0.09817556291818619,0.07712220400571823,0.05397476255893707,0.008803489618003368,0.054229941219091415
40,0.05278313159942627,0.024287868291139603,0.08641187101602554,0.052302610129117966,0.05247147008776665,0.08662835508584976,0.013645805418491364,0.04427343234419823,0.020842187106609344,0.06713729351758957,0.010081915184855461,0.08195490390062332,0.042805176228284836,0.03691982105374336,0.018664127215743065,0.09472303092479706,0.0731019377708435,0.0738862082362175,0.01004777941852808,0.05702213943004608
41,0.05898347869515419,0.05592450872063637,0.04694480448961258,0.032324809581041336,0.05640967935323715,0.12865377962589264,0.014490552246570587,0.04564046859741211,0.028352782130241394,0.06868843734264374,0.010870487429201603,0.061076659709215164,0.04030127078294754,0.03635581210255623,0.029377473518252373,0.08758646249771118,0.0715843066573143,0.0680534839630127,0.008883104659616947,0.04948975890874863
42,0.04104475677013397,0.0605095699429512,0.049276769161224365,0.03806575760245323,0.03798218443989754,0.05287337675690651,0.010316780768334866,0.057023338973522186,0.02737022377550602,0.061835892498493195,0.009290452115237713,0.06026524677872658,0.050317008048295975,0.03577655181288719,0.024369480088353157,0.11221649497747421,0.1391783505678177,0.07580949366092682,0.009706600569188595,0.04676036909222603
43,0.03793160244822502,0.055866386741399765,0.04132670536637306,0.027995454147458076,0.07754524052143097,0.04378625005483627,0.010924039408564568,0.07883516699075699,0.0186969842761755,0.09922321885824203,0.010445901192724705,0.11603573709726334,0.03703165426850319,0.02662552334368229,0.016215454787015915,0.0631730780005455,0.06406521052122116,0.08040754497051239,0.015725307166576385,0.07813256978988647
44,0.04459122195839882,0.033316098153591156,0.04210131615400314,0.02948574349284172,0.051031965762376785,0.053797755390405655,0.012046677991747856,0.05840850993990898,0.024682199582457542,0.06146553158760071,0.010613459162414074,0.19289562106132507,0.03997219353914261,0.02810351550579071,0.020980097353458405,0.07453151792287827,0.06739966571331024,0.08256098628044128,0.008437826298177242,0.06357137858867645
45,0.05681872367858887,0.02339082583785057,0.04951274394989014,0.02774082124233246,0.08433809876441956,0.07798407971858978,0.013619663193821907,0.07304158806800842,0.019452234730124474,0.08909939974546432,0.015210729092359543,0.05650019645690918,0.0433545857667923,0.027271335944533348,0.01961829513311386,0.07299171388149261,0.066442109644413,0.10252375155687332,0.01129842922091484,0.06978241354227066
46,0.062387119978666306,0.03568526357412338,0.0507180318236351,0.03821102902293205,0.07815738022327423,0.06851014494895935,0.014000540599226952,0.06602855026721954,0.021760834380984306,0.08094829320907593,0.013474738225340843,0.05049026012420654,0.048702485859394073,0.031100891530513763,0.023883402347564697,0.07325197011232376,0.07311979681253433,0.09796618670225143,0.01046301331371069,0.061132244765758514
47,0.04892335459589958,0.04848530516028404,0.04956652224063873,0.03782851621508598,0.07055693119764328,0.051826752722263336,0.012355820275843143,0.06968148797750473,0.026651743799448013,0.0843157097697258,0.009866109117865562,0.04992491379380226,0.044578917324543,0.034328971058130264,0.02484496496617794,0.0863773450255394,0.08004079014062881,0.09132354706525803,0.012430581264197826,0.06608227640390396
48,0.03782125189900398,0.05756251513957977,0.047159403562545776,0.027798257768154144,0.07804790884256363,0.03839471563696861,0.010992283001542091,0.07687883079051971,0.024982372298836708,0.09355375170707703,0.009592624381184578,0.10922791808843613,0.03845512121915817,0.02956349030137062,0.021847747266292572,0.07266706228256226,0.06753029674291611,0.07907959818840027,0.012223158963024616,0.06661415845155716
49,0.03572399169206619,0.03574323654174805,0.04495353251695633,0.02969937212765217,0.05256396532058716,0.04492771998047829,0.010481992736458778,0.05758289620280266,0.02503182925283909,0.07097122818231583,0.009123893454670906,0.20248106122016907,0.043857391923666,0.0297300573438406,0.02105511911213398,0.07966522127389908,0.07261864840984344,0.07092886418104172,0.0078073302283883095,0.05504719540476799
50,0.049384236335754395,0.027603186666965485,0.046348776668310165,0.04064119607210159,0.0659162625670433,0.07128654420375824,0.014277302660048008,0.057571303099393845,0.027543438598513603,0.06990659981966019,0.008484032936394215,0.06096716225147247,0.07452800869941711,0.038010552525520325,0.025269702076911926,0.10515569895505905,0.08301497995853424,0.07447997480630875,0.008529704995453358,0.051074493676424026
51,0.042212918400764465,0.028345206752419472,0.09473926573991776,0.05319201573729515,0.031854644417762756,0.1044996827840805,0.015649406239390373,0.020078325644135475,0.04425930231809616,0.026451747864484787,0.004646423272788525,0.10375931113958359,0.058029063045978546,0.04365408420562744,0.032259780913591385,0.11715257167816162,0.08975433558225632,0.037646304816007614,0.00590915372595191,0.045894693583250046
52,0.05184955894947052,0.03176553174853325,0.07805447280406952,0.05629538372159004,0.039030734449625015,0.10024559497833252,0.0149329649284482,0.030351493507623672,0.042992524802684784,0.03685932233929634,0.0077887331135571,0.08033879846334457,0.04287010803818703,0.043987710028886795,0.03205674886703491,0.10777454078197479,0.09831839054822922,0.05434729531407356,0.00638036523014307,0.04374955967068672
53,0.048981569707393646,0.02109067514538765,0.07604328542947769,0.058841317892074585,0.04099332541227341,0.07478773593902588,0.01934158056974411,0.03581821918487549,0.035598937422037125,0.05544494837522507,0.011413831263780594,0.06827446818351746,0.07861626893281937,0.04562273621559143,0.032247014343738556,0.09036760032176971,0.09272158890962601,0.053567610681056976,0.009339842014014721,0.05088048428297043
54,0.043888192623853683,0.03270567208528519,0.04692370817065239,0.04319747909903526,0.06139793246984482,0.0719301626086235,0.014011148363351822,0.07697238028049469,0.03035760298371315,0.08026676625013351,0.012615714222192764,0.04780014604330063,0.0339888259768486,0.039147451519966125,0.028179259970784187,0.07350829243659973,0.07952699810266495,0.10153605043888092,0.01121486071497202,0.07081988453865051
55,0.0412796325981617,0.05074514448642731,0.04707041755318642,0.044936079531908035,0.05633429437875748,0.037537071853876114,0.014318840578198433,0.06032790243625641,0.035876478999853134,0.06925266236066818,0.010231774300336838,0.05607748031616211,0.05576286092400551,0.04332036152482033,0.030049830675125122,0.08129864931106567,0.09214171022176743,0.0893060490489006,0.012543373741209507,0.07158126682043076
56,0.053409967571496964,0.023811975494027138,0.0373297855257988,0.0348309762775898,0.07241833955049515,0.05719805881381035,0.015026508830487728,0.10072655975818634,0.023661963641643524,0.10459482669830322,0.015073463320732117,0.04006190970540047,0.030336666852235794,0.033804796636104584,0.022769544273614883,0.06452178210020065,0.07250852882862091,0.12451617419719696,0.009215213358402252,0.0641758143901825
57,0.06532551348209381,0.010455732233822346,0.025279223918914795,0.03108302131295204,0.06765932589769363,0.0657794177532196,0.020789016038179398,0.0677364319562912,0.01667652651667595,0.10209695994853973,0.019379571080207825,0.032144494354724884,0.026051420718431473,0.033035390079021454,0.02261742576956749,0.07561313360929489,0.09255223721265793,0.13417382538318634,0.011582989245653152,0.07996129244565964
58,0.06046728417277336,0.03130895271897316,0.0870387926697731,0.048985108733177185,0.0419132336974144,0.0799432322382927,0.01432139053940773,0.04890921339392662,0.03394076228141785,0.07181741297245026,0.013171063736081123,0.03970775008201599,0.05397872254252434,0.042911868542432785,0.029932018369436264,0.10020222514867783,0.07177858054637909,0.07479355484247208,0.00794175360351801,0.04692931845784187
59,0.060635849833488464,0.027119996026158333,0.0585419163107872,0.03850576654076576,0.03873877972364426,0.09440065920352936,0.015482655726373196,0.03980803117156029,0.033977705985307693,0.05130923166871071,0.0075398338958621025,0.0753059983253479,0.08758584409952164,0.035897016525268555,0.02665639854967594,0.10007640719413757,0.08262836188077927,0.05889979004859924,0.008144750259816647,0.05873971804976463
60,0.05856398493051529,0.013909275643527508,0.06284507364034653,0.048623595386743546,0.0404391847550869,0.08889392763376236,0.018965987488627434,0.03054790012538433,0.04136882349848747,0.04798530414700508,0.008875835686922073,0.07894712686538696,0.0505770668387413,0.046684205532073975,0.03208116441965103,0.10411880165338516,0.09173677861690521,0.06139340251684189,0.008289461024105549,0.06514476239681244
61,0.034545108675956726,0.009682570584118366,0.08389905840158463,0.04339911416172981,0.02217751182615757,0.07934805005788803,0.01211703009903431,0.01693563535809517,0.03996335342526436,0.024315090849995613,0.005283541511744261,0.29932448267936707,0.05526745319366455,0.030939513817429543,0.026595037430524826,0.08999630063772202,0.06750325113534927,0.026709340512752533,0.003973294049501419,0.028016947209835052
62,0.0654723197221756,0.01898726262152195,0.07002812623977661,0.06070621684193611,0.025515276938676834,0.13513228297233582,0.010714867152273655,0.024370236322283745,0.05008438229560852,0.03309234231710434,0.005990469362586737,0.0900435522198677,0.017642993479967117,0.05220174416899681,0.030531853437423706,0.14092156291007996,0.096793532371521,0.03999050334095955,0.003882684512063861,0.027888622134923935
63,0.03150699660181999,0.005134780891239643,0.05101265385746956,0.031315602362155914,0.02226223051548004,0.05525385960936546,0.010014696046710014,0.02009419910609722,0.035888489335775375,0.02887352742254734,0.004899882711470127,0.06104622408747673,0.042367786169052124,0.029012668877840042,0.023173272609710693,0.2367246448993683,0.25171902775764465,0.02607768215239048,0.004810229875147343,0.02880272828042507
64,0.055074598640203476,0.009647405706346035,0.0800253227353096,0.057234179228544235,0.03221503645181656,0.11058203130960464,0.024079579859972,0.032707713544368744,0.04008052498102188,0.05129244551062584,0.010068836621940136,0.08152034133672714,0.01665681041777134,0.04795016720890999,0.0340915210545063,0.11253556609153748,0.0883583202958107,0.05821657180786133,0.006788541097193956,0.05086551234126091
65,0.049273841083049774,0.011597990058362484,0.04568783938884735,0.033164992928504944,0.06987788528203964,0.06389238685369492,0.016854355111718178,0.07377874106168747,0.03179517015814781,0.08176005631685257,0.011315573006868362,0.05954538285732269,0.053342197090387344,0.035390522330999374,0.02715994417667389,0.08499719202518463,0.08616285026073456,0.08826875686645508,0.011969901621341705,0.06415154784917831
66,0.05303826928138733,0.007492665201425552,0.06728362292051315,0.05621415376663208,0.03891904652118683,0.08864399790763855,0.019834397360682487,0.03113666921854019,0.0421195812523365,0.04070400074124336,0.010863669216632843,0.07193917781114578,0.06133922189474106,0.048981647938489914,0.03880446404218674,0.10322107374668121,0.09573078155517578,0.053500186651945114,0.010035389102995396,0.060188792645931244
67,0.05433198809623718,0.007131096441298723,0.04496847093105316,0.05557582527399063,0.06313501298427582,0.0700833722949028,0.019463878124952316,0.0508091114461422,0.032806240022182465,0.08114109933376312,0.014549166895449162,0.05371124669909477,0.03889073431491852,0.04575394093990326,0.04194074869155884,0.08629218488931656,0.0788092240691185,0.07698424160480499,0.017785508185625076,0.0658293068408966
68,0.03906771168112755,0.009845562279224396,0.031180690973997116,0.02897997759282589,0.1086122915148735,0.03665689751505852,0.012591063044965267,0.10942456871271133,0.021245183423161507,0.12333369255065918,0.01651594415307045,0.0321093425154686,0.025712914764881134,0.026347562670707703,0.021414587274193764,0.04970820993185043,0.05946781486272812,0.13491515815258026,0.018840109929442406,0.09402256458997726
69,0.04936610907316208,0.01150030642747879,0.05360613390803337,0.04740893468260765,0.06454883515834808,0.041230276226997375,0.017533831298351288,0.057156652212142944,0.03415895998477936,0.07738631963729858,0.012453584000468254,0.08378101885318756,0.03642949089407921,0.04176143556833267,0.03853007033467293,0.08563748747110367,0.08345238864421844,0.07458516210317612,0.01436128281056881,0.07510609924793243
70,0.03801623359322548,0.014244448393583298,0.026370851323008537,0.02283111773431301,0.11896602064371109,0.03323550522327423,0.01319956872612238,0.10687047988176346,0.019756915047764778,0.11657024919986725,0.012411263771355152,0.03226492553949356,0.044577475637197495,0.025756292045116425,0.02124645747244358,0.055278923362493515,0.05457386374473572,0.10921882092952728,0.02537507750093937,0.10922929644584656
71,0.033609047532081604,0.01468305941671133,0.07410897314548492,0.033023569732904434,0.07837387174367905,0.02910698391497135,0.012926429510116577,0.07243440300226212,0.026428494602441788,0.07455321401357651,0.011554365046322346,0.1507372111082077,0.03737226128578186,0.027748476713895798,0.02342955768108368,0.0632537305355072,0.06365850567817688,0.07421919703483582,0.013250662013888359,0.08552238345146179
72,0.05675005167722702,0.013212191872298717,0.04161854088306427,0.03936254233121872,0.09344378113746643,0.046738069504499435,0.014761545695364475,0.054391343146562576,0.031469814479351044,0.09363827109336853,0.011393092572689056,0.04878799244761467,0.06054256111383438,0.030168429017066956,0.023836731910705566,0.08834942430257797,0.07591664791107178,0.06829151511192322,0.0181793961673975,0.08914091438055038
73,0.05967302992939949,0.015879463404417038,0.031289368867874146,0.03435514494776726,0.08028842508792877,0.037085484713315964,0.008037714287638664,0.07614994049072266,0.04040021821856499,0.0982631966471672,0.009828769601881504,0.04653317853808403,0.05967332050204277,0.03225833922624588,0.026371484622359276,0.07838206738233566,0.08134597539901733,0.10859879851341248,0.017119145020842552,0.05845760181546211
74,0.04800634831190109,0.01638283021748066,0.05839570239186287,0.03224020451307297,0.06418800354003906,0.05558762326836586,0.009964868426322937,0.05784585699439049,0.03380546718835831,0.06750480085611343,0.007702111732214689,0.1618853658437729,0.04027245566248894,0.025781746953725815,0.0233908798545599,0.0912628024816513,0.07655975222587585,0.06671997904777527,0.012530727311968803,0.04996565356850624
75,0.0561879463493824,0.01847056671977043,0.02553098089993,0.06132134422659874,0.08804360032081604,0.037940021604299545,0.008618468418717384,0.11014652997255325,0.023813018575310707,0.0764971673488617,0.009197418577969074,0.02767278626561165,0.011730196885764599,0.04450615867972374,0.01565997302532196,0.07071491330862045,0.08846382796764374,0.13976849615573883,0.014859458431601524,0.07084643840789795
76,0.036184217780828476,0.0167855191975832,0.024745840579271317,0.029098760336637497,0.09965202212333679,0.031605787575244904,0.007006688974797726,0.09469886124134064,0.01972794346511364,0.09918855875730515,0.011782444082200527,0.032539378851652145,0.029260599985718727,0.023432809859514236,0.01596212573349476,0.06887706369161606,0.1584070324897766,0.09168561547994614,0.04000932350754738,0.06934038549661636
77,0.041288092732429504,0.01069205068051815,0.009858617559075356,0.009602396748960018,0.12154363840818405,0.014760244637727737,0.008407038636505604,0.1791984587907791,0.011349481530487537,0.19245386123657227,0.019227944314479828,0.014152430929243565,0.009709533303976059,0.015005562454462051,0.01384135615080595,0.026575367897748947,0.03783366084098816,0.1579282581806183,0.02575180120766163,0.0808129534125328
78,0.03446652740240097,0.024053405970335007,0.02135602943599224,0.02311551384627819,0.06738494336605072,0.018639830872416496,0.01235288567841053,0.10780596733093262,0.029845768585801125,0.10050387680530548,0.010134597308933735,0.03121079131960869,0.0277055986225605,0.027444856241345406,0.0307188518345356,0.07435997575521469,0.12736041843891144,0.12343766540288925,0.02037949487566948,0.0877101719379425
79,0.03100126050412655,0.014556912705302238,0.01722102053463459,0.015779949724674225,0.1637466847896576,0.02351449988782406,0.00869186595082283,0.1475413590669632,0.011860181577503681,0.1390724629163742,0.013879742473363876,0.024108603596687317,0.023464050143957138,0.01421953272074461,0.012897773645818233,0.04635230079293251,0.0558379702270031,0.10504696518182755,0.024384280666708946,0.1068134754896164
80,0.046465013176202774,0.010517258197069168,0.061196234077215195,0.05424689128994942,0.06915904581546783,0.04013557732105255,0.010425061918795109,0.0720788910984993,0.027632586658000946,0.08877050876617432,0.010517646558582783,0.05221068859100342,0.044445786625146866,0.03234146907925606,0.0241608377546072,0.0878453254699707,0.09367004036903381,0.09020520001649857,0.01362187322229147,0.07034547626972198
81,0.04974260926246643,0.00971484836190939,0.029174838215112686,0.022240765392780304,0.09379926323890686,0.05636356398463249,0.014024085365235806,0.1094377413392067,0.021703552454710007,0.14684471487998962,0.015636295080184937,0.041731491684913635,0.026512861251831055,0.025411400943994522,0.0223118606954813,0.06613410264253616,0.058417290449142456,0.1132594645023346,0.010761570185422897,0.06677070260047913
82,0.056352648884058,0.009838768281042576,0.03787859156727791,0.035335198044776917,0.0752403661608696,0.05793919041752815,0.012683956883847713,0.07483178377151489,0.037192586809396744,0.09558521956205368,0.01453182753175497,0.04924317076802254,0.040884897112846375,0.04055650532245636,0.03342990204691887,0.07833598554134369,0.07742027193307877,0.10442347824573517,0.010563069023191929,0.0577252134680748
83,0.05384958162903786,0.010959584265947342,0.05526246502995491,0.03559737280011177,0.05980042368173599,0.05396532639861107,0.012048798613250256,0.07003431767225266,0.03858519718050957,0.09728050231933594,0.012216090224683285,0.08246490359306335,0.040837258100509644,0.037539757788181305,0.030120862647891045,0.08881731331348419,0.0783400759100914,0.0779382735490799,0.010915745049715042,0.05341833084821701
84,0.05111009255051613,0.010061745531857014,0.033802580088377,0.027358077466487885,0.08540257066488266,0.053929321467876434,0.014512879773974419,0.09698902815580368,0.03583712503314018,0.11356833577156067,0.015109549276530743,0.04619216173887253,0.03957679867744446,0.034883126616477966,0.028502793982625008,0.06696394830942154,0.07432390749454498,0.0932636559009552,0.010299724526703358,0.0683063194155693
85,0.04973018169403076,0.0099205756559968,0.03652321547269821,0.03992278128862381,0.0649932473897934,0.04253043234348297,0.018538542091846466,0.07029003649950027,0.0462418794631958,0.09055307507514954,0.017503373324871063,0.05171531066298485,0.03092312440276146,0.04186979681253433,0.04425020515918732,0.07633693516254425,0.08344873040914536,0.09631567448377609,0.012465983629226685,0.07592125236988068
86,0.05575407296419144,0.011760402470827103,0.038357801735401154,0.040794119238853455,0.0789085254073143,0.0575057715177536,0.01048638578504324,0.07220061868429184,0.03511803597211838,0.10823976993560791,0.013269998133182526,0.058605000376701355,0.04417816922068596,0.03426063060760498,0.030503377318382263,0.08353698998689651,0.07385382056236267,0.08023710548877716,0.014980331063270569,0.05744139477610588
87,0.06252001971006393,0.010152800008654594,0.04362088441848755,0.049234937876462936,0.047374092042446136,0.06361636519432068,0.013264809735119343,0.055730223655700684,0.05624194070696831,0.0607401467859745,0.011783583089709282,0.05472712218761444,0.059060171246528625,0.03971732035279274,0.03861526399850845,0.08962631970643997,0.09532754123210907,0.08588733524084091,0.0091163394972682,0.053636010736227036
88,0.058571603149175644,0.011842925101518631,0.07256504148244858,0.04835694655776024,0.04791058972477913,0.09469442814588547,0.01740383356809616,0.03533429279923439,0.04225992411375046,0.04755101725459099,0.011346263810992241,0.09260642528533936,0.03723226115107536,0.04653972014784813,0.037958916276693344,0.10683828592300415,0.07455315440893173,0.05324481800198555,0.008082658052444458,0.05510032922029495
89,0.04877208173274994,0.006951439194381237,0.02661585621535778,0.020311973989009857,0.05774865671992302,0.048574093729257584,0.010623356327414513,0.04785308614373207,0.031594954431056976,0.0644432082772255,0.012410974130034447,0.03794511407613754,0.03675541281700134,0.02520085871219635,0.029770558699965477,0.17713551223278046,0.20312091708183289,0.0617884062230587,0.009663736447691917,0.04271283373236656
90,0.045030415058135986,0.012792211957275867,0.03569908067584038,0.028415724635124207,0.11204231530427933,0.0362093448638916,0.012777806259691715,0.10047803819179535,0.029111944139003754,0.1149640679359436,0.019330671057105064,0.0357334166765213,0.022146545350551605,0.028530940413475037,0.026216037571430206,0.0558181032538414,0.06478607654571533,0.1131257489323616,0.019966265186667442,0.08681870251893997
91,0.0521729439496994,0.016046442091464996,0.017911413684487343,0.020680727437138557,0.09895820915699005,0.02867952734231949,0.012267685495316982,0.11033251881599426,0.022379165515303612,0.13729673624038696,0.019742637872695923,0.024070048704743385,0.02064209058880806,0.02427121438086033,0.028447601944208145,0.052333686500787735,0.060482025146484375,0.12485139071941376,0.024085966870188713,0.10434292256832123
92,0.03616669774055481,0.012388457544147968,0.01812508888542652,0.01716524362564087,0.13003258407115936,0.021947186440229416,0.010067615658044815,0.13097889721393585,0.018403837457299232,0.1417287141084671,0.01931403949856758,0.04805470257997513,0.017596637830138206,0.019153118133544922,0.02218502014875412,0.045286353677511215,0.0491839237511158,0.12181127071380615,0.019825739786028862,0.10058042407035828
93,0.04536779224872589,0.016806384548544884,0.03258645161986351,0.0350053533911705,0.05882309377193451,0.03691649064421654,0.014353364706039429,0.07659123092889786,0.03098035603761673,0.08211429417133331,0.01529193390160799,0.15053583681583405,0.023820972070097923,0.030871596187353134,0.02791335992515087,0.06465532630681992,0.06779183447360992,0.09096520394086838,0.013416181318461895,0.08518917113542557
94,0.053233180195093155,0.010114390403032303,0.04236689582467079,0.035350386053323746,0.07798251509666443,0.05487777665257454,0.016448456794023514,0.05846213921904564,0.03829773887991905,0.07445677369832993,0.01326705701649189,0.05004964396357536,0.05451751872897148,0.03347523510456085,0.035583917051553726,0.08397649973630905,0.07926802337169647,0.08438048511743546,0.01783716306090355,0.08604900538921356
95,0.04696274548768997,0.011784729547798634,0.07787761092185974,0.03422645106911659,0.08615750819444656,0.048545822501182556,0.012528068386018276,0.06162268668413162,0.031199514865875244,0.0847209244966507,0.01194120105355978,0.06999626010656357,0.05173120275139809,0.02789599820971489,0.024244274944067,0.08632201701402664,0.07635731995105743,0.07651656866073608,0.012841363437473774,0.06652302294969559
96,0.04368046671152115,0.011066237464547157,0.07796108722686768,0.04195655137300491,0.04992297664284706,0.051345277577638626,0.009247854351997375,0.04990474507212639,0.025328274816274643,0.07030515372753143,0.010099915787577629,0.16600126028060913,0.04911458119750023,0.027734538540244102,0.02037719450891018,0.09517492353916168,0.08144178986549377,0.06262499839067459,0.010194068774580956,0.046511486172676086
97,0.050489604473114014,0.01371490303426981,0.06272374093532562,0.041066352277994156,0.04766229912638664,0.07367094606161118,0.013334919698536396,0.03993915766477585,0.053202252835035324,0.045130882412195206,0.0071609485894441605,0.09572003781795502,0.06540931761264801,0.039054617285728455,0.03342335298657417,0.1157451942563057,0.09472153335809708,0.0465424619615078,0.007622369099408388,0.053658775985240936
98,0.04752124845981598,0.011847368441522121,0.06389119476079941,0.04708375409245491,0.05604460462927818,0.07828137278556824,0.013097087852656841,0.05763542279601097,0.029461504891514778,0.07608050853013992,0.012604302726686,0.07278930395841599,0.05783110857009888,0.04006930813193321,0.031488072127103806,0.08914218842983246,0.07946878671646118,0.06977533549070358,0.010861382819712162,0.05502032861113548
99,0.057615727186203,0.008534817956387997,0.04529472067952156,0.041920389980077744,0.06963792443275452,0.05557255074381828,0.014150530099868774,0.07077522575855255,0.033738259226083755,0.11066673696041107,0.016001379117369652,0.04926086589694023,0.04838011786341667,0.03888988867402077,0.028886672109365463,0.07561209797859192,0.08109049499034882,0.096094511449337,0.012755963951349258,0.045115962624549866
100,0.049785010516643524,0.01710687391459942,0.05904487892985344,0.052002258598804474,0.058796923607587814,0.07890959829092026,0.011228974908590317,0.05824032425880432,0.039421893656253815,0.07785671949386597,0.009098679758608341,0.06511442363262177,0.05682991445064545,0.04218396916985512,0.029191503301262856,0.08357270807027817,0.07573196291923523,0.07652492821216583,0.011004148982465267,0.048347219824790955
101,0.033107101917266846,0.0071970997378230095,0.04586748406291008,0.033307820558547974,0.05202173814177513,0.049992501735687256,0.012439506128430367,0.04305979982018471,0.029973279684782028,0.05848492309451103,0.006565160118043423,0.05564959719777107,0.04631255567073822,0.031188318505883217,0.022124776616692543,0.16677311062812805,0.19743944704532623,0.046238936483860016,0.00999586284160614,0.052254192531108856
102,0.050625912845134735,0.008493746630847454,0.0807439535856247,0.04489089548587799,0.05071822553873062,0.0829838216304779,0.02118569426238537,0.035037633031606674,0.03945145010948181,0.050748810172080994,0.009311988949775696,0.10656946897506714,0.04385144263505936,0.039778415113687515,0.03725506365299225,0.10858768224716187,0.06727080047130585,0.04815221577882767,0.00941394828259945,0.06492140889167786
103,0.06404375284910202,0.009184333495795727,0.04481971263885498,0.029602698981761932,0.07479865103960037,0.07891757041215897,0.01942768320441246,0.049458734691143036,0.033694133162498474,0.08596890419721603,0.018442777916789055,0.06356993317604065,0.04622281342744827,0.03590866178274155,0.03227473422884941,0.09302234649658203,0.0712713673710823,0.0703062042593956,0.01452543679624796,0.06453273445367813
104,0.06268497556447983,0.011717913672327995,0.0486048124730587,0.04196125268936157,0.06767328828573227,0.061870843172073364,0.020092511549592018,0.054630134254693985,0.04383855685591698,0.07000331580638885,0.01601802371442318,0.06167416274547577,0.03371766582131386,0.04080744460225105,0.046817049384117126,0.08497064560651779,0.07551179081201553,0.07637445628643036,0.014723061583936214,0.06630279868841171
105,0.061584386974573135,0.014456694945693016,0.04115265607833862,0.0294711422175169,0.06769552081823349,0.055539365857839584,0.0185101218521595,0.06997311115264893,0.04298923537135124,0.08073820173740387,0.018003569915890694,0.06001846492290497,0.03720850870013237,0.03411475196480751,0.0399056039750576,0.08199115097522736,0.0725150853395462,0.08096211403608322,0.019118990749120712,0.07404640316963196
106,0.0402311347424984,0.013670290820300579,0.045551639050245285,0.030002793297171593,0.04811421036720276,0.04417213797569275,0.01391792856156826,0.04232368618249893,0.035175614058971405,0.05279847979545593,0.009828358888626099,0.2698681056499481,0.049167633056640625,0.027731891721487045,0.030119553208351135,0.07438553124666214,0.05908868461847305,0.04968918114900589,0.00908614881336689,0.05507248267531395
107,0.046441759914159775,0.00843119528144598,0.04776395857334137,0.03467578813433647,0.03901401907205582,0.06060917302966118,0.014618122018873692,0.03285660222172737,0.041753385215997696,0.04688528552651405,0.009186472743749619,0.2676488161087036,0.04733854904770851,0.03407854586839676,0.0349617674946785,0.07249625027179718,0.060933876782655716,0.04449538514018059,0.008361625485122204,0.047445353120565414
108,0.055086854845285416,0.012315329164266586,0.04431690275669098,0.03677856922149658,0.06934312731027603,0.06523152440786362,0.01590396836400032,0.05368249490857124,0.052308838814496994,0.07034094631671906,0.014328769408166409,0.06388592720031738,0.04383011534810066,0.03871292620897293,0.04117865115404129,0.08465097844600677,0.07303304225206375,0.07341048866510391,0.01409910712391138,0.07755525410175323
109,0.04807057976722717,0.02355748601257801,0.054770179092884064,0.03488311544060707,0.05512581765651703,0.05378347262740135,0.016075991094112396,0.052099112421274185,0.05439319461584091,0.06666982918977737,0.009566888213157654,0.0753587856888771,0.05572881922125816,0.036165837198495865,0.04167172312736511,0.09461185336112976,0.08422454446554184,0.07138345390558243,0.011484842747449875,0.060367632657289505
110,0.051793504506349564,0.02962532266974449,0.04015503451228142,0.030097465962171555,0.07335963100194931,0.045187219977378845,0.011347397230565548,0.06295210868120193,0.05334704369306564,0.0784144476056099,0.008479399606585503,0.07357558608055115,0.054994165897369385,0.028412070125341415,0.03340460732579231,0.09164085984230042,0.07781331241130829,0.07070719450712204,0.012828804552555084,0.07185779511928558
111,0.04590354859828949,0.019075820222496986,0.07023432105779648,0.04186088591814041,0.061513613909482956,0.048071540892124176,0.012489864602684975,0.05776113644242287,0.03811509907245636,0.07328538596630096,0.008818595670163631,0.0771649181842804,0.0622398667037487,0.036968570202589035,0.025809776037931442,0.09503728151321411,0.0890505462884903,0.068621926009655,0.009845389053225517,0.058125872164964676
112,0.04291391745209694,0.03197937831282616,0.038807462900877,0.02984638884663582,0.05797267705202103,0.10445297509431839,0.008869236335158348,0.03691963851451874,0.05037720501422882,0.07289277762174606,0.008469521068036556,0.15560688078403473,0.05109572410583496,0.029899274930357933,0.035521525889635086,0.08076752722263336,0.0652514398097992,0.04339933395385742,0.009298042394220829,0.045649103820323944
113,0.055603332817554474,0.027267271652817726,0.04219840094447136,0.03489403426647186,0.05442490428686142,0.05577531084418297,0.011199000291526318,0.04524566978216171,0.06771156936883926,0.060456737875938416,0.008468760177493095,0.07414862513542175,0.054179947823286057,0.04511355608701706,0.04479314386844635,0.10756273567676544,0.09299817681312561,0.06186353787779808,0.008923601359128952,0.047163624316453934
114,0.04214432090520859,0.028151052072644234,0.03845854848623276,0.028000082820653915,0.05920228362083435,0.05023520067334175,0.01489936001598835,0.05723712220788002,0.04750487208366394,0.0690586194396019,0.010220433585345745,0.13502618670463562,0.05560813844203949,0.034962285310029984,0.040796928107738495,0.07608659565448761,0.07783424854278564,0.061921652406454086,0.009741805493831635,0.06290276348590851
115,0.06440087407827377,0.023332465440034866,0.03519955277442932,0.02717515453696251,0.05041160807013512,0.0636487528681755,0.023931069299578667,0.04230068251490593,0.06675372272729874,0.05764557793736458,0.011811193078756332,0.07224790751934052,0.06462495028972626,0.03960449993610382,0.05861085653305054,0.08889520913362503,0.07155901193618774,0.06270123273134232,0.010071076452732086,0.06506849080324173
116,0.05446871370077133,0.018139470368623734,0.03597307950258255,0.038765158504247665,0.04902953281998634,0.05759826675057411,0.02917732484638691,0.03106709197163582,0.07652579247951508,0.05108155310153961,0.012456604279577732,0.0669839158654213,0.044712770730257034,0.056529052555561066,0.07159419357776642,0.08780879527330399,0.07708919793367386,0.047930747270584106,0.01063227467238903,0.08242706954479218
117,0.05984845757484436,0.023073701187968254,0.0229553934186697,0.020972471684217453,0.10313788056373596,0.0414608009159565,0.018215807154774666,0.07984049618244171,0.030994778499007225,0.11221067607402802,0.02055676281452179,0.03614227473735809,0.03288384899497032,0.029505811631679535,0.035291027277708054,0.057255540043115616,0.06328524649143219,0.10604701936244965,0.0195700041949749,0.08674296736717224
118,0.05800821632146835,0.020629040896892548,0.02381429262459278,0.03563758358359337,0.08094269037246704,0.03124178946018219,0.018722839653491974,0.059648528695106506,0.04920909181237221,0.08984401822090149,0.0167592391371727,0.03716854006052017,0.022261226549744606,0.04321568086743355,0.051058053970336914,0.0680280551314354,0.09603557735681534,0.09048611670732498,0.02006523683667183,0.08721698820590973
119,0.04992850497364998,0.017759334295988083,0.019828714430332184,0.021087074652314186,0.11870358139276505,0.02787957713007927,0.01269557885825634,0.10029588639736176,0.03079034946858883,0.13079282641410828,0.019321873784065247,0.030140096321702003,0.028299201279878616,0.029292521998286247,0.034094374626874924,0.05677790194749832,0.0639437884092331,0.1145145446062088,0.014579232782125473,0.079269178211689
120,0.05557721108198166,0.019746335223317146,0.02069493941962719,0.03297565132379532,0.08868604153394699,0.041959840804338455,0.01637366972863674,0.05775810778141022,0.04666212201118469,0.07833889126777649,0.013021642342209816,0.039423100650310516,0.048760343343019485,0.0459396168589592,0.04545646533370018,0.07837320864200592,0.07624664902687073,0.08049415796995163,0.021189317107200623,0.09231851994991302
121,0.054681189358234406,0.010167243890464306,0.0910915955901146,0.04183100163936615,0.05201508104801178,0.04671049118041992,0.023681825026869774,0.024958830326795578,0.04792498052120209,0.05048901215195656,0.010986214503645897,0.10072072595357895,0.030133243650197983,0.04808427393436432,0.046013109385967255,0.09309166669845581,0.08417819440364838,0.0521240271627903,0.008506497368216515,0.08260675519704819
122,0.055801473557949066,0.006174137815833092,0.027200134471058846,0.02893809601664543,0.06095927953720093,0.02994990348815918,0.013002735562622547,0.059585392475128174,0.022861192002892494,0.14161841571331024,0.026881223544478416,0.0754968598484993,0.08550330996513367,0.02148931846022606,0.02305196411907673,0.059379011392593384,0.11782611906528473,0.07769609987735748,0.00887718703597784,0.0577026903629303
123,0.10366722196340561,0.029181696474552155,0.06817001849412918,0.07017029076814651,0.03380640223622322,0.09457321465015411,0.010367129929363728,0.04360987991094589,0.0692502036690712,0.06208095699548721,0.01045545469969511,0.07742726057767868,0.018535682931542397,0.05811736732721329,0.03816599026322365,0.06306523829698563,0.03940404951572418,0.07277228683233261,0.004614705219864845,0.03255844861268997
124,0.0458405502140522,0.011359752155840397,0.05690523982048035,0.042788807302713394,0.019626978784799576,0.07634847611188889,0.006566081196069717,0.018204111605882645,0.045452363789081573,0.03248712047934532,0.004587855655699968,0.07422153651714325,0.03696828708052635,0.0353560745716095,0.02522994950413704,0.146893709897995,0.26829248666763306,0.02967502363026142,0.003715828061103821,0.019472861662507057
125,0.05515183135867119,0.014299088157713413,0.10297070443630219,0.06587962061166763,0.02536379173398018,0.13363686203956604,0.021941138431429863,0.019914699718356133,0.06576195359230042,0.03690948337316513,0.009204301983118057,0.12413379549980164,0.02556491829454899,0.048803918063640594,0.03895081207156181,0.09663377702236176,0.05336622893810272,0.03315083310008049,0.004637620411813259,0.0237180907279253
126,0.06603346019983292,0.010539080016314983,0.06686082482337952,0.18084284663200378,0.014781045727431774,0.019762873649597168,0.009970150887966156,0.021689508110284805,0.08217766135931015,0.029299065470695496,0.005130356643348932,0.05218778923153877,0.025396639481186867,0.08947469294071198,0.029288241639733315,0.1129080131649971,0.1277930736541748,0.03776286914944649,0.0024230920244008303,0.01567153073847294
127,0.05286411941051483,0.00983196310698986,0.05811671167612076,0.060036785900592804,0.04623864218592644,0.0405234694480896,0.014088895171880722,0.04353605583310127,0.052718210965394974,0.05991146340966225,0.010877310298383236,0.06358446180820465,0.05726407840847969,0.04919733107089996,0.03740318864583969,0.07948940247297287,0.15486794710159302,0.058025769889354706,0.011453507468104362,0.03996240720152855
128,0.028900882229208946,0.005431626457720995,0.041729483753442764,0.1473485380411148,0.026670081540942192,0.01934751123189926,0.016651686280965805,0.025152841582894325,0.05060093477368355,0.045287542045116425,0.00879098754376173,0.037157271057367325,0.0051572746597230434,0.07301055639982224,0.03527821972966194,0.1161022037267685,0.2025170773267746,0.04394412040710449,0.006616548635065556,0.06429716944694519
129,0.07386738806962967,0.008487514220178127,0.09410268813371658,0.0500556156039238,0.026887336745858192,0.12616297602653503,0.022832877933979034,0.015509315766394138,0.0624435655772686,0.030696136876940727,0.00797488633543253,0.07444287836551666,0.08250904828310013,0.04560629650950432,0.05599494278430939,0.10383977741003036,0.05005846917629242,0.025860285386443138,0.006537410896271467,0.03612365201115608
130,0.029670123010873795,0.009954177774488926,0.22912061214447021,0.060265060514211655,0.020782705396413803,0.10072622448205948,0.015582652762532234,0.01653912104666233,0.035517994314432144,0.023699481040239334,0.005747891962528229,0.18945838510990143,0.03144657611846924,0.032022953033447266,0.027798546478152275,0.07613001018762589,0.040511295199394226,0.02132163569331169,0.00360571825876832,0.030089423060417175
131,0.05363572761416435,0.021876437589526176,0.053257543593645096,0.05364352464675903,0.062318962067365646,0.060451190918684006,0.023598995059728622,0.06426630169153214,0.05567470192909241,0.07459971308708191,0.01530374400317669,0.05647502467036247,0.055109653621912,0.04084660857915878,0.03655482828617096,0.06838124245405197,0.05663227662444115,0.08327489346265793,0.008860810659825802,0.0552293136715889
132,0.054622769355773926,0.013316811062395573,0.09593001008033752,0.046707794070243835,0.03498926758766174,0.10221018642187119,0.01880643703043461,0.027309177443385124,0.04409046843647957,0.047099519520998,0.009856963530182838,0.10302532464265823,0.06712652742862701,0.041034236550331116,0.037137240171432495,0.09658312052488327,0.06681361049413681,0.04493909701704979,0.007370478473603725,0.04102303087711334
133,0.051182426512241364,0.009626083076000214,0.05372491106390953,0.03678184375166893,0.04914172366261482,0.08826970309019089,0.01450760755687952,0.04931619018316269,0.06179476156830788,0.0630035325884819,0.01175667718052864,0.08462182432413101,0.05320735648274422,0.038547221571207047,0.040880005806684494,0.09303870797157288,0.08414804190397263,0.06031554564833641,0.007993451319634914,0.04813652113080025
134,0.047431815415620804,0.014772557653486729,0.08820575475692749,0.051989421248435974,0.025411667302250862,0.08481364697217941,0.015157686546444893,0.03180190920829773,0.0635041892528534,0.03965165838599205,0.007872683927416801,0.08239520341157913,0.06527595221996307,0.044323235750198364,0.042240750044584274,0.10311014205217361,0.08840923011302948,0.05376172438263893,0.007473074831068516,0.042389944195747375
135,0.04326678067445755,0.013203348964452744,0.056397318840026855,0.03959636390209198,0.044759947806596756,0.07295385748147964,0.0142035698518157,0.04679669067263603,0.0697891041636467,0.05283390358090401,0.009401466697454453,0.09574573487043381,0.04726654291152954,0.043978773057460785,0.04044749587774277,0.10451105237007141,0.09730613976716995,0.05714571848511696,0.007534712553024292,0.04285398870706558
136,0.05405062437057495,0.01585480384528637,0.04970255866646767,0.04857374355196953,0.04216885566711426,0.06192713975906372,0.011769288219511509,0.048329129815101624,0.062086284160614014,0.06395860016345978,0.008311222307384014,0.06669136881828308,0.06591649353504181,0.04503427445888519,0.03809964656829834,0.0976904034614563,0.09583205729722977,0.07174643129110336,0.0081978440284729,0.04404962807893753
137,0.05111238732933998,0.011355282738804817,0.05745074152946472,0.041222065687179565,0.06313034147024155,0.07025925815105438,0.01698296144604683,0.044392459094524384,0.05674320459365845,0.05906496196985245,0.010376396588981152,0.06769795715808868,0.0542236864566803,0.03725915029644966,0.046879883855581284,0.09635235369205475,0.072904571890831,0.06291837245225906,0.009635178372263908,0.07003269344568253
138,0.06278251111507416,0.015898730605840683,0.04545748233795166,0.04023362696170807,0.05409683659672737,0.06631044298410416,0.01611481048166752,0.05922993645071983,0.04941929131746292,0.08487699180841446,0.014117234386503696,0.05879615247249603,0.03943860903382301,0.05036940798163414,0.0385003425180912,0.0917602926492691,0.07950515300035477,0.07529810816049576,0.008711879141628742,0.04907354712486267
139,0.046714846044778824,0.017681075260043144,0.04612818732857704,0.0341809019446373,0.035448651760816574,0.07971826195716858,0.015083572827279568,0.040956635028123856,0.05644427239894867,0.053495004773139954,0.010486065410077572,0.06280167400836945,0.03904040902853012,0.039694130420684814,0.04284261167049408,0.10269659757614136,0.16327762603759766,0.05785100907087326,0.008099851198494434,0.04735037684440613
140,0.05064673721790314,0.02145998924970627,0.038745537400245667,0.029167748987674713,0.057780131697654724,0.046510640531778336,0.0141810467466712,0.0668766051530838,0.062380287796258926,0.07940563559532166,0.012940507382154465,0.07319638878107071,0.0347982719540596,0.03687793016433716,0.04961583763360977,0.09238136559724808,0.08099064975976944,0.08357970416545868,0.010794266127049923,0.05765700340270996
141,0.05453864485025406,0.047677211463451385,0.03175890073180199,0.025104200467467308,0.07312437891960144,0.07007725536823273,0.015467186458408833,0.06767957657575607,0.042314980179071426,0.07560310512781143,0.01543283462524414,0.05046530440449715,0.048518106341362,0.028055040165781975,0.03731270134449005,0.07262585312128067,0.0723661258816719,0.09286762773990631,0.012126283720135689,0.06686816364526749
142,0.0687355175614357,0.017567891627550125,0.03730607405304909,0.028053298592567444,0.05481695011258125,0.08143765479326248,0.02345452643930912,0.040770597755908966,0.04564175754785538,0.0674506276845932,0.017360327765345573,0.06452268362045288,0.06318195909261703,0.036696381866931915,0.057555072009563446,0.08633953332901001,0.07937369495630264,0.06561696529388428,0.010949491523206234,0.05315960943698883
143,0.046939998865127563,0.02730783447623253,0.025353260338306427,0.020649012178182602,0.10387926548719406,0.05935525894165039,0.013441620394587517,0.09145990014076233,0.034998029470443726,0.11021731793880463,0.018308376893401146,0.038814153522253036,0.02967551350593567,0.026327580213546753,0.03371879458427429,0.05535396561026573,0.05570128187537193,0.1143406480550766,0.01601569540798664,0.0781317725777626
144,0.04649806022644043,0.03278841823339462,0.023041177541017532,0.023439090698957443,0.10358186066150665,0.033299777656793594,0.0153010543435812,0.09003894031047821,0.036512065678834915,0.0871741846203804,0.015687447041273117,0.03577405586838722,0.024681242182850838,0.02856258489191532,0.035101111978292465,0.058084629476070404,0.07025843858718872,0.1150330975651741,0.02372686006128788,0.10140621662139893
145,0.03888579085469246,0.03498552367091179,0.03299746662378311,0.024990832433104515,0.11684724688529968,0.03487768396735191,0.014931969344615936,0.09492276608943939,0.021946176886558533,0.1093129888176918,0.015259253792464733,0.039153557270765305,0.027852822095155716,0.026644347235560417,0.024025224149227142,0.05226849019527435,0.05837583169341087,0.10696270316839218,0.019938252866268158,0.1048138290643692
146,0.041810911148786545,0.033105190843343735,0.09135516732931137,0.024953125044703484,0.09400338679552078,0.04091989994049072,0.015343867242336273,0.057825177907943726,0.021626295521855354,0.09408942610025406,0.013502290472388268,0.07765192538499832,0.034284669905900955,0.025494368746876717,0.022583087906241417,0.07946687936782837,0.058273445814847946,0.07688494026660919,0.018618693575263023,0.07820042222738266
147,0.05300424247980118,0.03948758915066719,0.0350407212972641,0.034796684980392456,0.08029578626155853,0.047843631356954575,0.015682877972722054,0.058087319135665894,0.03411341458559036,0.08673685789108276,0.012730595655739307,0.048261530697345734,0.0844336748123169,0.03245973587036133,0.02986680530011654,0.07753701508045197,0.059040434658527374,0.07640226185321808,0.01976184919476509,0.07440992444753647
148,0.061057671904563904,0.027965597808361053,0.04697749763727188,0.03861938789486885,0.068442203104496,0.06672896444797516,0.012519330717623234,0.058415453881025314,0.026214048266410828,0.07557371258735657,0.01179722510278225,0.06645628064870834,0.0365496389567852,0.03328070417046547,0.021327024325728416,0.08911026269197464,0.09342150390148163,0.08615601807832718,0.012332108803093433,0.06704548746347427
149,0.047035153955221176,0.03616888448596001,0.0476602241396904,0.03214867413043976,0.059515371918678284,0.11777155846357346,0.00996234081685543,0.048509832471609116,0.029259949922561646,0.07507740706205368,0.013247859664261341,0.10312129557132721,0.03606129810214043,0.025853905826807022,0.024381309747695923,0.08738507330417633,0.08342944830656052,0.059751227498054504,0.013984241522848606,0.04966599866747856
150,0.06356988847255707,0.058967966586351395,0.039211079478263855,0.031066030263900757,0.06447163224220276,0.11946292221546173,0.011432845145463943,0.07427971810102463,0.03856975957751274,0.0719110295176506,0.014093674719333649,0.07530904561281204,0.014866634272038937,0.03600984439253807,0.03011319413781166,0.06101570650935173,0.04452239349484444,0.08823971450328827,0.01112520694732666,0.05174920707941055
151,0.024182552471756935,0.009857892990112305,0.01626853458583355,0.01509387232363224,0.0925297960639,0.022330349311232567,0.007960434071719646,0.13476839661598206,0.019516177475452423,0.18533946573734283,0.0199555866420269,0.024884356185793877,0.017829114571213722,0.017876241356134415,0.016653403639793396,0.04942820221185684,0.1350519210100174,0.09871218353509903,0.020951159298419952,0.07080331444740295
152,0.03545120730996132,0.06104857102036476,0.017056196928024292,0.01982995867729187,0.12190321832895279,0.02620181255042553,0.010383549146354198,0.11172761768102646,0.02358013205230236,0.1300623118877411,0.016945159062743187,0.022370532155036926,0.010956990532577038,0.02085566520690918,0.028519868850708008,0.04637039452791214,0.05027823522686958,0.1153426468372345,0.036692064255476,0.09440845996141434
153,0.038328852504491806,0.03758711740374565,0.020982341840863228,0.018705207854509354,0.11260499060153961,0.027070708572864532,0.012333342805504799,0.1339966058731079,0.02549014613032341,0.09716862440109253,0.015526143833994865,0.03186187148094177,0.025319216772913933,0.017987696453928947,0.02347566932439804,0.06621208041906357,0.07181208580732346,0.11497915536165237,0.020562773570418358,0.08798416703939438
154,0.04744598641991615,0.018854739144444466,0.007894936017692089,0.008650656789541245,0.11682651191949844,0.020561136305332184,0.00814893376082182,0.16910572350025177,0.012950134463608265,0.16541333496570587,0.0297382902354002,0.013953465968370438,0.012949506752192974,0.010942276567220688,0.014717879705131054,0.03316753730177879,0.041420239955186844,0.1820492148399353,0.01511100959032774,0.0700923502445221
155,0.04288434237241745,0.02893371880054474,0.016252469271421432,0.011542635038495064,0.1359502673149109,0.03513830527663231,0.010821293108165264,0.13477756083011627,0.0198277048766613,0.12038625031709671,0.02631998062133789,0.03250163793563843,0.01976659707725048,0.014131434261798859,0.026289599016308784,0.04574788734316826,0.04782551899552345,0.13522407412528992,0.017450017854571342,0.07821831107139587
156,0.048106592148542404,0.04196498170495033,0.024160167202353477,0.020057523623108864,0.09471456706523895,0.0485062375664711,0.018197523429989815,0.07610444724559784,0.03956502303481102,0.09476243704557419,0.017051134258508682,0.040861740708351135,0.03755968436598778,0.02597426064312458,0.05184795707464218,0.06630659848451614,0.06432975828647614,0.09620113670825958,0.01785661280155182,0.07585813850164413
157,0.03755846247076988,0.06560635566711426,0.02910223975777626,0.01897319406270981,0.10681319981813431,0.042971521615982056,0.012448711320757866,0.08551342785358429,0.032594259828329086,0.0915016382932663,0.014219563454389572,0.06215886026620865,0.03446557745337486,0.023360855877399445,0.033010728657245636,0.0665673315525055,0.055615123361349106,0.08318780362606049,0.021251367405056953,0.0830659568309784
158,0.03503797575831413,0.11238424479961395,0.025169942528009415,0.016278814524412155,0.10260044038295746,0.03548450395464897,0.01072603464126587,0.08280270546674728,0.032148558646440506,0.10295084118843079,0.012524886056780815,0.04484638571739197,0.03854857757687569,0.02148907072842121,0.029552675783634186,0.06501384824514389,0.05232567340135574,0.08033759891986847,0.020609363913536072,0.07915857434272766
159,0.04134565219283104,0.12359733134508133,0.03085009939968586,0.01846514269709587,0.08718101680278778,0.04434720426797867,0.013797939755022526,0.0665191113948822,0.03278766945004463,0.09092055261135101,0.013659875839948654,0.04468543827533722,0.03569478169083595,0.025119241327047348,0.034159932285547256,0.07530326396226883,0.06238618120551109,0.07656552642583847,0.012651517055928707,0.06995496898889542
160,0.05316208302974701,0.04554186016321182,0.041496820747852325,0.026745619252324104,0.06904559582471848,0.05275115370750427,0.012166258879005909,0.062056202441453934,0.04694400727748871,0.08672760426998138,0.013030617497861385,0.06145035848021507,0.05585803836584091,0.029328249394893646,0.03617839515209198,0.08902096748352051,0.08170636743307114,0.07554581016302109,0.009797006845474243,0.051438089460134506
161,0.05955886468291283,0.03170035034418106,0.03852478787302971,0.03440891206264496,0.05808699131011963,0.07238969206809998,0.009274131618440151,0.05362498387694359,0.04930293560028076,0.0836423709988594,0.011504579335451126,0.06261774152517319,0.05716931074857712,0.03508348390460014,0.03559008613228798,0.10125535726547241,0.08320610225200653,0.06857422739267349,0.011164447292685509,0.04330941662192345
162,0.06470916420221329,0.01319535356014967,0.04290016368031502,0.04349268600344658,0.054398082196712494,0.08313043415546417,0.011548162437975407,0.04118616506457329,0.05789421498775482,0.07148590683937073,0.011792926117777824,0.05785622075200081,0.04876983165740967,0.044470857828855515,0.03983865678310394,0.10031931102275848,0.08648231625556946,0.06726844608783722,0.008487904444336891,0.05076296627521515
163,0.04118224233388901,0.011718236841261387,0.0548885203897953,0.035520024597644806,0.03800328075885773,0.09548956900835037,0.010449428111314774,0.03705834597349167,0.053040359169244766,0.0508912019431591,0.00834231823682785,0.20138263702392578,0.049691878259181976,0.03645379841327667,0.03288429602980614,0.08494707196950912,0.06600527465343475,0.04804343730211258,0.006403155624866486,0.03759634122252464
164,0.06697241961956024,0.049537837505340576,0.03655996173620224,0.044282376766204834,0.07199543714523315,0.07558584213256836,0.010315769352018833,0.07700774073600769,0.05161789432168007,0.09107086807489395,0.01693776436150074,0.05444781482219696,0.019577374681830406,0.050955478101968765,0.03795379772782326,0.04222477599978447,0.036189161241054535,0.10001267492771149,0.012006063014268875,0.05473573878407478
165,0.041131455451250076,0.008216455578804016,0.048681214451789856,0.03334645926952362,0.03992946073412895,0.046418849378824234,0.014820230193436146,0.04304807260632515,0.050307247787714005,0.053963158279657364,0.009766116738319397,0.05882847309112549,0.04431669041514397,0.033417958766222,0.038750067353248596,0.12507909536361694,0.1861456334590912,0.06423123925924301,0.008946558460593224,0.050648756325244904
166,0.05699043348431587,0.013585185632109642,0.033610954880714417,0.026790311560034752,0.08925685286521912,0.053672272711992264,0.011763408780097961,0.0947156623005867,0.032630693167448044,0.10608060657978058,0.01744942180812359,0.042763374745845795,0.025280237197875977,0.02429022267460823,0.030094489455223083,0.07621462643146515,0.06967209279537201,0.11380042135715485,0.016967661678791046,0.06436324864625931
167,0.055698007345199585,0.012992028146982193,0.05882865935564041,0.04617546498775482,0.04918593168258667,0.06768368184566498,0.01859976164996624,0.03927776217460632,0.04786498099565506,0.05733293667435646,0.011576998978853226,0.07307207584381104,0.050203289836645126,0.042520541697740555,0.03759700432419777,0.10301300138235092,0.08931826800107956,0.06382188200950623,0.009500216692686081,0.06573168188333511
168,0.04872646555304527,0.013200526125729084,0.0549512654542923,0.03563939407467842,0.07041588425636292,0.07024278491735458,0.014063265174627304,0.06683111190795898,0.04001934453845024,0.08176356554031372,0.016761859878897667,0.07891611009836197,0.04578852653503418,0.028442062437534332,0.035649288445711136,0.08104865252971649,0.07193241268396378,0.07602231204509735,0.011029615066945553,0.058547817170619965
169,0.046402707695961,0.026098396629095078,0.048341814428567886,0.030492810532450676,0.06743638962507248,0.07071173936128616,0.016522597521543503,0.05516468733549118,0.04505652189254761,0.0745728462934494,0.010695482604205608,0.07111538201570511,0.04960762709379196,0.03516289219260216,0.03889695182442665,0.09888163208961487,0.07458241283893585,0.06456217914819717,0.012320137582719326,0.06336674839258194
170,0.04796571657061577,0.013846421614289284,0.07002220302820206,0.04929782822728157,0.05258069932460785,0.08008242398500443,0.020345155149698257,0.03813110291957855,0.047070570290088654,0.058250654488801956,0.011869099922478199,0.0778396874666214,0.052912451326847076,0.041108306497335434,0.03817085549235344,0.09692312777042389,0.07674846053123474,0.05340439826250076,0.009943061508238316,0.0634806901216507
171,0.056231480091810226,0.013354619964957237,0.054848454892635345,0.04778367653489113,0.0527624636888504,0.07893623411655426,0.019494570791721344,0.05189813673496246,0.048230793327093124,0.07375619560480118,0.015365257859230042,0.0645262822508812,0.03992028161883354,0.04147038981318474,0.03900114819407463,0.09290692955255508,0.07938297837972641,0.06866716593503952,0.008080713450908661,0.05337604880332947
172,0.04204585775732994,0.011132336221635342,0.06809940189123154,0.04439449682831764,0.04943637177348137,0.0789983943104744,0.01602577045559883,0.05178491398692131,0.030329886823892593,0.06773193180561066,0.015051650814712048,0.06677192449569702,0.0872783437371254,0.03367220237851143,0.030734945088624954,0.09215941280126572,0.07743287086486816,0.06799835711717606,0.01082268450409174,0.05808870866894722
173,0.043834250420331955,0.0191225353628397,0.037680163979530334,0.033139023929834366,0.07751121371984482,0.052976273000240326,0.014654574915766716,0.08063042163848877,0.04028036817908287,0.09818647801876068,0.017343420535326004,0.0488986112177372,0.03470229730010033,0.03499239310622215,0.037699367851018906,0.07226381450891495,0.07102573662996292,0.09456676989793777,0.014760356396436691,0.0757238119840622
174,0.04414886236190796,0.023671835660934448,0.03941461071372032,0.04259669408202171,0.06448526680469513,0.044279832392930984,0.013919034041464329,0.06367747485637665,0.04681442677974701,0.0778847336769104,0.015006757341325283,0.046802960336208344,0.037164993584156036,0.03810890391469002,0.04342638701200485,0.07854830473661423,0.08693064004182816,0.09381351619958878,0.017736831679940224,0.08156199008226395
175,0.04657074809074402,0.020342407748103142,0.03181597590446472,0.029020145535469055,0.10254104435443878,0.039805151522159576,0.01020311564207077,0.09694995731115341,0.040866103023290634,0.11048800498247147,0.016477271914482117,0.04119988530874252,0.03850417956709862,0.028364786878228188,0.030187515541911125,0.06453930586576462,0.06183136999607086,0.10932876169681549,0.013669990003108978,0.06728935986757278
176,0.048091594129800797,0.021757889539003372,0.0447712205350399,0.03816267102956772,0.06333700567483902,0.04136982932686806,0.01971408538520336,0.05561210587620735,0.05640706419944763,0.07216676324605942,0.01485831756144762,0.060247451066970825,0.044149309396743774,0.03649870306253433,0.04985327646136284,0.07889789342880249,0.09179707616567612,0.07905594259500504,0.012630268931388855,0.07061588019132614
177,0.051850926131010056,0.031526193022727966,0.03239721059799194,0.03000154159963131,0.11565569043159485,0.04293465614318848,0.010489092208445072,0.08241477608680725,0.03407902643084526,0.10190874338150024,0.015296814031898975,0.042255718261003494,0.04285234585404396,0.0221266932785511,0.02796403504908085,0.07986268401145935,0.05591614171862602,0.08372493088245392,0.018288692459464073,0.07844724506139755
178,0.04458604007959366,0.024592598900198936,0.05379541590809822,0.03471487760543823,0.06219642609357834,0.040878746658563614,0.014095928519964218,0.0594942681491375,0.042858101427555084,0.06491640955209732,0.011582144536077976,0.08986369520425797,0.04041994363069534,0.036217644810676575,0.0374286025762558,0.10266291350126266,0.09566652029752731,0.07092732936143875,0.010282821021974087,0.0628124475479126
179,0.04271230474114418,0.02401033043861389,0.04389068856835365,0.025587404146790504,0.0884946957230568,0.0525466725230217,0.009051322005689144,0.09499935060739517,0.03129151463508606,0.10484321415424347,0.017873212695121765,0.05975249409675598,0.042273152619600296,0.024750543758273125,0.025669541209936142,0.06858539581298828,0.07317423820495605,0.08650930225849152,0.018282076343894005,0.06569492071866989
180,0.04483230784535408,0.03480259329080582,0.0314498208463192,0.026706498116254807,0.088784359395504,0.047714654356241226,0.013598131947219372,0.07322939485311508,0.0487036406993866,0.08712445199489594,0.01226173434406519,0.05969177931547165,0.041178714483976364,0.033475473523139954,0.03712452948093414,0.0773874968290329,0.06737910956144333,0.08574587851762772,0.012383140623569489,0.07641906291246414
181,0.04503213241696358,0.03263835236430168,0.04882363602519035,0.03220202401280403,0.07434945553541183,0.041158657521009445,0.012156248092651367,0.07445615530014038,0.03592316806316376,0.07759160548448563,0.010666633024811745,0.06398891657590866,0.05904403701424599,0.02897649072110653,0.03190626949071884,0.08592618256807327,0.09136546403169632,0.07883130013942719,0.012033541686832905,0.06292097270488739
182,0.03629722818732262,0.02033342979848385,0.022774478420615196,0.02442866936326027,0.10090991109609604,0.033881958574056625,0.013654576614499092,0.12054882198572159,0.024382688105106354,0.1292034238576889,0.0158473402261734,0.03414338454604149,0.03347883000969887,0.02293040230870247,0.02439412847161293,0.04778338223695755,0.061736706644296646,0.11786071211099625,0.017148246988654137,0.09825444221496582
183,0.04189363867044449,0.028583131730556488,0.06014411151409149,0.04504074901342392,0.06072969362139702,0.04300924390554428,0.014377829618752003,0.062452126294374466,0.04094894602894783,0.0647597461938858,0.010499924421310425,0.06150402873754501,0.040002480149269104,0.03847718611359596,0.03039809688925743,0.08982428163290024,0.09809217602014542,0.08343079686164856,0.010837409645318985,0.07498543709516525
184,0.04875640943646431,0.0357733890414238,0.036928512156009674,0.028140531852841377,0.09324806928634644,0.05913374572992325,0.01008356362581253,0.08154483139514923,0.023965923115611076,0.1049024760723114,0.012690797448158264,0.04847347363829613,0.05668771266937256,0.025711530819535255,0.02460748888552189,0.06637964397668839,0.05988238751888275,0.09224212914705276,0.01892680861055851,0.07191180437803268
185,0.044394493103027344,0.00910208746790886,0.03451645001769066,0.031646378338336945,0.04835466668009758,0.04338116943836212,0.008777243085205555,0.05687159299850464,0.03515643998980522,0.06832592189311981,0.008215636946260929,0.045428480952978134,0.033539436757564545,0.029083458706736565,0.027064133435487747,0.12454409897327423,0.2237727791070938,0.0674700140953064,0.009211582131683826,0.051137425005435944
186,0.04407821223139763,0.015371901914477348,0.054473623633384705,0.03789408877491951,0.07185675203800201,0.06232096627354622,0.01614144630730152,0.07333138585090637,0.026454264298081398,0.09008470177650452,0.013779577799141407,0.06445038318634033,0.05115741491317749,0.032993853092193604,0.027389688417315483,0.07258445024490356,0.07021047919988632,0.08785095810890198,0.011323057115077972,0.07624445110559464
187,0.06064528226852417,0.023488571867346764,0.045911725610494614,0.03176446631550789,0.06785283237695694,0.08346159011125565,0.013280417770147324,0.06860906630754471,0.027313726022839546,0.08138065785169601,0.013667916879057884,0.05949998274445534,0.0519486628472805,0.030712811276316643,0.027434445917606354,0.08147846907377243,0.06765756011009216,0.08751571923494339,0.011943734250962734,0.06442154198884964
188,0.03377996012568474,0.006571696139872074,0.06322289258241653,0.039061982184648514,0.02447930909693241,0.06328204274177551,0.013759307563304901,0.01605585217475891,0.04672500491142273,0.02048761211335659,0.005617286078631878,0.07265451550483704,0.06285397708415985,0.03520536795258522,0.03158601373434067,0.1544872373342514,0.24746756255626678,0.027112267911434174,0.004272949416190386,0.031310614198446274
189,0.05788561329245567,0.008259868249297142,0.05642177537083626,0.03416917845606804,0.06004583090543747,0.09146897494792938,0.023384682834148407,0.039498668164014816,0.031243925914168358,0.07635362446308136,0.016919149085879326,0.06435196101665497,0.05784183368086815,0.037654049694538116,0.037674855440855026,0.09559947997331619,0.06841343641281128,0.060442760586738586,0.013825531117618084,0.06853694468736649
190,0.050197530537843704,0.013299853540956974,0.0363873615860939,0.025950727984309196,0.08751284331083298,0.05957091599702835,0.014068701304495335,0.09674794971942902,0.0255975890904665,0.09648556262254715,0.02005094289779663,0.052373114973306656,0.05371958762407303,0.021278226748108864,0.02681361325085163,0.062123388051986694,0.06772366911172867,0.11367064714431763,0.010534830391407013,0.06588581204414368
191,0.04754092916846275,0.014849510043859482,0.06127278134226799,0.05301887169480324,0.03477993607521057,0.0695597231388092,0.02467573992908001,0.040517982095479965,0.04910580441355705,0.0380031056702137,0.00933769904077053,0.064973384141922,0.0353616364300251,0.043505650013685226,0.04545419290661812,0.09950732439756393,0.10229693353176117,0.07004959881305695,0.010791017673909664,0.08539099991321564
192,0.049320098012685776,0.010880697518587112,0.04686177149415016,0.04065103083848953,0.07809435576200485,0.05803942680358887,0.012627607211470604,0.07062243670225143,0.03034886345267296,0.0767664760351181,0.012477700598537922,0.05982551723718643,0.056557122617959976,0.0358138382434845,0.027942344546318054,0.0724177286028862,0.06741902977228165,0.10523147881031036,0.014004058204591274,0.0740920826792717
193,0.048787254840135574,0.010465607978403568,0.05254962667822838,0.07460460811853409,0.04497949779033661,0.05702301114797592,0.0146817397326231,0.04325143247842789,0.05614395812153816,0.06508973240852356,0.013651474379003048,0.04974675923585892,0.05407264828681946,0.05217964947223663,0.041000209748744965,0.08099163323640823,0.08790858089923859,0.08565936237573624,0.010251583531498909,0.05695684254169464
194,0.03250614181160927,0.009900555945932865,0.08939623832702637,0.0636693611741066,0.03137114644050598,0.06986252218484879,0.01664849743247032,0.028610507026314735,0.059775013476610184,0.032228365540504456,0.00835785549134016,0.10687176883220673,0.0948912650346756,0.039595067501068115,0.04786825552582741,0.0907067283987999,0.08267658948898315,0.04347662255167961,0.006250331643968821,0.04532984644174576
195,0.0625600665807724,0.012812760658562183,0.061443451792001724,0.06847861409187317,0.03694576770067215,0.06092417985200882,0.011483638547360897,0.044486336410045624,0.06485114991664886,0.039543215185403824,0.007886088453233242,0.0732526183128357,0.06441621482372284,0.04389079287648201,0.03625579550862312,0.11254861205816269,0.07997161149978638,0.07321251928806305,0.0049507408402860165,0.04007692635059357
196,0.03271341696381569,0.004672857001423836,0.07964683324098587,0.029888903722167015,0.02037700265645981,0.06068044528365135,0.009729593992233276,0.01651560142636299,0.029438171535730362,0.025070471689105034,0.0036131558008491993,0.08595097810029984,0.06183742731809616,0.02520979382097721,0.019271550700068474,0.2137749344110489,0.22959083318710327,0.022983981296420097,0.003638726891949773,0.025387980043888092
197,0.04338808357715607,0.012851789593696594,0.06320185959339142,0.04128200188279152,0.04890346899628639,0.15945066511631012,0.01335595641285181,0.0369153693318367,0.04808622971177101,0.06102752685546875,0.009480957873165607,0.07457200437784195,0.05098589137196541,0.038088660687208176,0.030489668250083923,0.0832848995923996,0.06597597151994705,0.057399649173021317,0.00763282086700201,0.053616710007190704
198,0.04068030044436455,0.008582456968724728,0.055294476449489594,0.05974503979086876,0.03032526560127735,0.046380601823329926,0.015247484669089317,0.041418928653001785,0.08870106935501099,0.03741753473877907,0.007828137837350368,0.08039897680282593,0.02556067332625389,0.05046974867582321,0.03404352068901062,0.12123844027519226,0.12669003009796143,0.0833892822265625,0.005407503340393305,0.041171394288539886
199,0.048984695225954056,0.012197239324450493,0.03350570425391197,0.03398352861404419,0.0685352012515068,0.050543162971735,0.014812303707003593,0.056087445467710495,0.03667508065700531,0.0986006110906601,0.014200235716998577,0.05098578706383705,0.04897007346153259,0.03874141350388527,0.036064811050891876,0.07555845379829407,0.08996298164129257,0.0863492488861084,0.024647438898682594,0.08058854192495346
200,0.06339131295681,0.007855492644011974,0.05119976028800011,0.04650039225816727,0.05003127455711365,0.06723852455615997,0.02510206028819084,0.03809405863285065,0.043426401913166046,0.06522904336452484,0.014240991324186325,0.05860408395528793,0.04488013684749603,0.046975843608379364,0.049129635095596313,0.08159177005290985,0.07563593983650208,0.07052848488092422,0.012208637781441212,0.08813028037548065
201,0.05037180334329605,0.0126432990655303,0.04266933724284172,0.02794475667178631,0.07887301594018936,0.06033392995595932,0.012343699112534523,0.08824392408132553,0.02834036387503147,0.1035277247428894,0.017909931018948555,0.05584748461842537,0.046762630343437195,0.025494160130620003,0.025120684877038002,0.06426703184843063,0.0632186233997345,0.11537439376115799,0.012507526203989983,0.06819844990968704
202,0.04480567201972008,0.012758942320942879,0.0609234943985939,0.047323551028966904,0.052847422659397125,0.06526488065719604,0.015919474884867668,0.05393717437982559,0.04151923209428787,0.05847648158669472,0.008767697028815746,0.07761536538600922,0.047880224883556366,0.03590631112456322,0.03190140053629875,0.09028495848178864,0.09620549529790878,0.0743599385023117,0.010551145300269127,0.07274507731199265
203,0.057012103497982025,0.00769857969135046,0.06423793733119965,0.043392203748226166,0.05548548698425293,0.06934189051389694,0.01951410621404648,0.03900206461548805,0.03418503701686859,0.06476953625679016,0.01059982180595398,0.07257755845785141,0.06478606164455414,0.039021085947752,0.037057213485240936,0.10133983194828033,0.0811648964881897,0.05906590074300766,0.011287093162536621,0.06845510005950928
204,0.048777010291814804,0.010136484168469906,0.05355305224657059,0.036028653383255005,0.054071079939603806,0.060931842774152756,0.015867134556174278,0.05113416537642479,0.04794883355498314,0.07146566361188889,0.011461558751761913,0.11212759464979172,0.05359843373298645,0.036324743181467056,0.039922695606946945,0.08881581574678421,0.07912427186965942,0.059933651238679886,0.009166453033685684,0.05960521101951599
205,0.05142465606331825,0.009317501448094845,0.06973112374544144,0.053434114903211594,0.04899846389889717,0.06951967626810074,0.010696695186197758,0.046671781688928604,0.04539480805397034,0.05909096449613571,0.008490140549838543,0.0829901322722435,0.04260918125510216,0.04084652662277222,0.0315992496907711,0.10238530486822128,0.11173916608095169,0.05463331937789917,0.008090111427009106,0.052329353988170624
206,0.05371507257223129,0.013265522196888924,0.053120702505111694,0.03936851769685745,0.059296105057001114,0.07716955989599228,0.02042238973081112,0.05384395271539688,0.04460803419351578,0.08077695220708847,0.010619950480759144,0.06964481621980667,0.036974433809518814,0.04504859074950218,0.03683220595121384,0.09388383477926254,0.07454581558704376,0.06503508239984512,0.007645939011126757,0.06417494267225266
207,0.04869240149855614,0.008214249275624752,0.07528331875801086,0.05101950466632843,0.041126687079668045,0.1008874773979187,0.01398731954395771,0.036171264946460724,0.06212083250284195,0.04937497898936272,0.008756645023822784,0.09707238525152206,0.05031897500157356,0.04264415428042412,0.04164212569594383,0.09050783514976501,0.08083809912204742,0.05352449044585228,0.008373378776013851,0.0394354984164238
208,0.055853649973869324,0.00704519497230649,0.05193602293729782,0.053993310779333115,0.06707129627466202,0.06722041964530945,0.010402150452136993,0.058287255465984344,0.041399456560611725,0.09208551049232483,0.010913749225437641,0.06689959764480591,0.037998318672180176,0.04465801641345024,0.03269268944859505,0.08323061466217041,0.07674547284841537,0.06964728236198425,0.014875444583594799,0.0570368655025959
209,0.05993548780679703,0.009342102333903313,0.04154299944639206,0.03507482632994652,0.060825131833553314,0.05976090952754021,0.017691463232040405,0.05793420597910881,0.043075334280729294,0.0912550538778305,0.014085914008319378,0.05135568976402283,0.051596518605947495,0.04093068838119507,0.04436854273080826,0.07931254059076309,0.07822329550981522,0.08039765805006027,0.011661441996693611,0.0716247484087944
210,0.04792235046625137,0.015016552060842514,0.04470432922244072,0.035980068147182465,0.08323001116514206,0.06194143369793892,0.012388207018375397,0.08277567476034164,0.031242994591593742,0.09681550413370132,0.01374089065939188,0.05669928714632988,0.043442487716674805,0.032386403530836105,0.032479334622621536,0.07563838362693787,0.06678270548582077,0.087349534034729,0.013421005569398403,0.06603436917066574
211,0.04167334735393524,0.010349727235734463,0.041225455701351166,0.033442843705415726,0.050227805972099304,0.04431794956326485,0.012181523256003857,0.05721304938197136,0.04150736704468727,0.06641102582216263,0.009998132474720478,0.05896643176674843,0.05892636254429817,0.03657279163599014,0.03803979605436325,0.07769718021154404,0.19002534449100494,0.06774962693452835,0.009127883240580559,0.054339054971933365
212,0.05764870345592499,0.013282743282616138,0.04007978364825249,0.033580172806978226,0.07381643354892731,0.060856182128190994,0.01406573224812746,0.06037658825516701,0.047308679670095444,0.08424140512943268,0.014140344224870205,0.056664008647203445,0.04590123891830444,0.03747705742716789,0.039590999484062195,0.08703143149614334,0.08193740248680115,0.0766276866197586,0.00943375751376152,0.06593438982963562
213,0.046409972012043,0.011152333579957485,0.05104033276438713,0.03971053287386894,0.06626955419778824,0.052213478833436966,0.014172878116369247,0.07510973513126373,0.03794397786259651,0.08112405240535736,0.013752028346061707,0.06716106086969376,0.052675407379865646,0.038373857736587524,0.03457772731781006,0.07886936515569687,0.07360240817070007,0.0895622968673706,0.008813035674393177,0.06745848804712296
214,0.0525813102722168,0.02927038073539734,0.04040132090449333,0.026990588754415512,0.07505261152982712,0.050168730318546295,0.01452550757676363,0.08419054001569748,0.03083050437271595,0.11660486459732056,0.012952970340847969,0.057644397020339966,0.03225171938538551,0.031283944845199585,0.029673593118786812,0.07695549726486206,0.07689828425645828,0.0822322741150856,0.010643109679222107,0.06883952766656876
215,0.04463983327150345,0.017767924815416336,0.05077078193426132,0.03280925005674362,0.047516077756881714,0.07118649780750275,0.016320347785949707,0.038371339440345764,0.048890434205532074,0.04756997525691986,0.008161582984030247,0.07992463558912277,0.0979180559515953,0.04119979217648506,0.04379938170313835,0.10879069566726685,0.08341377973556519,0.056304942816495895,0.009020495228469372,0.055617477744817734
216,0.06536509841680527,0.016909336671233177,0.053626593202352524,0.04264369234442711,0.06791968643665314,0.05632048845291138,0.01194328349083662,0.0612790621817112,0.03926797956228256,0.08175086975097656,0.010724160820245743,0.07039545476436615,0.04566296935081482,0.03313794732093811,0.03355516120791435,0.0968339666724205,0.07426393777132034,0.07736708968877792,0.007748100906610489,0.05327650532126427
217,0.0422859862446785,0.019698310643434525,0.06752997636795044,0.04214787110686302,0.03934462368488312,0.07924547791481018,0.015435902401804924,0.044082220643758774,0.039650809019804,0.05338355898857117,0.01165730133652687,0.11882492154836655,0.0544707253575325,0.039916008710861206,0.04031236469745636,0.08871011435985565,0.08301639556884766,0.05637243762612343,0.008610452525317669,0.05529746785759926
218,0.05236916244029999,0.0396350622177124,0.02888115867972374,0.02925359085202217,0.09022754430770874,0.046715449541807175,0.01090933196246624,0.07775566726922989,0.03198538348078728,0.08508678525686264,0.013799145817756653,0.03970697522163391,0.039377495646476746,0.035765908658504486,0.028804399073123932,0.08844581246376038,0.06865917891263962,0.08886051923036575,0.020896466448903084,0.08285542577505112
219,0.050402987748384476,0.016805699095129967,0.03398315608501434,0.0317864753305912,0.07068798691034317,0.04105198755860329,0.013506886549293995,0.08968062698841095,0.03283805400133133,0.09046270698308945,0.01586739346385002,0.037940219044685364,0.04447123408317566,0.03181234374642372,0.0337342843413353,0.06871970742940903,0.0788273960351944,0.11507797241210938,0.01383164431899786,0.08850555121898651
220,0.04714548960328102,0.01627860963344574,0.04052620753645897,0.033375244587659836,0.07097145915031433,0.054193150252103806,0.015149683691561222,0.07219760119915009,0.04179885610938072,0.08966542780399323,0.012871736660599709,0.051565203815698624,0.050465311855077744,0.03524302318692207,0.04176895692944527,0.08203800022602081,0.0698479488492012,0.09036324173212051,0.011148245073854923,0.07337958365678787
221,0.047300033271312714,0.018279073759913445,0.04473550245165825,0.03135291859507561,0.07970163971185684,0.05098613351583481,0.010633331723511219,0.07455359399318695,0.03335631638765335,0.09076129645109177,0.012743051163852215,0.059085629880428314,0.054957300424575806,0.029743287712335587,0.032222289592027664,0.08544305711984634,0.08112502843141556,0.0797620639204979,0.013958548195660114,0.06929250061511993
222,0.05834104120731354,0.014414764940738678,0.037409767508506775,0.033953387290239334,0.06448066234588623,0.05125154182314873,0.01628146879374981,0.07722600549459457,0.03402300551533699,0.09258006513118744,0.015414770692586899,0.04754253104329109,0.05561327934265137,0.04142680764198303,0.034578531980514526,0.0799744725227356,0.07589184492826462,0.09460707753896713,0.008822090923786163,0.06616203486919403
223,0.04493439570069313,0.012439774349331856,0.04097750410437584,0.03214681148529053,0.07495658844709396,0.05781466141343117,0.015238157473504543,0.07450267672538757,0.033663082867860794,0.08820644021034241,0.01649751141667366,0.05412578210234642,0.062098342925310135,0.03212021663784981,0.03269706293940544,0.07870348542928696,0.07663846015930176,0.09156078100204468,0.010465886443853378,0.0702073723077774
224,0.04838162660598755,0.01438126154243946,0.0380467027425766,0.031054964289069176,0.07407848536968231,0.054165977984666824,0.01380781177431345,0.07984229177236557,0.037666965276002884,0.09331019967794418,0.013921479694545269,0.05674183741211891,0.0462278313934803,0.032035525888204575,0.04381479322910309,0.08388164639472961,0.07609426230192184,0.08738603442907333,0.011518371291458607,0.06363456696271896
225,0.056007638573646545,0.013160906732082367,0.03808361291885376,0.03712943196296692,0.06556922197341919,0.05426611006259918,0.012970306910574436,0.0643872395157814,0.04471082612872124,0.0779801458120346,0.012520184740424156,0.04952277988195419,0.08931329846382141,0.03648020699620247,0.03890298306941986,0.08450627326965332,0.07984734326601028,0.07795020192861557,0.008432411588728428,0.05825432017445564
226,0.05880612134933472,0.009142458438873291,0.05381404235959053,0.05069833993911743,0.05748564377427101,0.05184107646346092,0.0163921769708395,0.05854402109980583,0.03853617236018181,0.07528956234455109,0.013942082412540913,0.062116846442222595,0.0552283450961113,0.04594964161515236,0.03479471802711487,0.08598773926496506,0.07893799990415573,0.07844676077365875,0.008964729495346546,0.06507624685764313
227,0.05733149126172066,0.022899823263287544,0.036690838634967804,0.03143296018242836,0.06846579909324646,0.04852846637368202,0.01349510159343481,0.08679422736167908,0.0343860425055027,0.11810904741287231,0.01428263820707798,0.05059315636754036,0.04239083454012871,0.0371735654771328,0.028182977810502052,0.07320994883775711,0.06642663478851318,0.10027043521404266,0.008466796949505806,0.06086347624659538
228,0.044026002287864685,0.011067626066505909,0.060875434428453445,0.04774537682533264,0.031095338985323906,0.08005759865045547,0.01726747862994671,0.02062355913221836,0.05843637138605118,0.026363344863057137,0.006721280515193939,0.0914774239063263,0.12109611928462982,0.049131471663713455,0.051636479794979095,0.11201784759759903,0.0838935598731041,0.038737181574106216,0.006832974497228861,0.04089191555976868
229,0.08449390530586243,0.013653372414410114,0.06268903613090515,0.06059929355978966,0.043724652379751205,0.054287202656269073,0.011097454465925694,0.037106096744537354,0.051151569932699203,0.05978693068027496,0.006854594685137272,0.07991933077573776,0.06631018966436386,0.046729739755392075,0.03233477100729942,0.11225127428770065,0.07534126192331314,0.06088269129395485,0.004577100742608309,0.036200884729623795
230,0.060114163905382156,0.013861485756933689,0.05183054506778717,0.0465526208281517,0.03730863332748413,0.07514828443527222,0.017598692327737808,0.029331378638744354,0.053999755531549454,0.04085959121584892,0.007880330085754395,0.0817113071680069,0.09102851152420044,0.053733401000499725,0.04361042007803917,0.10149030387401581,0.09033992141485214,0.04974084720015526,0.007247487548738718,0.046607308089733124
231,0.0685245469212532,0.017074430361390114,0.031143683940172195,0.033894214779138565,0.07311289757490158,0.0688968226313591,0.011574181728065014,0.04182844236493111,0.042414724826812744,0.07245698571205139,0.013036114163696766,0.044956184923648834,0.02678232453763485,0.05051862820982933,0.03385088965296745,0.11178155243396759,0.10329149663448334,0.08253698796033859,0.010327335447072983,0.06199150159955025
232,0.046140462160110474,0.008561120368540287,0.07887119799852371,0.04311768710613251,0.031615618616342545,0.0697329044342041,0.020182032138109207,0.021655665710568428,0.04944494366645813,0.03181001543998718,0.007898537442088127,0.16446147859096527,0.08549042046070099,0.04350748285651207,0.045309241861104965,0.0931989997625351,0.06814185529947281,0.03718160092830658,0.007373315282166004,0.046300772577524185
233,0.08487942814826965,0.014472033828496933,0.05206581577658653,0.05020694062113762,0.040744248777627945,0.10076507180929184,0.012662725523114204,0.04655719920992851,0.03948191925883293,0.05446112900972366,0.012084703892469406,0.06583768129348755,0.014072567224502563,0.05308745428919792,0.032311391085386276,0.12409715354442596,0.08338525146245956,0.07682516425848007,0.004503270145505667,0.03749266266822815
234,0.03896574676036835,0.008663543500006199,0.057777050882577896,0.03283017873764038,0.03878239914774895,0.06348909437656403,0.013410193845629692,0.028319677338004112,0.03361085429787636,0.04306569695472717,0.00586664117872715,0.07014058530330658,0.07821685075759888,0.035056352615356445,0.028108207508921623,0.13275937736034393,0.194221630692482,0.03995741531252861,0.007567622698843479,0.04918654263019562
235,0.05684448778629303,0.009318281896412373,0.08323002606630325,0.05852872505784035,0.01920822449028492,0.09899219870567322,0.025258589535951614,0.02179061621427536,0.059757258743047714,0.031609341502189636,0.008423813618719578,0.10268126428127289,0.02419390343129635,0.06491248309612274,0.04900016635656357,0.12306198477745056,0.08101139217615128,0.041541438549757004,0.0037173728924244642,0.036911167204380035
236,0.03900229185819626,0.00840279646217823,0.08992789685726166,0.037079595029354095,0.027469197288155556,0.08287397027015686,0.012625687755644321,0.0224580317735672,0.031364377588033676,0.03191371262073517,0.005850554443895817,0.23308224976062775,0.08388485759496689,0.031668521463871,0.025613754987716675,0.08755302429199219,0.07794357091188431,0.03374088928103447,0.003931116312742233,0.03360898792743683
237,0.03605568781495094,0.005448686424642801,0.1176900640130043,0.06108163669705391,0.02048763446509838,0.1188659816980362,0.020693616941571236,0.014338130131363869,0.036490797996520996,0.016882991418242455,0.00477195531129837,0.10212600976228714,0.12574538588523865,0.042898353189229965,0.03192213550209999,0.10280495882034302,0.07250528037548065,0.0282625462859869,0.004854280035942793,0.03606899827718735
238,0.042757462710142136,0.011580359190702438,0.06300575286149979,0.03739142045378685,0.03950457274913788,0.1245284378528595,0.021782051771879196,0.02888863906264305,0.034835085272789,0.040430545806884766,0.00976122822612524,0.07838545739650726,0.11406967788934708,0.04090338572859764,0.03834183141589165,0.0921466201543808,0.07633412629365921,0.04660644754767418,0.0072976709343492985,0.051444631069898605
239,0.05625367909669876,0.012033502571284771,0.05267004296183586,0.035775065422058105,0.043052177876234055,0.09740641713142395,0.019825780764222145,0.03649091348052025,0.04853687807917595,0.04601595923304558,0.011234348639845848,0.07559938728809357,0.08127390593290329,0.04183071106672287,0.05012429133057594,0.09360188990831375,0.07989230751991272,0.06498820334672928,0.007251915987581015,0.046137239784002304
240,0.055397842079401016,0.011731482110917568,0.04705601558089256,0.032504722476005554,0.06632944941520691,0.06895565241575241,0.018526636064052582,0.05208251625299454,0.03372443839907646,0.0636339783668518,0.013297023251652718,0.05492088198661804,0.07714945822954178,0.03623734042048454,0.0366382822394371,0.08753665536642075,0.08452140539884567,0.07978973537683487,0.010316411964595318,0.06964610517024994
241,0.05375368893146515,0.009057804942131042,0.04841072857379913,0.03141835331916809,0.05780355632305145,0.07551395148038864,0.019101180136203766,0.045701492577791214,0.03481369838118553,0.0775429829955101,0.014268193393945694,0.058474086225032806,0.08757989853620529,0.03788656368851662,0.03972931206226349,0.08490470051765442,0.08098956942558289,0.07573820650577545,0.010296543128788471,0.057010993361473083
242,0.05211359262466431,0.016252847388386726,0.04926059767603874,0.03762684389948845,0.06059757247567177,0.07403657585382462,0.01590541936457157,0.05478661134839058,0.03778023645281792,0.06872254610061646,0.012513748370110989,0.0628318265080452,0.06255088001489639,0.03976275399327278,0.03479516878724098,0.08996549248695374,0.0840207189321518,0.07868298143148422,0.009905204176902771,0.057881858199834824
243,0.03719343617558479,0.008496904745697975,0.09123793989419937,0.0503120943903923,0.01966455578804016,0.08743154257535934,0.02458956092596054,0.013993584550917149,0.05636695772409439,0.018429627642035484,0.006168167106807232,0.13881295919418335,0.0948457419872284,0.05548731982707977,0.06213218346238136,0.09477584064006805,0.0684882178902626,0.026493199169635773,0.005780894309282303,0.03929394483566284
244,0.05162899196147919,0.01178658939898014,0.056988127529621124,0.0357389971613884,0.04334293305873871,0.0964243933558464,0.02142987586557865,0.0336805060505867,0.042098838835954666,0.046857286244630814,0.009558710269629955,0.07459227740764618,0.08670681715011597,0.04375714808702469,0.04336371272802353,0.10659976303577423,0.07588083297014236,0.05161234736442566,0.009464642032980919,0.05848115682601929
245,0.05325418710708618,0.013499589636921883,0.05616374313831329,0.03613917529582977,0.06077682599425316,0.07085609436035156,0.01723942533135414,0.06134561449289322,0.03721616417169571,0.07085716724395752,0.015274781733751297,0.062391992658376694,0.05549425631761551,0.03890150040388107,0.03779074549674988,0.0780894011259079,0.07824038714170456,0.08538465946912766,0.010789615102112293,0.060288943350315094
246,0.050238803029060364,0.020661281421780586,0.05246114730834961,0.036315929144620895,0.05642737075686455,0.0593181774020195,0.014825702644884586,0.06059975549578667,0.04124046862125397,0.07125818729400635,0.010959752835333347,0.053271036595106125,0.05729936435818672,0.03967165946960449,0.0390964075922966,0.09302561730146408,0.0866202712059021,0.0811707079410553,0.012016231194138527,0.06351590901613235
247,0.051266148686409,0.026524260640144348,0.0312841422855854,0.027217481285333633,0.08445116877555847,0.05124102532863617,0.013740763999521732,0.07449211180210114,0.035231366753578186,0.0938703715801239,0.012198897078633308,0.04845104366540909,0.05030858516693115,0.03524063527584076,0.036865077912807465,0.08164595812559128,0.069481760263443,0.07850556075572968,0.0181171502918005,0.07985858619213104
248,0.04986400529742241,0.025052683427929878,0.030943240970373154,0.026066316291689873,0.06966416537761688,0.04281456023454666,0.015725312754511833,0.0860666036605835,0.046563103795051575,0.10788517445325851,0.013478503562510014,0.05965852737426758,0.04463915899395943,0.03706490620970726,0.04227234423160553,0.06861082464456558,0.06730782985687256,0.08923360705375671,0.01031060703098774,0.06676951795816422
249,0.051521413028240204,0.031587302684783936,0.034778203815221786,0.026485547423362732,0.08277428895235062,0.054976753890514374,0.011891351081430912,0.07668543606996536,0.03245111554861069,0.09178897738456726,0.011581645347177982,0.05501735955476761,0.05072858929634094,0.02834148146212101,0.034042321145534515,0.08862826973199844,0.07382228970527649,0.08602078258991241,0.012574151158332825,0.06429491937160492
250,0.05612867698073387,0.02832762524485588,0.03707025945186615,0.03247150033712387,0.08064620941877365,0.04614517465233803,0.009835800155997276,0.08133140951395035,0.0404013991355896,0.10612968355417252,0.013266169466078281,0.03213900700211525,0.04697401076555252,0.03111388348042965,0.03224468603730202,0.08702678978443146,0.07089989632368088,0.08646617084741592,0.013179118745028973,0.06819439679384232
251,0.050569988787174225,0.037336964160203934,0.0373406857252121,0.027231663465499878,0.07642678916454315,0.06044577434659004,0.008984767831861973,0.06802374124526978,0.030059807002544403,0.0837114006280899,0.012305314652621746,0.08537300676107407,0.040623340755701065,0.03415805846452713,0.025307947769761086,0.09799592196941376,0.06959553807973862,0.07347624003887177,0.01516316831111908,0.0658615455031395
252,0.049287039786577225,0.04489395394921303,0.032041605561971664,0.023302795365452766,0.08528979867696762,0.055943991988897324,0.009690918028354645,0.08152781426906586,0.03607557341456413,0.09756377339363098,0.011248387396335602,0.03761199489235878,0.06050276383757591,0.02879400923848152,0.031092137098312378,0.08219326287508011,0.06796988844871521,0.08026235550642014,0.016333576291799545,0.06836619228124619
253,0.04985540360212326,0.03783053532242775,0.028503581881523132,0.02165222354233265,0.09315980225801468,0.05053145810961723,0.010593093000352383,0.08591683208942413,0.033963244408369064,0.09713488817214966,0.010876457206904888,0.04546617716550827,0.0461982823908329,0.02712445706129074,0.032834552228450775,0.08190429210662842,0.06269528716802597,0.09565668553113937,0.017575407400727272,0.07051750272512436
254,0.04974779859185219,0.032192885875701904,0.035424184054136276,0.023995932191610336,0.08734845370054245,0.05181966722011566,0.012682419270277023,0.07600405067205429,0.04100927710533142,0.09735054522752762,0.011596188880503178,0.05521933361887932,0.040679074823856354,0.030140435323119164,0.037730131298303604,0.0803242102265358,0.06759794056415558,0.08117622882127762,0.017747430130839348,0.070203997194767
255,0.04243946447968483,0.038546122610569,0.03100588172674179,0.024214398115873337,0.08505020290613174,0.04548259824514389,0.011366107501089573,0.07675468921661377,0.03398388624191284,0.09981202334165573,0.01389310508966446,0.07242873311042786,0.04462015628814697,0.029913906008005142,0.032194871455430984,0.07217950373888016,0.06502425670623779,0.08560004085302353,0.021994706243276596,0.07348821312189102
256,0.05075891688466072,0.04601437225937843,0.026249444112181664,0.021843349561095238,0.105356864631176,0.045756347477436066,0.008348539471626282,0.0940585657954216,0.030176028609275818,0.11255456507205963,0.012035524472594261,0.04065604507923126,0.03742411732673645,0.026213668286800385,0.029749944806098938,0.07043827325105667,0.05679258331656456,0.08584664762020111,0.022177252918481827,0.07753998041152954
257,0.048891808837652206,0.02276582457125187,0.02333834581077099,0.019724730402231216,0.10734230279922485,0.03624298796057701,0.012745569460093975,0.10972224175930023,0.02856593392789364,0.10540497303009033,0.017961671575903893,0.036804843693971634,0.034924156963825226,0.022135024890303612,0.033594824373722076,0.06266327202320099,0.06262942403554916,0.10288730263710022,0.022229591384530067,0.0894169956445694
258,0.05271756276488304,0.031292546540498734,0.031085122376680374,0.022296734154224396,0.09745704382658005,0.04944183677434921,0.012973705306649208,0.0909256711602211,0.02545147016644478,0.11030615121126175,0.01634015142917633,0.04564562812447548,0.044135719537734985,0.023405425250530243,0.031228644773364067,0.06804349273443222,0.058504316955804825,0.09706676751375198,0.0170942060649395,0.0745813325047493
259,0.051815878599882126,0.008088812232017517,0.023259807378053665,0.020308900624513626,0.11117865145206451,0.03348519280552864,0.012564236298203468,0.10532472282648087,0.021045560017228127,0.11653856188058853,0.019224923104047775,0.032416511327028275,0.032621752470731735,0.020816709846258163,0.025669606402516365,0.05175160989165306,0.060233764350414276,0.1299435794353485,0.017804639413952827,0.10590170323848724
260,0.057626303285360336,0.027396362274885178,0.050530292093753815,0.034511443227529526,0.06894607841968536,0.07131830602884293,0.014900965616106987,0.06081496551632881,0.031235115602612495,0.08171091228723526,0.016660276800394058,0.05878924950957298,0.04414578899741173,0.03534531220793724,0.03626704588532448,0.08143005520105362,0.06713278591632843,0.07454678416252136,0.013934189453721046,0.07275186479091644
261,0.06403394043445587,0.02431626431643963,0.04315109923481941,0.03039567358791828,0.06761077791452408,0.07089978456497192,0.016186848282814026,0.05712413415312767,0.03215939924120903,0.08490246534347534,0.01705140620470047,0.05491257086396217,0.052652064710855484,0.030928820371627808,0.0369945764541626,0.08236419409513474,0.07063903659582138,0.07824262231588364,0.014593794010579586,0.07083489000797272
262,0.06383867561817169,0.018888622522354126,0.0444721058011055,0.03168133273720741,0.0649501383304596,0.0815868154168129,0.016458027064800262,0.0531490296125412,0.03484897315502167,0.0874926969408989,0.017142515629529953,0.056643594056367874,0.047055117785930634,0.03498121351003647,0.04045701399445534,0.08267710357904434,0.0643516257405281,0.07708342373371124,0.015029055066406727,0.06720703840255737
263,0.06696423888206482,0.02371443435549736,0.03945231810212135,0.028045454993844032,0.07627313584089279,0.07364878058433533,0.015188237652182579,0.058711566030979156,0.0317547470331192,0.09169577062129974,0.017660705372691154,0.05188143625855446,0.04233509674668312,0.033920854330062866,0.03768923878669739,0.07843194156885147,0.06451542675495148,0.08908591419458389,0.01368022058159113,0.06534546613693237
264,0.06955444812774658,0.022047001868486404,0.04025501012802124,0.030357470735907555,0.0669667050242424,0.07961193472146988,0.018988270312547684,0.045516885817050934,0.034332916140556335,0.0784350335597992,0.015867840498685837,0.05541527271270752,0.05438685417175293,0.03893313556909561,0.04605437442660332,0.09364848583936691,0.07007840275764465,0.06477949023246765,0.013626478612422943,0.06113819777965546
265,0.051631417125463486,0.015601408667862415,0.07926636189222336,0.04049987345933914,0.05547400191426277,0.07377569377422333,0.014073542319238186,0.039736077189445496,0.03554293513298035,0.06530418992042542,0.0109616219997406,0.08889991044998169,0.06193339452147484,0.039554134011268616,0.036552105098962784,0.09931632876396179,0.07306855171918869,0.04970721900463104,0.010737000964581966,0.05835786461830139
266,0.06179133057594299,0.016935529187321663,0.06963954865932465,0.040139444172382355,0.041446857154369354,0.0763225182890892,0.021541615948081017,0.02735135704278946,0.0473201759159565,0.054105352610349655,0.013544071465730667,0.080891452729702,0.0697837769985199,0.04939982295036316,0.04851483926177025,0.09480264037847519,0.07268629223108292,0.04805701598525047,0.010139558464288712,0.05558235943317413
267,0.053652338683605194,0.011651757173240185,0.07173912972211838,0.03993241861462593,0.04235284775495529,0.09917104244232178,0.013889330439269543,0.03638223186135292,0.04280845448374748,0.0595441497862339,0.008842319250106812,0.08647939562797546,0.050956886261701584,0.03918131813406944,0.0377521775662899,0.11764704436063766,0.08428547531366348,0.051212966442108154,0.00670585548505187,0.04580553621053696
268,0.048754844814538956,0.014467899687588215,0.07280009239912033,0.041134852916002274,0.05160653218626976,0.08619577437639236,0.014612019993364811,0.037788283079862595,0.046513881534338,0.06837767362594604,0.008809489198029041,0.0905233696103096,0.052169788628816605,0.045334070920944214,0.03836594149470329,0.09831763803958893,0.07417558878660202,0.04623326659202576,0.009077688679099083,0.05473386123776436
269,0.06502190232276917,0.02230803854763508,0.04548758268356323,0.04610155522823334,0.04575187340378761,0.07782428711652756,0.021721238270401955,0.038712505251169205,0.048805203288793564,0.06626337021589279,0.011828441172838211,0.07018350809812546,0.051765263080596924,0.048648495227098465,0.0425395630300045,0.09424575418233871,0.07768484205007553,0.05673518031835556,0.008422371931374073,0.05994274839758873
270,0.041452556848526,0.011980808340013027,0.08069858700037003,0.04080050066113472,0.03501460701227188,0.10148616880178452,0.018287627026438713,0.01873789355158806,0.043171126395463943,0.03653589263558388,0.008401240222156048,0.18658298254013062,0.054282139986753464,0.04355296120047569,0.04136358201503754,0.08330871909856796,0.06891309469938278,0.02572610415518284,0.00910048745572567,0.05059652775526047
271,0.058137957006692886,0.01251867227256298,0.041532017290592194,0.035090260207653046,0.050540223717689514,0.09118284285068512,0.025386681780219078,0.035714197903871536,0.05668320879340172,0.05220505967736244,0.013034684583544731,0.07526562362909317,0.04175255820155144,0.04724748432636261,0.06807716190814972,0.09522482752799988,0.0758233442902565,0.05367717519402504,0.010252869687974453,0.06064822897315025
272,0.07207007706165314,0.014509067870676517,0.03277982026338577,0.02262142486870289,0.05746995285153389,0.06456779688596725,0.02325401082634926,0.05486854538321495,0.03666694089770317,0.09176179766654968,0.021493609994649887,0.05484968051314354,0.0441652312874794,0.039630595594644547,0.05504956096410751,0.08592987805604935,0.07593180984258652,0.07738036662340164,0.013740136288106441,0.06125346198678017
273,0.060841675847768784,0.019504863768815994,0.014024050906300545,0.01469352375715971,0.08299451321363449,0.040097951889038086,0.01946912705898285,0.08067620545625687,0.039759136736392975,0.13784757256507874,0.021991722285747528,0.026039106771349907,0.02460053190588951,0.03189477324485779,0.05687004327774048,0.04754319414496422,0.06776224076747894,0.11907194554805756,0.01557941548526287,0.07873375713825226
274,0.08383660018444061,0.029965898022055626,0.015552426688373089,0.017486151307821274,0.07364805787801743,0.04709285870194435,0.018407002091407776,0.08203335851430893,0.030964521691203117,0.11397673189640045,0.01892196387052536,0.031888872385025024,0.013848155736923218,0.02959885075688362,0.04372900351881981,0.06106548756361008,0.06964148581027985,0.11329799890518188,0.01503370888531208,0.09000223129987717
275,0.070041224360466,0.01000882312655449,0.005287392530590296,0.007690411992371082,0.11085379868745804,0.025881526991724968,0.0074741290882229805,0.12117641419172287,0.012915314175188541,0.1813555359840393,0.0237648393958807,0.012054548598825932,0.01465876866132021,0.013104811310768127,0.021115217357873917,0.020156268030405045,0.035505156964063644,0.2102353274822235,0.016611576080322266,0.08010265231132507
276,0.07397601753473282,0.009769751690328121,0.018011372536420822,0.025404224172234535,0.07526469230651855,0.059192169457674026,0.021531550213694572,0.04586666449904442,0.061655573546886444,0.08898388594388962,0.015698181465268135,0.045572444796562195,0.028713900595903397,0.04357330873608589,0.06592155247926712,0.08163394778966904,0.09692494571208954,0.07580103725194931,0.010440118610858917,0.05606011301279068
277,0.0519106350839138,0.013731407932937145,0.010917261242866516,0.017776155844330788,0.1149483323097229,0.024297252297401428,0.010923781432211399,0.08702327311038971,0.03595617413520813,0.13907821476459503,0.026800597086548805,0.021265976130962372,0.03139752522110939,0.028825636953115463,0.05579488351941109,0.04267062246799469,0.06693188101053238,0.1266556978225708,0.014755950309336185,0.07833337783813477
278,0.059826016426086426,0.014595134183764458,0.0521458275616169,0.020785415545105934,0.1116364523768425,0.042236436158418655,0.05846843123435974,0.03147580102086067,0.03172077238559723,0.09238381683826447,0.011138678528368473,0.09670960158109665,0.023839550092816353,0.029057515785098076,0.029011644423007965,0.09395505487918854,0.059436339884996414,0.037808552384376526,0.017650268971920013,0.08611420542001724
279,0.10675828158855438,0.012549853883683681,0.03931227698922157,0.04573182389140129,0.0448484793305397,0.03883183375000954,0.012097682803869247,0.04251129925251007,0.0509553961455822,0.07196076959371567,0.00919579528272152,0.05342397093772888,0.06958287954330444,0.042000945657491684,0.03859966993331909,0.13074548542499542,0.07680463045835495,0.06586416810750961,0.006833729334175587,0.041384197771549225
280,0.05481181666254997,0.005709008313715458,0.1526581048965454,0.02366970106959343,0.02375306375324726,0.025166193023324013,0.006461880635470152,0.02363693155348301,0.03714561089873314,0.034352850168943405,0.004194285254925489,0.26105165481567383,0.013682921417057514,0.025341199710965157,0.018089869990944862,0.09168655425310135,0.14874064922332764,0.025455141440033913,0.0027908713091164827,0.02159789949655533
281,0.060176458209753036,0.024133045226335526,0.026892324909567833,0.024864140897989273,0.06751621514558792,0.1856117993593216,0.013002751395106316,0.046387821435928345,0.051646046340465546,0.07966963201761246,0.011316533200442791,0.07654154300689697,0.008316922932863235,0.03822923079133034,0.038445137441158295,0.07601059973239899,0.04743698239326477,0.06266100704669952,0.008718145079910755,0.05241706222295761
282,0.04211821034550667,0.00481974333524704,0.05248823016881943,0.06042763590812683,0.040896810591220856,0.02941114269196987,0.0077032833360135555,0.05605308338999748,0.045664217323064804,0.059157777577638626,0.007088801823556423,0.08239497989416122,0.01575545407831669,0.04150943458080292,0.024216633290052414,0.08256901800632477,0.22484733164310455,0.08049889653921127,0.007765795104205608,0.034606508910655975
283,0.04640516638755798,0.01652013696730137,0.010611393488943577,0.016874069347977638,0.09990472346544266,0.018390173092484474,0.007943065837025642,0.1551411896944046,0.030832109972834587,0.17816880345344543,0.015618565492331982,0.017355209216475487,0.025005318224430084,0.021912487223744392,0.03286653384566307,0.03588647395372391,0.04092121869325638,0.14628753066062927,0.0235032606869936,0.059844452887773514
284,0.05835562199354172,0.010983051732182503,0.02402728609740734,0.036642927676439285,0.061602942645549774,0.021722104400396347,0.01057374943047762,0.10316015779972076,0.033922065049409866,0.1074007973074913,0.011177446693181992,0.031245140358805656,0.011289305053651333,0.03583930432796478,0.024265961721539497,0.09198430180549622,0.13087862730026245,0.13165216147899628,0.009206394664943218,0.054064154624938965
285,0.07011348754167557,0.006351949647068977,0.09293919801712036,0.11684398353099823,0.02358386293053627,0.08681939542293549,0.027602046728134155,0.017003465443849564,0.05219602584838867,0.03414043039083481,0.008326143957674503,0.07308610528707504,0.037251099944114685,0.05869277939200401,0.04096032679080963,0.12345490604639053,0.059718355536460876,0.03030621074140072,0.005353835877031088,0.035250868648290634
286,0.07417074590921402,0.010854915715754032,0.02129017375409603,0.02799096331000328,0.06873095780611038,0.03504011407494545,0.012544634751975536,0.09715338051319122,0.043553464114665985,0.09605404734611511,0.01669948175549507,0.032694097608327866,0.034204356372356415,0.034051720052957535,0.04756294563412666,0.07115038484334946,0.06972820311784744,0.1339692324399948,0.01119261421263218,0.06135571748018265
287,0.0466957651078701,0.026186229661107063,0.02057853527367115,0.02555042877793312,0.10731597989797592,0.042216721922159195,0.013519630767405033,0.08152928203344345,0.04359496012330055,0.0799860954284668,0.016133848577737808,0.027828866615891457,0.022172588855028152,0.03808359056711197,0.04100220650434494,0.06127271428704262,0.06139332428574562,0.09225636720657349,0.02499835193157196,0.1276782751083374
288,0.06895942986011505,0.010046839714050293,0.04657365009188652,0.05747240036725998,0.05704464018344879,0.057024817913770676,0.01640215702354908,0.05298363417387009,0.03236382082104683,0.08632609993219376,0.018862871453166008,0.04922787845134735,0.05451836436986923,0.04599297046661377,0.03657246753573418,0.09010020643472672,0.06930934637784958,0.08095864206552505,0.010346844792366028,0.058907024562358856
289,0.04652511700987816,0.043497197329998016,0.02019634284079075,0.020018886774778366,0.08806770294904709,0.03909137845039368,0.009455286897718906,0.10476832836866379,0.020237822085618973,0.14750848710536957,0.02108301967382431,0.03067914955317974,0.036266472190618515,0.023347564041614532,0.024339821189641953,0.05263863131403923,0.062455687671899796,0.12385986745357513,0.012018321081995964,0.07393813133239746
290,0.04608818516135216,0.012661411426961422,0.05350775271654129,0.03669826686382294,0.04350018873810768,0.08908884227275848,0.013311358168721199,0.043879102915525436,0.04500441625714302,0.05855845659971237,0.009006046690046787,0.06580790132284164,0.06561411172151566,0.03679495304822922,0.0435529500246048,0.11363435536623001,0.09690999984741211,0.06713230162858963,0.00826258584856987,0.05098043009638786
291,0.05740739405155182,0.02236250974237919,0.045174457132816315,0.0289411973208189,0.07523004710674286,0.06853356212377548,0.010571938008069992,0.06349816918373108,0.04380076006054878,0.07404137402772903,0.010398508049547672,0.06431327760219574,0.04957962408661842,0.027156375348567963,0.03697492182254791,0.08390422910451889,0.0780872032046318,0.07672756910324097,0.012180672027170658,0.07110502570867538
292,0.05621341988444328,0.02674746699631214,0.05408007651567459,0.03659401088953018,0.04893454536795616,0.055755190551280975,0.014026199467480183,0.04994399845600128,0.04786418750882149,0.08457352966070175,0.010955153033137321,0.07535693794488907,0.06382454186677933,0.042508989572525024,0.03432408720254898,0.0886511504650116,0.08157314360141754,0.06921683251857758,0.007972422055900097,0.050877735018730164
293,0.047336410731077194,0.04622446373105049,0.06745043396949768,0.04236932098865509,0.04027504846453667,0.08797629922628403,0.013419960625469685,0.043064337223768234,0.048527296632528305,0.05702061951160431,0.00849362276494503,0.040519703179597855,0.07781639695167542,0.039232250303030014,0.03631705045700073,0.1069580614566803,0.08279133588075638,0.061984267085790634,0.0072878883220255375,0.04492740333080292
294,0.05676412582397461,0.0299853403121233,0.047227486968040466,0.03422049432992935,0.053734906017780304,0.04185974970459938,0.00700511084869504,0.05842902883887291,0.059939172118902206,0.07538069784641266,0.0073135108686983585,0.08628511428833008,0.04108560085296631,0.030348053202033043,0.03386713191866875,0.11336270719766617,0.09975893795490265,0.07121086865663528,0.008183312602341175,0.04402689263224602
295,0.0470232330262661,0.02094520628452301,0.08977363258600235,0.03196435049176216,0.045661669224500656,0.05365077406167984,0.010156220756471157,0.04148291051387787,0.048544567078351974,0.06335686892271042,0.008116018027067184,0.13396847248077393,0.0551663413643837,0.032232336699962616,0.027721360325813293,0.09716290235519409,0.09008883684873581,0.05821208283305168,0.0074754864908754826,0.03728959336876869
296,0.06079995632171631,0.025689033791422844,0.04644737020134926,0.03545916825532913,0.051372162997722626,0.07466695457696915,0.008673073723912239,0.04538258910179138,0.052019573748111725,0.07130875438451767,0.009084342047572136,0.0687500387430191,0.07490458339452744,0.043453194200992584,0.03247074782848358,0.10898542404174805,0.09052205085754395,0.05898621678352356,0.0076741124503314495,0.03334455564618111
297,0.05788851156830788,0.02168009616434574,0.05600365996360779,0.047848232090473175,0.04865451902151108,0.0756307989358902,0.009817389771342278,0.04397568479180336,0.04986308887600899,0.058875273913145065,0.010697376914322376,0.07443195581436157,0.05379068851470947,0.04178766906261444,0.037667274475097656,0.10977261513471603,0.09556974470615387,0.05417843908071518,0.008086131885647774,0.04377301409840584
298,0.04570183902978897,0.008834985084831715,0.0570344515144825,0.03948725014925003,0.03878454864025116,0.06298425048589706,0.010250022634863853,0.03322163596749306,0.0620875246822834,0.046763382852077484,0.0077616446651518345,0.16697458922863007,0.05888500437140465,0.042537059634923935,0.03412103280425072,0.10411112010478973,0.09103833138942719,0.049488529562950134,0.00615357281640172,0.03377231955528259
299,0.04784185439348221,0.08959253132343292,0.03182262182235718,0.029107552021741867,0.08135827630758286,0.045040328055620193,0.010755530558526516,0.0710882693529129,0.03141867369413376,0.08971276134252548,0.012764571234583855,0.04293304681777954,0.047717686742544174,0.030485212802886963,0.03239521011710167,0.0663207471370697,0.07563341408967972,0.08099622279405594,0.014867804013192654,0.06814145296812057
300,0.050647612661123276,0.007899434305727482,0.08270491659641266,0.052831683307886124,0.047859109938144684,0.05441414937376976,0.01255506370216608,0.041934892535209656,0.03996456414461136,0.06572254002094269,0.009214816614985466,0.07570534944534302,0.07579801976680756,0.04115384817123413,0.02952144667506218,0.10022488236427307,0.0881810337305069,0.07023469358682632,0.0071905432268977165,0.04623574763536453
301,0.06004761904478073,0.01676848903298378,0.047831326723098755,0.03607634827494621,0.06986362487077713,0.08290979266166687,0.009483490139245987,0.04672357812523842,0.0323839895427227,0.07856985181570053,0.013453961350023746,0.07895278930664062,0.05925362929701805,0.032100263983011246,0.03190646693110466,0.08813254535198212,0.07693196833133698,0.07086719572544098,0.01600973680615425,0.051725730299949646
302,0.05704609677195549,0.00980714987963438,0.06542346626520157,0.04495740681886673,0.03268245980143547,0.09528206288814545,0.014092663303017616,0.022855836898088455,0.057539962232112885,0.04441429302096367,0.00816294550895691,0.07582210749387741,0.09587575495243073,0.04844214394688606,0.04203948378562927,0.11317528039216995,0.08715414255857468,0.040223367512226105,0.0057076881639659405,0.03928942605853081
303,0.04495764896273613,0.008700271137058735,0.07901255041360855,0.04662569984793663,0.028550533577799797,0.07225104421377182,0.013753648847341537,0.02570131979882717,0.042845748364925385,0.046990592032670975,0.010656322352588177,0.16096290946006775,0.07177193462848663,0.040077872574329376,0.03678886219859123,0.092636838555336,0.08465095609426498,0.03923696279525757,0.008244099095463753,0.0455775186419487
304,0.050119977444410324,0.02459827996790409,0.031623732298612595,0.031347859650850296,0.10175146162509918,0.05919468402862549,0.010629222728312016,0.07787121832370758,0.03255447372794151,0.09172974526882172,0.013187848031520844,0.039400093257427216,0.03940701484680176,0.02944578044116497,0.028708910569548607,0.06778429448604584,0.06865475326776505,0.10787621140480042,0.01719057373702526,0.07691698521375656
305,0.05116327852010727,0.01795016974210739,0.058388784527778625,0.03900831565260887,0.05613752454519272,0.0478498749434948,0.013581928797066212,0.05211850255727768,0.05292486026883125,0.07037967443466187,0.01072534266859293,0.06118873506784439,0.056828081607818604,0.033352918922901154,0.03952019661664963,0.0882919654250145,0.09958571195602417,0.08180643618106842,0.010213232599198818,0.05897844210267067
306,0.046118494123220444,0.02180485427379608,0.06064862757921219,0.02787255123257637,0.08578456193208694,0.0485108457505703,0.010882481001317501,0.0698675662279129,0.028300072997808456,0.10318434983491898,0.011531059630215168,0.06365890800952911,0.0523398220539093,0.022014807909727097,0.022668849676847458,0.07781609147787094,0.09170840680599213,0.08545392006635666,0.011966150254011154,0.057863302528858185
307,0.052824653685092926,0.016420744359493256,0.05739211663603783,0.05042767897248268,0.0553986020386219,0.06216884404420853,0.014016789384186268,0.04223097860813141,0.04124448820948601,0.06747539341449738,0.009354252368211746,0.06315432488918304,0.07580927759408951,0.03814025968313217,0.03416648879647255,0.0967666506767273,0.09028466790914536,0.06469473242759705,0.010304562747478485,0.05771704763174057
308,0.050236862152814865,0.016904707998037338,0.0812418982386589,0.0397760383784771,0.0437919907271862,0.08789288252592087,0.015025947242975235,0.027086032554507256,0.045783501118421555,0.04627743735909462,0.009453029371798038,0.13581740856170654,0.05468417704105377,0.035680413246154785,0.04210036247968674,0.10070839524269104,0.07161420583724976,0.03817548602819443,0.007858405821025372,0.04988514631986618
309,0.05039668083190918,0.030386751517653465,0.050877299159765244,0.03872881457209587,0.055622320622205734,0.0854119062423706,0.012860179878771305,0.054118458181619644,0.03779615834355354,0.06737420707941055,0.013604030944406986,0.06544913351535797,0.05161992087960243,0.03772406652569771,0.040453989058732986,0.08330437541007996,0.0853588879108429,0.0713588073849678,0.011642304249107838,0.055904049426317215
310,0.040098682045936584,0.040100883692502975,0.036380305886268616,0.032814446836709976,0.09565912187099457,0.04396498203277588,0.010307293385267258,0.07741113007068634,0.03899683430790901,0.086273692548275,0.010888626798987389,0.04926730692386627,0.027720902115106583,0.031686507165431976,0.03062291257083416,0.07278376817703247,0.07868929952383041,0.10079199075698853,0.01947990246117115,0.0760534256696701
311,0.03645777702331543,0.06526350229978561,0.02831355296075344,0.01808895170688629,0.09902577102184296,0.03240727633237839,0.0088123744353652,0.08436524868011475,0.0251238364726305,0.12587226927280426,0.009461537934839725,0.07836845517158508,0.03601902350783348,0.02369854971766472,0.023612650111317635,0.05811697989702225,0.058168720453977585,0.09303765743970871,0.018783820793032646,0.07699606567621231
312,0.05105949193239212,0.03336458280682564,0.03666357323527336,0.02733398787677288,0.09042873978614807,0.05261803790926933,0.013024873100221157,0.06524111330509186,0.03838960453867912,0.1000482439994812,0.013967135921120644,0.05104384571313858,0.029391132295131683,0.03462768718600273,0.03614932671189308,0.07815426588058472,0.06907592713832855,0.08324869722127914,0.01563737727701664,0.0805261954665184
313,0.04629448801279068,0.0439743734896183,0.039135728031396866,0.021876122802495956,0.08872934430837631,0.06289475411176682,0.01253765169531107,0.0806349515914917,0.02692570723593235,0.09559100866317749,0.013694584369659424,0.05623314529657364,0.04303257539868355,0.024846868589520454,0.028802338987588882,0.07432382553815842,0.07166266441345215,0.08260958641767502,0.017908157780766487,0.06828635185956955
314,0.057014189660549164,0.0285395085811615,0.042496152222156525,0.037803661078214645,0.0703406110405922,0.06640121340751648,0.012021238915622234,0.05985686928033829,0.041439417749643326,0.085699163377285,0.013163601979613304,0.05445461347699165,0.049246352165937424,0.03523799777030945,0.04004162177443504,0.07922450453042984,0.07328278571367264,0.08234283328056335,0.014591955579817295,0.05679444596171379
315,0.04883664473891258,0.033086370676755905,0.05075722560286522,0.03495233505964279,0.06951697170734406,0.06101052835583687,0.013302361592650414,0.06425952166318893,0.03328496217727661,0.09260916709899902,0.014704074710607529,0.05706406012177467,0.037869956344366074,0.03442591801285744,0.03694839030504227,0.08022446930408478,0.07652591913938522,0.08371645957231522,0.015031497925519943,0.0618647001683712
316,0.035658471286296844,0.060080960392951965,0.027980055660009384,0.018846627324819565,0.09335526078939438,0.12142068147659302,0.008337021805346012,0.07868510484695435,0.02687281183898449,0.09764932841062546,0.010906106792390347,0.057697948068380356,0.028359051793813705,0.02485078014433384,0.029482457786798477,0.060081008821725845,0.053823839873075485,0.08038683235645294,0.017445296049118042,0.06807170808315277
317,0.03985074907541275,0.029636045917868614,0.023678043857216835,0.026362460106611252,0.069859579205513,0.028112871572375298,0.00939050130546093,0.08204817771911621,0.036006152629852295,0.08198800683021545,0.011746038682758808,0.03552887961268425,0.025252943858504295,0.029828162863850594,0.02980455756187439,0.06359436362981796,0.198617085814476,0.09224526584148407,0.014378733932971954,0.07206159085035324
318,0.03824513405561447,0.06688772886991501,0.02733367122709751,0.018569527193903923,0.11203175038099289,0.04672480374574661,0.009211254306137562,0.10476724803447723,0.0204739049077034,0.13123397529125214,0.013994935899972916,0.043570227921009064,0.03205985948443413,0.021927034482359886,0.023045791313052177,0.0509633794426918,0.04877364635467529,0.09312950074672699,0.01954863965511322,0.07750187814235687
319,0.04411805793642998,0.04032992199063301,0.03648243099451065,0.027092047035694122,0.08474969863891602,0.036721475422382355,0.012411462143063545,0.09122104942798615,0.033618904650211334,0.11073234677314758,0.013676351867616177,0.0463583767414093,0.02499980479478836,0.028121238574385643,0.029307948425412178,0.07641379535198212,0.08265873044729233,0.09113534539937973,0.011182590387761593,0.07866285741329193
320,0.056997742503881454,0.04103723540902138,0.03244401142001152,0.030757999047636986,0.06929895281791687,0.06300090998411179,0.01245466060936451,0.06601667404174805,0.036397598683834076,0.08730286359786987,0.01467872690409422,0.05146540701389313,0.04330373927950859,0.03252235800027847,0.04074889421463013,0.08384566009044647,0.08194903284311295,0.08117425441741943,0.012101775035262108,0.06249574199318886
321,0.04889793321490288,0.030666859820485115,0.04861936345696449,0.029811687767505646,0.07558797299861908,0.08019933849573135,0.010781973600387573,0.06706038862466812,0.034741759300231934,0.09070223569869995,0.013004853390157223,0.059657368808984756,0.03860894963145256,0.029683131724596024,0.03423328697681427,0.08013808727264404,0.07300232350826263,0.08372130990028381,0.011631611734628677,0.059243373572826385
322,0.05839415267109871,0.03768673166632652,0.05731724202632904,0.03627578541636467,0.057358063757419586,0.10720064491033554,0.013896952383220196,0.04189247637987137,0.034575603902339935,0.0641297996044159,0.0116543248295784,0.07335185259580612,0.040011730045080185,0.038200367242097855,0.032839640974998474,0.09408269822597504,0.07656828314065933,0.060731176286935806,0.010002117604017258,0.05382489785552025
323,0.05968165025115013,0.041755955666303635,0.04296502843499184,0.04071046784520149,0.06264177709817886,0.06249842792749405,0.01490072626620531,0.05492550879716873,0.04305962100625038,0.07527605444192886,0.016218606382608414,0.06087053567171097,0.0384993813931942,0.037053875625133514,0.04457655921578407,0.07151363044977188,0.08404753357172012,0.07163067162036896,0.014368022792041302,0.06279999017715454
324,0.04525677114725113,0.058918118476867676,0.0322408452630043,0.026101617142558098,0.10337245464324951,0.0641247108578682,0.00960081908851862,0.08034949749708176,0.023388899862766266,0.09831034392118454,0.01342006865888834,0.044814582914114,0.037886910140514374,0.025488611310720444,0.02885427512228489,0.06844475865364075,0.065952830016613,0.09102073311805725,0.015444790944457054,0.06700022518634796
325,0.04657901078462601,0.053724247962236404,0.03041054867208004,0.026880359277129173,0.09063007682561874,0.03737812116742134,0.011674469336867332,0.08062000572681427,0.029902156442403793,0.11849438399076462,0.012518049217760563,0.03695950284600258,0.04425596445798874,0.033184830099344254,0.03131503984332085,0.06651125103235245,0.06560461968183517,0.09198787063360214,0.014184321276843548,0.07717882841825485
326,0.05982809141278267,0.023937037214636803,0.03371713310480118,0.03166939690709114,0.06278356909751892,0.04970143735408783,0.016586624085903168,0.05897178873419762,0.04002933204174042,0.09487014263868332,0.015061371959745884,0.05030813068151474,0.045220110565423965,0.039957206696271896,0.041046757251024246,0.08291259407997131,0.08238406479358673,0.08768295496702194,0.010381735861301422,0.07294342666864395
327,0.050108782947063446,0.030952230095863342,0.03554676100611687,0.01944282464683056,0.09863421320915222,0.05058185011148453,0.015882138162851334,0.08168110251426697,0.026516413316130638,0.11425112187862396,0.014961608685553074,0.0668419599533081,0.02854219265282154,0.028267372399568558,0.03145189210772514,0.0691620260477066,0.06517786532640457,0.0839511826634407,0.011859199032187462,0.07618115842342377
328,0.06497393548488617,0.020831797271966934,0.05242602527141571,0.049700722098350525,0.05765940621495247,0.07621478289365768,0.014270074665546417,0.031383730471134186,0.039855241775512695,0.060504112392663956,0.011161498725414276,0.06562553346157074,0.0382097028195858,0.04402286186814308,0.04228636249899864,0.09910459816455841,0.08591143041849136,0.06518947333097458,0.010854128748178482,0.06981010735034943
329,0.05415082350373268,0.026927687227725983,0.05677643418312073,0.04822995141148567,0.047697097063064575,0.06829075515270233,0.012828814797103405,0.045713767409324646,0.04322504624724388,0.06563956290483475,0.012293757870793343,0.12470970302820206,0.042023975402116776,0.03745432570576668,0.03755810111761093,0.08540546149015427,0.07166936248540878,0.06529783457517624,0.009831681847572327,0.04427000880241394
330,0.07965175062417984,0.018832998350262642,0.047121237963438034,0.04190538823604584,0.045091453939676285,0.12395891547203064,0.011270858347415924,0.0506061315536499,0.03376047685742378,0.057370107620954514,0.01236672606319189,0.0725119486451149,0.01728711649775505,0.04148928076028824,0.028745755553245544,0.11381762474775314,0.08426350355148315,0.07671665400266647,0.004693424329161644,0.03853173553943634
331,0.04975319281220436,0.009582293219864368,0.05120021477341652,0.04265420138835907,0.03886818140745163,0.06005608290433884,0.01003285963088274,0.03780300170183182,0.041601475328207016,0.05370338633656502,0.007963316515088081,0.06303804367780685,0.06349367648363113,0.04107160121202469,0.034898050129413605,0.11008947342634201,0.18604977428913116,0.05273474007844925,0.00631001777946949,0.03909013792872429
332,0.07421430200338364,0.014401243068277836,0.061770230531692505,0.058609768748283386,0.04262929409742355,0.0685000866651535,0.02134053222835064,0.03980838507413864,0.0453454814851284,0.06129927188158035,0.01505266409367323,0.05972747132182121,0.017867958173155785,0.05394207313656807,0.038911473006010056,0.10336431860923767,0.09191342443227768,0.06542108207941055,0.006904840935021639,0.058969948440790176
333,0.05776315927505493,0.007983803749084473,0.051032233983278275,0.04515019804239273,0.04423895850777626,0.06214985251426697,0.011071231216192245,0.059649381786584854,0.043849531561136246,0.06368321180343628,0.01025448925793171,0.062067531049251556,0.07255994528532028,0.04282539710402489,0.029719669371843338,0.09704955667257309,0.09972693026065826,0.08439012616872787,0.007190360687673092,0.047636568546295166
334,0.061131976544857025,0.01846502535045147,0.04228576645255089,0.03843998908996582,0.05858020484447479,0.05735449492931366,0.01472262479364872,0.0710533931851387,0.04512660950422287,0.0980532243847847,0.01333386730402708,0.05737423151731491,0.05879257991909981,0.046800095587968826,0.032118942588567734,0.05847688764333725,0.07027701288461685,0.09262611716985703,0.007230743300169706,0.057751525193452835
335,0.060480937361717224,0.00912646483629942,0.054791662842035294,0.041585542261600494,0.05627371370792389,0.06824202835559845,0.014069197699427605,0.04867435619235039,0.03248133882880211,0.07725316286087036,0.013938354328274727,0.05527445673942566,0.0717070922255516,0.03701896220445633,0.031682949513196945,0.09143935143947601,0.07207656651735306,0.09191422164440155,0.008943614549934864,0.06301981210708618
336,0.08753455430269241,0.010832464322447777,0.058850374072790146,0.05601898953318596,0.041356056928634644,0.045466113835573196,0.0092181246727705,0.04929189011454582,0.0391400046646595,0.05757804960012436,0.007839732803404331,0.07865563780069351,0.06076975166797638,0.03795246779918671,0.02829081565141678,0.11183301359415054,0.08966726064682007,0.08273734897375107,0.006004554685205221,0.04095262289047241
337,0.06153252348303795,0.01366706658154726,0.05596504732966423,0.04185521602630615,0.04216684028506279,0.10468213260173798,0.01304992102086544,0.043158285319805145,0.04100528731942177,0.04770182445645332,0.011692408472299576,0.0702555701136589,0.05613696575164795,0.040013693273067474,0.034602969884872437,0.09347960352897644,0.08844275772571564,0.07863391190767288,0.006764078512787819,0.05518867447972298
338,0.06668803095817566,0.014498215168714523,0.04586588963866234,0.04152039811015129,0.0696377232670784,0.06604671478271484,0.018464431166648865,0.04156618192791939,0.03229808434844017,0.059698861092329025,0.016272634267807007,0.052955787628889084,0.03831508755683899,0.04292605072259903,0.03161550313234329,0.105373315513134,0.1009700670838356,0.06992477923631668,0.009189306758344173,0.07616578787565231
339,0.051015354692935944,0.03623294457793236,0.039837829768657684,0.03706677630543709,0.05407726392149925,0.05605527013540268,0.013570879586040974,0.06221896409988403,0.04627176374197006,0.06431664526462555,0.014543145895004272,0.060151442885398865,0.04998375102877617,0.03775518760085106,0.0395512729883194,0.07977307587862015,0.09245973080396652,0.08555953204631805,0.011342945508658886,0.06820712238550186
340,0.06063845381140709,0.028530050069093704,0.02657041698694229,0.02601959928870201,0.07869713753461838,0.04591420292854309,0.011563491076231003,0.06760040670633316,0.042232025414705276,0.08793384581804276,0.01235412247478962,0.04568573087453842,0.032621968537569046,0.03527865186333656,0.045902226120233536,0.07663577049970627,0.08564050495624542,0.1072700172662735,0.011204510927200317,0.0716991052031517
341,0.053146377205848694,0.021655229851603508,0.047875214368104935,0.03142756596207619,0.0530938021838665,0.05418337509036064,0.015554629266262054,0.056795042008161545,0.03062664531171322,0.07060160487890244,0.015987664461135864,0.13245254755020142,0.041317570954561234,0.03076082654297352,0.03345052897930145,0.07395751774311066,0.07537171989679337,0.09253532439470291,0.008113428950309753,0.06108855456113815
342,0.075713612139225,0.02018815279006958,0.05222996696829796,0.051353711634874344,0.045890819281339645,0.1135307252407074,0.010716427117586136,0.05077377334237099,0.03225122392177582,0.05562451109290123,0.012374116107821465,0.062164198607206345,0.017664415761828423,0.044473595917224884,0.028527770191431046,0.11589585989713669,0.08479872345924377,0.08055539429187775,0.005112633574754,0.04015376791357994
343,0.042661067098379135,0.013120911084115505,0.061884380877017975,0.036860957741737366,0.03678390756249428,0.05962138622999191,0.010800921358168125,0.03552532568573952,0.030642880126833916,0.04027681425213814,0.007420784793794155,0.0679432600736618,0.04523669183254242,0.03142889216542244,0.025368016213178635,0.14034023880958557,0.21157759428024292,0.05454883724451065,0.005771874450147152,0.04217873513698578
344,0.06531543284654617,0.01868264190852642,0.06917650252580643,0.04872680827975273,0.03177834674715996,0.09000711143016815,0.02585785835981369,0.0332750640809536,0.04065844044089317,0.049014024436473846,0.012391960248351097,0.08186598122119904,0.017101861536502838,0.051366329193115234,0.04270225390791893,0.1126507967710495,0.0919184759259224,0.06102830544114113,0.005349478684365749,0.05112532526254654
345,0.047209445387125015,0.029073040932416916,0.052434492856264114,0.028796594589948654,0.05762270838022232,0.07500523328781128,0.01183993835002184,0.06287539750337601,0.029837878420948982,0.06720492243766785,0.014155927114188671,0.09063666313886642,0.05113803967833519,0.03192608803510666,0.026873355731368065,0.08713751286268234,0.09601369500160217,0.07676456868648529,0.009392048232257366,0.05405735969543457
346,0.05762818083167076,0.02190524712204933,0.07584620267152786,0.05201530084013939,0.04251294210553169,0.08531133830547333,0.0159049890935421,0.04264214262366295,0.03065674751996994,0.048953279852867126,0.010434290394186974,0.06738612800836563,0.05684146285057068,0.0411054901778698,0.02884199284017086,0.09672489017248154,0.08617313951253891,0.07327032089233398,0.007838479243218899,0.058002784848213196
347,0.06077178567647934,0.03668108955025673,0.0647754818201065,0.0474008284509182,0.05774819850921631,0.06376028060913086,0.016681406646966934,0.04517289996147156,0.03309499844908714,0.06482922285795212,0.014198402874171734,0.058083802461624146,0.05176552012562752,0.0376146174967289,0.0356290265917778,0.07972270250320435,0.08367752283811569,0.07523683458566666,0.010955353267490864,0.06219256669282913
348,0.05254051834344864,0.03731965273618698,0.05850757285952568,0.03795755282044411,0.06803540885448456,0.07452595233917236,0.012297379784286022,0.05837203189730644,0.030626632273197174,0.0701485127210617,0.01336519606411457,0.060840051621198654,0.04607311263680458,0.035150960087776184,0.03164629638195038,0.08491082489490509,0.0717366486787796,0.08464338630437851,0.010521209798753262,0.06077435985207558
349,0.054578736424446106,0.040041934698820114,0.06480822712182999,0.03511558473110199,0.06380081921815872,0.052873797714710236,0.01275271363556385,0.05830380320549011,0.030257463455200195,0.06980795413255692,0.012556917034089565,0.059994231909513474,0.05671337991952896,0.032243989408016205,0.030604343861341476,0.09447508305311203,0.08050841093063354,0.07834067940711975,0.010324424132704735,0.06189080327749252
350,0.049084775149822235,0.02901783585548401,0.09307737648487091,0.04110521450638771,0.05987653508782387,0.06067458167672157,0.013336263597011566,0.048757556825876236,0.034202538430690765,0.07319953292608261,0.01248890906572342,0.06726428866386414,0.038390886038541794,0.03692683205008507,0.031998489052057266,0.08704405277967453,0.07860234379768372,0.07137598097324371,0.010279743000864983,0.06328953802585602
351,0.05395872890949249,0.030711378902196884,0.06435229629278183,0.049613092094659805,0.0583079531788826,0.06155773252248764,0.01047422830015421,0.0592227540910244,0.03754991665482521,0.06930498778820038,0.010280321352183819,0.06298760324716568,0.05881599336862564,0.03517071530222893,0.02927437797188759,0.08439743518829346,0.07649248838424683,0.08496890217065811,0.010529020801186562,0.05202247574925423
352,0.051016438752412796,0.03306075930595398,0.09221671521663666,0.05561795085668564,0.037328459322452545,0.08238539099693298,0.01457294076681137,0.035122860223054886,0.038620732724666595,0.04420461878180504,0.009693759493529797,0.08275497704744339,0.06018780544400215,0.041752733290195465,0.035115793347358704,0.09145139157772064,0.08015308529138565,0.056121475994586945,0.008245832286775112,0.050366729497909546
353,0.050162795931100845,0.04772063344717026,0.058291345834732056,0.03894907981157303,0.05178361386060715,0.1388571411371231,0.009238490834832191,0.04232305660843849,0.029209546744823456,0.05854879692196846,0.009683479554951191,0.08430786430835724,0.050312671810388565,0.03276894986629486,0.025182995945215225,0.08679872006177902,0.07359441369771957,0.05928025022149086,0.008791889995336533,0.04418712854385376
354,0.044347088783979416,0.028599156066775322,0.05269216373562813,0.03708677366375923,0.04958944767713547,0.05294419825077057,0.011010539717972279,0.04657301306724548,0.030202995985746384,0.05954622104763985,0.010690653696656227,0.059859298169612885,0.03983728215098381,0.038332048803567886,0.02994704432785511,0.10521036386489868,0.18699824810028076,0.05593161657452583,0.009513769298791885,0.05108199268579483
355,0.049312885850667953,0.025731703266501427,0.08185053616762161,0.048152096569538116,0.046264514327049255,0.055063534528017044,0.011060037650167942,0.053374383598566055,0.03586934134364128,0.06859324127435684,0.01023121178150177,0.09190761297941208,0.061678677797317505,0.03778984770178795,0.0315856859087944,0.08638785779476166,0.08658025413751602,0.06601500511169434,0.008261336013674736,0.04428233578801155
356,0.05303136259317398,0.03063209354877472,0.0627109631896019,0.03608610853552818,0.06673873960971832,0.06926989555358887,0.009589032270014286,0.06539919227361679,0.024967195466160774,0.07544495165348053,0.010137895122170448,0.06440062820911407,0.05723309889435768,0.02892238460481167,0.022437697276473045,0.09042295068502426,0.08092480152845383,0.07951435446739197,0.009027879685163498,0.06310075521469116
357,0.05742383375763893,0.014769388362765312,0.07005476206541061,0.0623449943959713,0.050026219338178635,0.08170830458402634,0.011828369460999966,0.04192985221743584,0.03460020199418068,0.05698911473155022,0.009690945968031883,0.060594700276851654,0.06421709060668945,0.043691348284482956,0.03367527574300766,0.09429831802845001,0.08413863927125931,0.06677553057670593,0.0083527946844697,0.052884962409734726
358,0.056617483496665955,0.00982203334569931,0.07110446691513062,0.045204661786556244,0.05728042125701904,0.09367886185646057,0.014433172531425953,0.038320548832416534,0.03641774505376816,0.060147371143102646,0.012741266749799252,0.07456278055906296,0.040271565318107605,0.04248862341046333,0.03367007523775101,0.10262571275234222,0.08002375066280365,0.06881235539913177,0.008107759989798069,0.05366342142224312
359,0.05502823367714882,0.03373967483639717,0.04918976128101349,0.03625066950917244,0.06398382037878036,0.08013761043548584,0.009775462560355663,0.05867792293429375,0.033853139728307724,0.07548544555902481,0.009593604132533073,0.0715639740228653,0.05207645520567894,0.03477918729186058,0.031834397464990616,0.08897191286087036,0.07464273273944855,0.07929246127605438,0.008037527091801167,0.053077537566423416
360,0.05082622170448303,0.006915242876857519,0.048182714730501175,0.03177621215581894,0.04501211270689964,0.05849288031458855,0.008749712258577347,0.039075449109077454,0.03645206242799759,0.05366923287510872,0.0072372411377727985,0.05715484172105789,0.10314866900444031,0.030553990975022316,0.027341147884726524,0.13109330832958221,0.15642127394676208,0.058429501950740814,0.0062841493636369705,0.04317852482199669
361,0.06602546572685242,0.019789820536971092,0.05284200236201286,0.03882373869419098,0.06202798709273338,0.0706847533583641,0.013086437247693539,0.04830044135451317,0.03507225960493088,0.06898874044418335,0.013815381564199924,0.06350456923246384,0.05047355219721794,0.03550993278622627,0.03550717979669571,0.09381432086229324,0.07624915987253189,0.07328002899885178,0.010665493085980415,0.0715315043926239
362,0.05473587289452553,0.011197676882147789,0.08296483755111694,0.051240891218185425,0.0339699387550354,0.13252349197864532,0.011501168832182884,0.025348812341690063,0.036644238978624344,0.04224379360675812,0.009521772153675556,0.09089654684066772,0.07594601809978485,0.04146962985396385,0.03156489133834839,0.09924471378326416,0.07529742270708084,0.046829868108034134,0.005798306316137314,0.04105401039123535
363,0.05583074688911438,0.018946342170238495,0.06050547957420349,0.0404648557305336,0.05003960058093071,0.09452290087938309,0.013085315003991127,0.04153362289071083,0.042389754205942154,0.05534180626273155,0.01104983501136303,0.07528861612081528,0.052873991429805756,0.03930467739701271,0.03777296468615532,0.10240886360406876,0.0808064267039299,0.06340581923723221,0.008253833279013634,0.0561676025390625
364,0.061977505683898926,0.024875925853848457,0.06781235337257385,0.04902604967355728,0.04352458193898201,0.09180423617362976,0.015262849628925323,0.029219040647149086,0.04203830659389496,0.04416349530220032,0.010668602772057056,0.0704970732331276,0.07988012582063675,0.046937230974435806,0.041945792734622955,0.09696158766746521,0.07531336694955826,0.05301826447248459,0.00823869090527296,0.046827610582113266
365,0.05520176887512207,0.036669254302978516,0.047061070799827576,0.033951688557863235,0.05855951085686684,0.06220335140824318,0.013158060610294342,0.056353140622377396,0.04174373671412468,0.0802401527762413,0.011919118463993073,0.05628787726163864,0.04784460365772247,0.03784066066145897,0.034641869366168976,0.08778335154056549,0.08104944229125977,0.08184495568275452,0.01096770353615284,0.06467101722955704
366,0.05604934319853783,0.03628011420369148,0.04980705678462982,0.03595304489135742,0.06743352115154266,0.05147296562790871,0.011769939213991165,0.05731912702322006,0.03820379450917244,0.07211456447839737,0.012333011254668236,0.05899176374077797,0.04463130980730057,0.03546556085348129,0.03377382829785347,0.09175495058298111,0.08454246073961258,0.08291488885879517,0.012301139533519745,0.06688208878040314
367,0.051679305732250214,0.02499745599925518,0.05006060376763344,0.041562218219041824,0.058797262609004974,0.06033090502023697,0.012407444417476654,0.049905069172382355,0.04569200798869133,0.07167981564998627,0.012637518346309662,0.07895349711179733,0.055990662425756454,0.042252153158187866,0.04026069864630699,0.08762961626052856,0.0742938369512558,0.07461108267307281,0.010241303592920303,0.0560104139149189
368,0.05020840838551521,0.03183215856552124,0.07536212354898453,0.04416558891534805,0.0346691720187664,0.08033106476068497,0.016535449773073196,0.021460771560668945,0.05180101841688156,0.04061580076813698,0.008135700598359108,0.08512894809246063,0.07788801193237305,0.049737680703401566,0.045225128531455994,0.11430195719003677,0.07789506018161774,0.03612644970417023,0.008009063079953194,0.05056469142436981
369,0.05139806866645813,0.02543909102678299,0.06734646111726761,0.04213510826230049,0.04206841066479683,0.09084361791610718,0.011651664972305298,0.035009678453207016,0.039228443056344986,0.050955113023519516,0.01018419861793518,0.1234494149684906,0.06352103501558304,0.04136304929852486,0.03715253248810768,0.09278563410043716,0.07265881448984146,0.052113089710474014,0.007314393762499094,0.043375514447689056
370,0.048680804669857025,0.01661413349211216,0.051089607179164886,0.033806975930929184,0.04091096669435501,0.0646812841296196,0.008971136063337326,0.034526217728853226,0.0458359494805336,0.04928859695792198,0.007430362980812788,0.06836272031068802,0.04848840832710266,0.03634002059698105,0.03170718625187874,0.13636773824691772,0.18209505081176758,0.04828760400414467,0.006924082990735769,0.039583928883075714
371,0.05384567752480507,0.027856450527906418,0.09074211865663528,0.042007122188806534,0.044673167169094086,0.0808984562754631,0.01148610096424818,0.04172194376587868,0.03639765456318855,0.06626180559396744,0.009127287194132805,0.08124824613332748,0.05007493495941162,0.037670817226171494,0.03225558251142502,0.09265422075986862,0.07975003868341446,0.06197953224182129,0.00827895849943161,0.051062606275081635
372,0.050899043679237366,0.0316070057451725,0.06301269680261612,0.03464120626449585,0.044726841151714325,0.08189202100038528,0.008385670371353626,0.04000238701701164,0.04125450551509857,0.05855947732925415,0.007767581380903721,0.13102982938289642,0.059913188219070435,0.034958645701408386,0.026807593181729317,0.11021632701158524,0.07573560625314713,0.05236612632870674,0.007974445819854736,0.038242775946855545
373,0.0609266571700573,0.010744394734501839,0.08041369169950485,0.05594301223754883,0.03688744828104973,0.07442580908536911,0.014361206442117691,0.03290748596191406,0.05413879454135895,0.04900292679667473,0.009400727227330208,0.08009827882051468,0.06336303055286407,0.047777965664863586,0.039276912808418274,0.1089654415845871,0.08211060613393784,0.04989021643996239,0.006656665820628405,0.042703017592430115
374,0.05860431492328644,0.011446652933955193,0.08964548259973526,0.05271036922931671,0.04115111753344536,0.08727864176034927,0.01364668644964695,0.03663153573870659,0.03771726042032242,0.05613751709461212,0.011728459969162941,0.08094233274459839,0.049859121441841125,0.043852515518665314,0.030953599140048027,0.10368894040584564,0.08141542226076126,0.058117568492889404,0.007550207898020744,0.04691556468605995
375,0.05925307422876358,0.017700668424367905,0.06280864775180817,0.05028858408331871,0.05313096195459366,0.07529497891664505,0.011843718588352203,0.04403647780418396,0.03688229247927666,0.06358381360769272,0.013767563737928867,0.0629625990986824,0.054648157209157944,0.04172631353139877,0.03419006988406181,0.10430283099412918,0.08597765117883682,0.06343434751033783,0.01108414214104414,0.05307728052139282
376,0.0632452443242073,0.010160711593925953,0.061181362718343735,0.03899943828582764,0.04164022207260132,0.08999374508857727,0.017373409122228622,0.03508969768881798,0.04565157741308212,0.05363605543971062,0.013144643045961857,0.07990309596061707,0.04892748221755028,0.04692250117659569,0.044409193098545074,0.10835707932710648,0.08287794142961502,0.056165341287851334,0.007836650125682354,0.05447803810238838
377,0.05676434561610222,0.03383105620741844,0.043830085545778275,0.031526122242212296,0.07438711076974869,0.05404489487409592,0.012095428071916103,0.07399505376815796,0.035154592245817184,0.08920805156230927,0.01720529980957508,0.05605493485927582,0.04202096536755562,0.03434952720999718,0.02891862392425537,0.07347451895475388,0.07317740470170975,0.09751807153224945,0.01227258238941431,0.060163747519254684
378,0.05628981441259384,0.011286051943898201,0.08154847472906113,0.04957059770822525,0.04716073349118233,0.056363049894571304,0.010558842681348324,0.03794560208916664,0.03955135866999626,0.058495961129665375,0.007657295558601618,0.08237418532371521,0.07487146556377411,0.03843022510409355,0.029347499832510948,0.11805770546197891,0.09425865858793259,0.05953604727983475,0.005405714735388756,0.041284170001745224
379,0.058900803327560425,0.013105382211506367,0.08223274350166321,0.05055315047502518,0.04355683550238609,0.07135660201311111,0.014370408840477467,0.03127886727452278,0.05189748853445053,0.05284619703888893,0.009520524181425571,0.07557982206344604,0.06631304323673248,0.046828240156173706,0.04302803426980972,0.10476620495319366,0.08337381482124329,0.046600088477134705,0.0075609805062413216,0.0463239848613739
380,0.05709519982337952,0.021433204412460327,0.06350594758987427,0.041815534234046936,0.04976297914981842,0.07274800539016724,0.010035927407443523,0.04907871037721634,0.04847700521349907,0.06223023682832718,0.008549387566745281,0.08033064007759094,0.04924384877085686,0.03884435445070267,0.03123021125793457,0.10779718309640884,0.0865083709359169,0.06241961941123009,0.00798033643513918,0.05090589076280594
381,0.05757933109998703,0.012329712510108948,0.0956488698720932,0.04767894744873047,0.04071248695254326,0.05497424304485321,0.013409865088760853,0.04488806053996086,0.0618135966360569,0.06055070459842682,0.008302337490022182,0.07122217118740082,0.045826636254787445,0.045782990753650665,0.036268316209316254,0.09980212152004242,0.09388841688632965,0.060897719115018845,0.005784537643194199,0.04263021796941757
382,0.058279238641262054,0.023669568821787834,0.0640656054019928,0.04939026013016701,0.05030205845832825,0.09452246129512787,0.010699942708015442,0.038403887301683426,0.042505908757448196,0.05101323500275612,0.008254064247012138,0.07526808977127075,0.05749830603599548,0.04316984862089157,0.03213267773389816,0.10364150255918503,0.08290543407201767,0.05977398529648781,0.008110269904136658,0.04638378322124481
383,0.056604672223329544,0.01826791651546955,0.058763742446899414,0.047502096742391586,0.05870085209608078,0.05215182900428772,0.008043885231018066,0.0641147792339325,0.037630025297403336,0.08161772787570953,0.010789823718369007,0.06146791949868202,0.04945214465260506,0.03850334882736206,0.03373026102781296,0.095173180103302,0.08377452194690704,0.08620722591876984,0.008998554199934006,0.048496175557374954
384,0.05408548563718796,0.020272960886359215,0.06228549778461456,0.0403427854180336,0.044627994298934937,0.06716287136077881,0.014269903302192688,0.04078083112835884,0.04996081441640854,0.06063034012913704,0.008623256348073483,0.08873260021209717,0.05714861676096916,0.043238937854766846,0.041365109384059906,0.10449275374412537,0.08314155042171478,0.06357188522815704,0.007640557363629341,0.04761813208460808
385,0.05402057245373726,0.023345312103629112,0.05609714984893799,0.0470794215798378,0.05690942704677582,0.0529443696141243,0.010153748095035553,0.057219360023736954,0.04016737639904022,0.07144738733768463,0.010257255285978317,0.0638270229101181,0.07160527259111404,0.03866158425807953,0.037498097866773605,0.08728054910898209,0.08810405433177948,0.0669214129447937,0.010498796589672565,0.05595449358224869
386,0.05360284075140953,0.012552747502923012,0.06326691061258316,0.054868534207344055,0.04363767057657242,0.06971368938684464,0.012552762404084206,0.039176274091005325,0.04264679551124573,0.05415778234601021,0.010813400149345398,0.06524945795536041,0.07705117762088776,0.044608503580093384,0.03650115430355072,0.10643971711397171,0.093991719186306,0.06290177255868912,0.00697579188272357,0.04928579181432724
387,0.053519219160079956,0.015462889336049557,0.09216535091400146,0.06111881509423256,0.0341174378991127,0.09401742368936539,0.014896804466843605,0.024588141590356827,0.04303997382521629,0.04393181577324867,0.009687269106507301,0.08618023991584778,0.06451359391212463,0.05379074811935425,0.03635066747665405,0.10469314455986023,0.07430484145879745,0.04011513665318489,0.007244005333632231,0.046257197856903076
388,0.05423649400472641,0.009394010528922081,0.04362893104553223,0.03398386389017105,0.06273983418941498,0.06061306223273277,0.010589931160211563,0.06185869500041008,0.04927700012922287,0.07694956660270691,0.013265331275761127,0.0569445863366127,0.046527862548828125,0.03855377435684204,0.03349988907575607,0.0701623186469078,0.12276425212621689,0.08750173449516296,0.010521733202040195,0.05697883293032646
389,0.03901655972003937,0.018779322504997253,0.05934952199459076,0.03554297983646393,0.04108961671590805,0.07423848658800125,0.012082751840353012,0.04609810188412666,0.05044073238968849,0.05482582747936249,0.009862481616437435,0.13927322626113892,0.051352571696043015,0.03763676434755325,0.0338885560631752,0.08219650387763977,0.08721740543842316,0.06584089249372482,0.008935946971178055,0.05232582986354828
390,0.056232623755931854,0.010337199084460735,0.05352482944726944,0.03643553704023361,0.05058995634317398,0.07524732500314713,0.012197713367640972,0.043944910168647766,0.05541975423693657,0.06241822615265846,0.010284443385899067,0.06545199453830719,0.08393870294094086,0.04112176597118378,0.03688798472285271,0.0978117510676384,0.08353643119335175,0.06710857152938843,0.00838388130068779,0.049121007323265076
391,0.06072527915239334,0.015396825969219208,0.0645286813378334,0.047042153775691986,0.048408348113298416,0.0798942819237709,0.013628636486828327,0.04306124150753021,0.04320667311549187,0.05628863722085953,0.011987372301518917,0.07177561521530151,0.047213051468133926,0.042417384684085846,0.03816720470786095,0.09125164896249771,0.07732347398996353,0.07060898095369339,0.01200780551880598,0.0650613009929657
392,0.058567292988300323,0.009353003464639187,0.08455842733383179,0.048703376203775406,0.02973560243844986,0.12001217156648636,0.0170486718416214,0.020256338641047478,0.045868728309869766,0.033900778740644455,0.008728298358619213,0.09333425760269165,0.07286755740642548,0.043195851147174835,0.04244695603847504,0.10801905393600464,0.08130566030740738,0.03718965873122215,0.006503789685666561,0.03839850053191185
393,0.052110470831394196,0.013700036332011223,0.05875831097364426,0.045880626887083054,0.04793006554245949,0.07592211663722992,0.012603560462594032,0.04868151247501373,0.054215122014284134,0.061681922525167465,0.011530546471476555,0.08120061457157135,0.05896185338497162,0.04859581217169762,0.04414494335651398,0.09008914232254028,0.0753478854894638,0.0612751804292202,0.007107307203114033,0.05025527626276016
394,0.053344931453466415,0.013910595327615738,0.04583853483200073,0.030736394226551056,0.03684935346245766,0.06322076171636581,0.00936385802924633,0.03424632176756859,0.047876231372356415,0.04846293851733208,0.007497476413846016,0.06454848498106003,0.06650611758232117,0.03274742513895035,0.02986469492316246,0.12376587092876434,0.1994892954826355,0.049702826887369156,0.005811817478388548,0.03620804101228714
395,0.05472240224480629,0.015572542324662209,0.05518744885921478,0.03622989356517792,0.05013532564043999,0.11948522180318832,0.012899091467261314,0.03215525671839714,0.04690345376729965,0.05446996912360191,0.01143223699182272,0.10408049821853638,0.05163491889834404,0.03966698795557022,0.040577232837677,0.09353692829608917,0.07105965912342072,0.047753963619470596,0.008403121493756771,0.05408775806427002
396,0.05356240272521973,0.012318775057792664,0.08618005365133286,0.04619652032852173,0.02795211598277092,0.09996171295642853,0.018925435841083527,0.020385250449180603,0.048025425523519516,0.03337228298187256,0.009490530006587505,0.09775874018669128,0.08289174735546112,0.04631558060646057,0.04243295267224312,0.10933888703584671,0.08220450580120087,0.0355738140642643,0.006122572813183069,0.04098549112677574
397,0.07532985508441925,0.014649448916316032,0.05300832912325859,0.033531464636325836,0.04410228133201599,0.09071803092956543,0.01630675233900547,0.04831111803650856,0.03971410170197487,0.06540226191282272,0.01732552796602249,0.06286188960075378,0.03874078392982483,0.038890719413757324,0.044000040739774704,0.08622632920742035,0.07740922272205353,0.08248794078826904,0.010988544672727585,0.059987980872392654
398,0.05451514199376106,0.034440599381923676,0.030115613713860512,0.022370291873812675,0.10873609036207199,0.042567335069179535,0.009618165902793407,0.08973384648561478,0.026539169251918793,0.10429835319519043,0.016361679881811142,0.03762033209204674,0.030712302774190903,0.024239342659711838,0.02630109339952469,0.058681223541498184,0.06263082474470139,0.1130184456706047,0.02012426033616066,0.08737027645111084
399,0.054498109966516495,0.02375120297074318,0.04108957201242447,0.058402396738529205,0.06199135631322861,0.041386839002370834,0.011504764668643475,0.08352790772914886,0.029284870252013206,0.09334886074066162,0.015853149816393852,0.03856314718723297,0.024630481377243996,0.03499658778309822,0.032043445855379105,0.06972762942314148,0.08160004019737244,0.11420387029647827,0.017510998994112015,0.07207909226417542
400,0.04451897740364075,0.041807375848293304,0.02183629386126995,0.018943505361676216,0.09195218235254288,0.029805863276124,0.009955338202416897,0.11295057833194733,0.030574318021535873,0.13234363496303558,0.017243077978491783,0.027353748679161072,0.029427669942378998,0.02720988728106022,0.03305521607398987,0.046032581478357315,0.047955043613910675,0.14091718196868896,0.019576899707317352,0.07653569430112839
401,0.048404354602098465,0.029095802456140518,0.07225578278303146,0.04622030630707741,0.04748334363102913,0.04235254228115082,0.014322382397949696,0.05108332261443138,0.047299824655056,0.05859961360692978,0.00938381813466549,0.09326240420341492,0.031589630991220474,0.04014941304922104,0.043393153697252274,0.10043681412935257,0.08698724955320358,0.08006824553012848,0.0061083463951945305,0.05149921774864197
402,0.06590642035007477,0.02914140745997429,0.0632086917757988,0.04045703634619713,0.04840150848031044,0.10444513708353043,0.01335236243903637,0.03513919189572334,0.048814550042152405,0.05544585734605789,0.012392767705023289,0.08393034338951111,0.055795688182115555,0.03233765810728073,0.04138809069991112,0.09374576061964035,0.07207943499088287,0.05077780410647392,0.009439756162464619,0.0437961183488369
403,0.047871753573417664,0.024004856124520302,0.08018002659082413,0.036897458136081696,0.04252064228057861,0.08575967699289322,0.0110572949051857,0.037351544946432114,0.050615955144166946,0.05310270935297012,0.009921284392476082,0.12543486058712006,0.02827196568250656,0.03587663173675537,0.0368359312415123,0.09954468905925751,0.09016982465982437,0.05576009675860405,0.00683332746848464,0.041983701288700104
404,0.05138317123055458,0.02372356317937374,0.05137559771537781,0.05341893061995506,0.06020202487707138,0.07061012089252472,0.012767938897013664,0.05576765537261963,0.049125660210847855,0.06950730085372925,0.011538268066942692,0.06301835179328918,0.025087466463446617,0.04527771472930908,0.040267884731292725,0.08435368537902832,0.08356013894081116,0.0815323144197464,0.010701987892389297,0.05677208676934242
405,0.046560678631067276,0.06742855161428452,0.022944949567317963,0.02058836631476879,0.08115659654140472,0.03592272847890854,0.00676461448892951,0.11840184777975082,0.030209679156541824,0.10370370745658875,0.014300858601927757,0.04080595821142197,0.031186940148472786,0.022036446258425713,0.0261826291680336,0.053989630192518234,0.07401227205991745,0.11352977156639099,0.02280779927968979,0.06745932996273041
406,0.04193108156323433,0.024732965975999832,0.022790417075157166,0.026259509846568108,0.08550488948822021,0.026909124106168747,0.014917412772774696,0.10718759149312973,0.04687376692891121,0.10588635504245758,0.011166511103510857,0.02759123221039772,0.021032309159636497,0.031820304691791534,0.040312957018613815,0.05259985476732254,0.0833103284239769,0.12628713250160217,0.013205467723309994,0.08967547118663788
407,0.05401293560862541,0.03137543797492981,0.025469256564974785,0.02784842811524868,0.09643549472093582,0.04001276567578316,0.012811495922505856,0.0876016616821289,0.034006763249635696,0.10661938041448593,0.018766280263662338,0.03965266793966293,0.03429228067398071,0.0314331017434597,0.035321760922670364,0.05913552641868591,0.061712153255939484,0.10919729620218277,0.018319718539714813,0.07596813142299652
408,0.04101227968931198,0.06836406141519547,0.018247190862894058,0.014533638954162598,0.0932358130812645,0.03136700391769409,0.007084134966135025,0.1202549859881401,0.018177302554249763,0.16909825801849365,0.017677584663033485,0.03270741552114487,0.029881296679377556,0.017995543777942657,0.02180694043636322,0.04517567902803421,0.059409141540527344,0.10665511339902878,0.014092138968408108,0.07321635633707047
409,0.05006420239806175,0.07313724607229233,0.022819863632321358,0.019327307119965553,0.08381190150976181,0.04068506509065628,0.010884118266403675,0.08361196517944336,0.046578675508499146,0.10702017694711685,0.010095424018800259,0.04637971147894859,0.03685199096798897,0.0350068174302578,0.03562852740287781,0.06841634213924408,0.06910707801580429,0.08371245115995407,0.00977452751249075,0.06707819551229477
410,0.05524015054106712,0.04817037284374237,0.047083232551813126,0.027473656460642815,0.07285535335540771,0.0505305714905262,0.00921101775020361,0.06533408164978027,0.034489307552576065,0.0824195072054863,0.009450309909880161,0.07465846091508865,0.061419032514095306,0.0289352647960186,0.03084096498787403,0.08353433012962341,0.07610078155994415,0.07967840880155563,0.009863019920885563,0.052703820168972015
411,0.04264511913061142,0.048393599689006805,0.048634495586156845,0.02494005858898163,0.06928501278162003,0.08515550941228867,0.01010215189307928,0.0650867372751236,0.03446963056921959,0.08828635513782501,0.009062523022294044,0.09243062138557434,0.03842513635754585,0.02771741896867752,0.028444238007068634,0.08361080288887024,0.07027247548103333,0.06618329882621765,0.01082585845142603,0.05602075532078743
412,0.05727580189704895,0.10718759894371033,0.033630672842264175,0.033945705741643906,0.08163413405418396,0.04678811877965927,0.00931620318442583,0.061555977910757065,0.03604920208454132,0.07289061695337296,0.010859671048820019,0.03802864998579025,0.02612493745982647,0.03570502996444702,0.02276349812746048,0.09081592410802841,0.07398505508899689,0.08021645992994308,0.014239594340324402,0.06697768718004227
413,0.045947931706905365,0.08150164037942886,0.03983889892697334,0.02928563579916954,0.0785815566778183,0.046553224325180054,0.008698427118360996,0.07878921180963516,0.02944207191467285,0.07524257153272629,0.010167025960981846,0.05755249038338661,0.04239574447274208,0.02636924758553505,0.026517564430832863,0.07957345992326736,0.08733846247196198,0.08149228245019913,0.016525056213140488,0.058179643005132675
414,0.047159139066934586,0.07974478602409363,0.021419523283839226,0.021254142746329308,0.09938075393438339,0.037161942571401596,0.008054896257817745,0.11343814432621002,0.02567642368376255,0.11538760364055634,0.012824870645999908,0.02764519676566124,0.028705041855573654,0.02326728217303753,0.023078827187418938,0.04315916821360588,0.05771504342556,0.1341836303472519,0.012227448634803295,0.06850974261760712
415,0.0453377403318882,0.048950910568237305,0.03093341737985611,0.02505888044834137,0.08987529575824738,0.03870436176657677,0.009985067881643772,0.07862993329763412,0.03775634616613388,0.0882975161075592,0.01123238168656826,0.050665248185396194,0.03509891778230667,0.03039793111383915,0.03556840494275093,0.07472480833530426,0.08345979452133179,0.08646973967552185,0.01949172094464302,0.07935357838869095
416,0.040601007640361786,0.08408895134925842,0.03383421525359154,0.019269078969955444,0.09661348164081573,0.03788746893405914,0.008232726715505123,0.1037377417087555,0.020167764276266098,0.10936348140239716,0.012809555046260357,0.03779442608356476,0.0488799512386322,0.02011711522936821,0.025647148489952087,0.055737387388944626,0.058931004256010056,0.0879163146018982,0.02132752165198326,0.07703664898872375
417,0.04342545568943024,0.04876667633652687,0.03293352946639061,0.030805135145783424,0.08321516960859299,0.06563353538513184,0.009025005623698235,0.08164646476507187,0.028907252475619316,0.09581810981035233,0.010645552538335323,0.04075777903199196,0.03898458555340767,0.023974057286977768,0.026072464883327484,0.0728190466761589,0.08330096304416656,0.09035364538431168,0.013492945581674576,0.07941590994596481
418,0.053872495889663696,0.030106110498309135,0.04882145673036575,0.03713373839855194,0.0786602571606636,0.0658816248178482,0.011418899521231651,0.06571616232395172,0.029774542897939682,0.0889662355184555,0.014129114337265491,0.054011836647987366,0.035135313868522644,0.03213077411055565,0.02748165652155876,0.07810433208942413,0.07881737500429153,0.09088589996099472,0.012436469085514545,0.06651004403829575
419,0.04507318511605263,0.09456617385149002,0.023131923750042915,0.02070624567568302,0.10423057526350021,0.06017998978495598,0.00709104398265481,0.08681049197912216,0.03198328986763954,0.10908729583024979,0.011816088110208511,0.03381996974349022,0.049370329827070236,0.02232634276151657,0.02352682314813137,0.058524519205093384,0.05218140408396721,0.08699646592140198,0.01594170741736889,0.06262823194265366
420,0.04659285023808479,0.032916776835918427,0.048297420144081116,0.03924187645316124,0.07012434303760529,0.05107371136546135,0.011071259155869484,0.06601803004741669,0.039423197507858276,0.0728684514760971,0.01260338257998228,0.059307921677827835,0.03605376556515694,0.03487418219447136,0.030495917424559593,0.08415482193231583,0.09779707342386246,0.08608511835336685,0.012677842751145363,0.06831676512956619
421,0.04435206949710846,0.05606260895729065,0.02603987790644169,0.020279347896575928,0.11029663681983948,0.06991439312696457,0.007122463081032038,0.10141132026910782,0.023792222142219543,0.11422936618328094,0.013684111647307873,0.03594113513827324,0.0426730252802372,0.02228308655321598,0.02113625779747963,0.05689404532313347,0.05421816557645798,0.10466915369033813,0.013566701672971249,0.06142795830965042
422,0.0455426387488842,0.015574577264487743,0.04117840155959129,0.03146267682313919,0.052301276475191116,0.036577802151441574,0.011382970958948135,0.057575106620788574,0.04882263019680977,0.07154582440853119,0.010290142148733139,0.05884196236729622,0.049520041793584824,0.03981645405292511,0.03559691458940506,0.08225977420806885,0.16522099077701569,0.07471510022878647,0.010748407803475857,0.061020784080028534
423,0.044810544699430466,0.08108626306056976,0.03856154531240463,0.020385071635246277,0.07010789960622787,0.04488034173846245,0.014636716805398464,0.08792116492986679,0.03339740261435509,0.11156078428030014,0.01301136426627636,0.07272961735725403,0.033889900892972946,0.024009382352232933,0.03238048031926155,0.06861325353384018,0.06531159579753876,0.0771639347076416,0.00824444554746151,0.05729121342301369
424,0.05030883848667145,0.03783617168664932,0.048850055783987045,0.03917105495929718,0.05864621698856354,0.05938631668686867,0.011930358596146107,0.05960918590426445,0.040429599583148956,0.06568846851587296,0.010538579896092415,0.0638912096619606,0.05440167710185051,0.0316024087369442,0.03686150163412094,0.0863107368350029,0.08902572095394135,0.0828142911195755,0.009734328836202621,0.06295770406723022
425,0.08648134768009186,0.019580451771616936,0.07415398210287094,0.04882310703396797,0.04768393933773041,0.05264477804303169,0.009512973949313164,0.04016227275133133,0.05612284317612648,0.058955028653144836,0.00876594614237547,0.0692954733967781,0.03751504793763161,0.03647860139608383,0.030832242220640182,0.12442920356988907,0.09076487272977829,0.06300979107618332,0.005959685891866684,0.03882107883691788
426,0.03873033821582794,0.014008777216076851,0.11108539253473282,0.04602596163749695,0.03170352801680565,0.14009989798069,0.011190096847712994,0.033788327127695084,0.04499420151114464,0.0407385379076004,0.0068285358138382435,0.10000045597553253,0.03833732753992081,0.0336146205663681,0.027415232732892036,0.10459885001182556,0.08240988850593567,0.04397615045309067,0.008126724511384964,0.042320191860198975
427,0.06961734592914581,0.03852532431483269,0.03367968648672104,0.03179151192307472,0.06879796832799911,0.06579289585351944,0.008865449577569962,0.056670308113098145,0.048780832439661026,0.0783541202545166,0.01203515287488699,0.049972034990787506,0.04422811418771744,0.039345234632492065,0.03177128732204437,0.09846177697181702,0.07639363408088684,0.08154331147670746,0.011204080656170845,0.05416228994727135
428,0.050875451415777206,0.011325550265610218,0.07322452962398529,0.05513278767466545,0.03598584607243538,0.06532558053731918,0.014255798421800137,0.044839177280664444,0.06027807667851448,0.04258746653795242,0.009144261479377747,0.07414811849594116,0.04699776694178581,0.04173509404063225,0.038332387804985046,0.10659382492303848,0.09772033244371414,0.06535063683986664,0.008549666032195091,0.057590484619140625
429,0.060749080032110214,0.009141311049461365,0.07694758474826813,0.049664225429296494,0.04341265931725502,0.10995323210954666,0.020475944504141808,0.03164413571357727,0.0468716099858284,0.05293992534279823,0.013612331822514534,0.08140739053487778,0.04267164319753647,0.04284529387950897,0.035019297152757645,0.09433917701244354,0.06875570863485336,0.05422252044081688,0.009627793915569782,0.0556931309401989
430,0.0676845908164978,0.022397657856345177,0.040984220802783966,0.03282748535275459,0.0780855044722557,0.05161929130554199,0.014647561125457287,0.06978626549243927,0.034793928265571594,0.09259604662656784,0.018975986167788506,0.04586375132203102,0.03065209649503231,0.03146921470761299,0.03201312571763992,0.06428667902946472,0.07319163531064987,0.09455109387636185,0.016680706292390823,0.08688779920339584
431,0.06571949273347855,0.008226476609706879,0.04140770435333252,0.044771913439035416,0.06727851927280426,0.05653687193989754,0.015899529680609703,0.056374985724687576,0.03835602104663849,0.07903321832418442,0.01637318730354309,0.043875470757484436,0.028677809983491898,0.043572358787059784,0.0423382930457592,0.08929244428873062,0.07818038016557693,0.08751049637794495,0.018040331080555916,0.07853004336357117
432,0.06181368976831436,0.010862045921385288,0.0272508691996336,0.027747279033064842,0.08877967298030853,0.04262835904955864,0.010126715525984764,0.10629556328058243,0.022470422089099884,0.12288971245288849,0.022180497646331787,0.03044692985713482,0.02298598922789097,0.026555979624390602,0.027344245463609695,0.058863695710897446,0.05880102887749672,0.13214077055454254,0.019641418009996414,0.08016990125179291
433,0.06226321682333946,0.008570071309804916,0.05901226028800011,0.06115501746535301,0.04668459668755531,0.06577245891094208,0.01647740788757801,0.039703890681266785,0.04729247838258743,0.06286662817001343,0.012733981013298035,0.060742806643247604,0.022198420017957687,0.05521678552031517,0.04923345521092415,0.09441834688186646,0.09231317788362503,0.06519021838903427,0.011226803995668888,0.06692375242710114
434,0.05164135619997978,0.010444342158734798,0.0419037789106369,0.028250060975551605,0.09642347693443298,0.05583023652434349,0.012224361300468445,0.08519888669252396,0.029741713777184486,0.09787990152835846,0.016705326735973358,0.018353736028075218,0.03419269621372223,0.027557650581002235,0.034997373819351196,0.07347232103347778,0.07301304489374161,0.11166791617870331,0.0171552374958992,0.0833432599902153
435,0.060078319162130356,0.009453395381569862,0.0639626607298851,0.04831109568476677,0.051897503435611725,0.0767941027879715,0.018721705302596092,0.04740861803293228,0.041132956743240356,0.0481543205678463,0.01113466452807188,0.0640132874250412,0.033889930695295334,0.041876859962940216,0.04294147342443466,0.10224620252847672,0.08427701145410538,0.06950467824935913,0.01278756558895111,0.07140960544347763
436,0.05792869254946709,0.013943971134722233,0.0455440878868103,0.0391877256333828,0.059996895492076874,0.09288160502910614,0.013215957209467888,0.05974826216697693,0.0407111831009388,0.06944496184587479,0.013543078675866127,0.06790802627801895,0.04582583159208298,0.03640768304467201,0.0367683582007885,0.08528562635183334,0.07217641919851303,0.07004600018262863,0.01436961442232132,0.06506141275167465
437,0.056228842586278915,0.013307260349392891,0.04936394840478897,0.03903064504265785,0.058526042848825455,0.0645662397146225,0.008905612863600254,0.05809175595641136,0.04190419241786003,0.06874552369117737,0.009749880991876125,0.06376276910305023,0.042904794216156006,0.0367790088057518,0.0329764187335968,0.08079306036233902,0.13003598153591156,0.07356154173612595,0.012553185224533081,0.05820900946855545
438,0.04879346862435341,0.02401755191385746,0.04880848899483681,0.03468259423971176,0.05905614420771599,0.06384468078613281,0.012841937132179737,0.06678704172372818,0.042915478348731995,0.07980751991271973,0.010267025791108608,0.06491528451442719,0.04686155542731285,0.037480540573596954,0.041887156665325165,0.08237472176551819,0.07674714922904968,0.08016621321439743,0.013026819564402103,0.0647115707397461
439,0.05702771991491318,0.034162357449531555,0.049071427434682846,0.029876627027988434,0.08690941333770752,0.06312453746795654,0.008543112315237522,0.07490089535713196,0.03895127400755882,0.08626339584589005,0.009481655433773994,0.030551934614777565,0.07439202070236206,0.032745860517024994,0.030892418697476387,0.04190632700920105,0.06973227858543396,0.08623457700014114,0.019267676398158073,0.07595813274383545
440,0.05073954537510872,0.028829531744122505,0.046461042016744614,0.03617550805211067,0.0708557739853859,0.05775785818696022,0.009517124854028225,0.08488773554563522,0.03240783140063286,0.08299652487039566,0.010767530649900436,0.06532034277915955,0.05966613441705704,0.03553813323378563,0.024246621876955032,0.03948507457971573,0.07910707592964172,0.09927605837583542,0.016859646886587143,0.06909853965044022
441,0.04310359060764313,0.03526565805077553,0.026816774159669876,0.023351704701781273,0.10431277006864548,0.05114021152257919,0.007055680733174086,0.11216410994529724,0.025982454419136047,0.11155930161476135,0.014525387436151505,0.03918115422129631,0.040970221161842346,0.023159652948379517,0.022629311308264732,0.0567978210747242,0.054600536823272705,0.11978567391633987,0.018187636509537697,0.069403737783432
442,0.0479552336037159,0.042770177125930786,0.030168425291776657,0.02188466116786003,0.08454057574272156,0.054561346769332886,0.009321418590843678,0.07590924203395844,0.03339577466249466,0.08351140469312668,0.010408028960227966,0.05711233243346214,0.04264882951974869,0.0270832572132349,0.03459678217768669,0.09644109010696411,0.07858068495988846,0.08336389064788818,0.01747489534318447,0.0682642012834549
443,0.0447620153427124,0.05393819138407707,0.04011882096529007,0.023131534457206726,0.0900501012802124,0.04891735315322876,0.00905434601008892,0.075328528881073,0.02848968282341957,0.08456571400165558,0.007971265353262424,0.06835132092237473,0.04808857664465904,0.025355156511068344,0.025241775438189507,0.08139768987894058,0.08227922022342682,0.07100371271371841,0.015799982473254204,0.07614555954933167
444,0.044793590903282166,0.042176321148872375,0.04821862280368805,0.031247181817889214,0.08490356057882309,0.04296400770545006,0.010373982600867748,0.08095293492078781,0.02956969663500786,0.09145157784223557,0.009769164025783539,0.06399831920862198,0.041695769876241684,0.027232974767684937,0.02272365242242813,0.07880706340074539,0.07563520967960358,0.08504629880189896,0.01424918882548809,0.07418350875377655
445,0.04839150607585907,0.029249567538499832,0.051209237426519394,0.03289024159312248,0.07990266382694244,0.06827864050865173,0.009103788994252682,0.06724978983402252,0.03699377551674843,0.08039317280054092,0.009261387400329113,0.06555069983005524,0.03971707448363304,0.031174378469586372,0.027507377788424492,0.08940030634403229,0.07607525587081909,0.0753588005900383,0.014892179518938065,0.06739284843206406
446,0.05230246111750603,0.022742746397852898,0.04667069762945175,0.031275101006031036,0.07490117847919464,0.066055066883564,0.011761934496462345,0.06651002913713455,0.042641058564186096,0.07968989759683609,0.011210639961063862,0.06351932883262634,0.03567548096179962,0.03566940501332283,0.032878510653972626,0.0827784389257431,0.0739336907863617,0.07902118563652039,0.018662238493561745,0.0720931887626648
447,0.05246870964765549,0.03328917175531387,0.03732427582144737,0.02833986096084118,0.07803045213222504,0.08118459582328796,0.009577849879860878,0.06412284076213837,0.03593873605132103,0.08194522559642792,0.008607611991465092,0.06358684599399567,0.0555608756840229,0.03312541916966438,0.03152267262339592,0.07939528673887253,0.06848863512277603,0.07643168419599533,0.01565680466592312,0.0653931200504303
448,0.06025054305791855,0.01606542430818081,0.04941704869270325,0.039657462388277054,0.06944742053747177,0.0772036761045456,0.014889677986502647,0.0560305155813694,0.044633377343416214,0.07982593029737473,0.01253671944141388,0.07049389183521271,0.037994202226400375,0.04636767506599426,0.041246142238378525,0.04461384192109108,0.07299857586622238,0.07093334943056107,0.015738414600491524,0.07964705675840378
449,0.05120101571083069,0.0364818200469017,0.03556281700730324,0.02349831536412239,0.08059447258710861,0.08530616015195847,0.012921656481921673,0.07164603471755981,0.025265701115131378,0.09435733407735825,0.013849752955138683,0.057224780321121216,0.0401279479265213,0.031101247295737267,0.029270874336361885,0.06668808311223984,0.06085998937487602,0.08595124632120132,0.016410648822784424,0.08167112618684769
450,0.06598759442567825,0.019490409642457962,0.04240772873163223,0.03795964643359184,0.06404859572649002,0.08660349249839783,0.016791151836514473,0.049437981098890305,0.04892091080546379,0.060881298035383224,0.013914518989622593,0.07246101647615433,0.038191113620996475,0.04851721227169037,0.04676582291722298,0.049102138727903366,0.0785253569483757,0.06954533606767654,0.013619013130664825,0.07682386040687561
451,0.06261026859283447,0.032143667340278625,0.027850748971104622,0.01850324682891369,0.08901551365852356,0.06399647146463394,0.01245677750557661,0.09016147255897522,0.01919054053723812,0.11415617913007736,0.025205543264746666,0.0424964539706707,0.030855748802423477,0.024830292910337448,0.025422101840376854,0.05514073371887207,0.060370925813913345,0.11078210920095444,0.018049972131848335,0.07675579935312271
452,0.07995159924030304,0.020056506618857384,0.030860252678394318,0.026319170370697975,0.07032271474599838,0.07564637064933777,0.020884854719042778,0.05596592649817467,0.03859779238700867,0.08573489636182785,0.019857797771692276,0.04712874814867973,0.03329242765903473,0.042034465819597244,0.048485174775123596,0.0748370960354805,0.0674578920006752,0.08075679838657379,0.014365730807185173,0.0674387663602829
453,0.06199785694479942,0.04319440945982933,0.039411988109350204,0.0280950628221035,0.07089155167341232,0.05599065124988556,0.012402036227285862,0.09535111486911774,0.021194450557231903,0.10444781929254532,0.020778916776180267,0.041392747312784195,0.02547190710902214,0.025797216221690178,0.025090748444199562,0.05792968347668648,0.06377726793289185,0.11789829283952713,0.016972163692116737,0.07190926373004913
454,0.0474386028945446,0.04028075188398361,0.04062478244304657,0.03563243895769119,0.07437646389007568,0.039206307381391525,0.01292919460684061,0.08144751191139221,0.030105233192443848,0.09178288280963898,0.015033130533993244,0.04497114196419716,0.027718957513570786,0.03501676395535469,0.030660727992653847,0.0665832906961441,0.08597127348184586,0.10207299888134003,0.016617802903056145,0.08152517676353455
455,0.05684776231646538,0.024043627083301544,0.07366769015789032,0.03220812603831291,0.057507555931806564,0.06339149177074432,0.016858864575624466,0.04084097594022751,0.0400029793381691,0.07368677109479904,0.012532183900475502,0.06013143062591553,0.0488865002989769,0.033536624163389206,0.038325659930706024,0.10242520272731781,0.08479657769203186,0.06300576776266098,0.014687406830489635,0.06261342763900757
456,0.055835310369729996,0.034441180527210236,0.07695598155260086,0.03423077240586281,0.04524313285946846,0.07842658460140228,0.013793999329209328,0.04310286417603493,0.04620194807648659,0.060248665511608124,0.010491973720490932,0.08974719047546387,0.0487653873860836,0.03322763741016388,0.037380315363407135,0.09662827104330063,0.0835314393043518,0.05637718737125397,0.009308407083153725,0.046057648956775665
457,0.055130936205387115,0.02150750905275345,0.09686143696308136,0.06027386337518692,0.043470028787851334,0.07685726881027222,0.010630298405885696,0.04472341760993004,0.03112492524087429,0.060097672045230865,0.008725816383957863,0.07925577461719513,0.04706656187772751,0.03298330679535866,0.02781836874783039,0.10725273936986923,0.08624622970819473,0.055422306060791016,0.00839226320385933,0.046153441071510315
458,0.04421161860227585,0.020693805068731308,0.158516526222229,0.06305619329214096,0.035701651126146317,0.07747387140989304,0.010761862620711327,0.03503776714205742,0.0285329706966877,0.053182605654001236,0.006839011330157518,0.07817629724740982,0.04010099172592163,0.036028847098350525,0.017477039247751236,0.10017231851816177,0.09978454560041428,0.05165988579392433,0.008084109984338284,0.03450143709778786
459,0.048575710505247116,0.03331761807203293,0.05918001011013985,0.03852996975183487,0.052947044372558594,0.16453149914741516,0.0062228902243077755,0.041470181196928024,0.03366326168179512,0.07096292823553085,0.008768720552325249,0.09018439054489136,0.0420011505484581,0.03379686176776886,0.022426890209317207,0.08985712379217148,0.06487678736448288,0.0511484257876873,0.01150038093328476,0.036029018461704254
460,0.05934238061308861,0.019180621951818466,0.049613919109106064,0.03714929521083832,0.05631587281823158,0.06992228329181671,0.012790300883352757,0.06667891889810562,0.05739351361989975,0.08368045091629028,0.009701646864414215,0.07557296752929688,0.0589568205177784,0.04829519987106323,0.03537226468324661,0.06229843944311142,0.0643998384475708,0.07842755317687988,0.007784434128552675,0.0471162274479866
461,0.04506997764110565,0.03197341412305832,0.05701934173703194,0.043631475418806076,0.05806520953774452,0.05567162111401558,0.010988861322402954,0.06991095840930939,0.032396912574768066,0.084154412150383,0.011072640307247639,0.05837084725499153,0.05116163566708565,0.03491747006773949,0.02883005514740944,0.07786496728658676,0.08449137955904007,0.0831737369298935,0.015219870023429394,0.0660066232085228
462,0.046375617384910583,0.026904653757810593,0.04856268689036369,0.05261034145951271,0.0754115954041481,0.06137809157371521,0.008119550533592701,0.09133695065975189,0.025743035599589348,0.08695726096630096,0.010120430029928684,0.05757175385951996,0.02556747943162918,0.032889559864997864,0.020621834322810173,0.08104242384433746,0.08116095513105392,0.09879694133996964,0.011950691230595112,0.05686752870678902
463,0.05260254815220833,0.0380338653922081,0.0521417036652565,0.04237624630331993,0.0578266941010952,0.06196168065071106,0.011397970840334892,0.05947529897093773,0.03599931672215462,0.07345660030841827,0.010547938756644726,0.06057549640536308,0.04382198676466942,0.039062242954969406,0.03169979155063629,0.08814314007759094,0.0845097228884697,0.07980542629957199,0.012299993075430393,0.06425578147172928
464,0.054159581661224365,0.04496553912758827,0.036063726991415024,0.03148295357823372,0.08240638673305511,0.06918414682149887,0.01064172014594078,0.07824445515871048,0.03574949502944946,0.08865389227867126,0.01624438352882862,0.047837309539318085,0.03440527617931366,0.029952554032206535,0.03069436363875866,0.07048323005437851,0.0710863247513771,0.09237585216760635,0.01365470327436924,0.061708662658929825
465,0.049807678908109665,0.0318547785282135,0.06604444235563278,0.04907164350152016,0.05679120123386383,0.06403965502977371,0.01225102599710226,0.06179460510611534,0.037998855113983154,0.06815262883901596,0.01120711863040924,0.04937509819865227,0.051435861736536026,0.03913716971874237,0.03458075597882271,0.08586133271455765,0.08885222673416138,0.07615499198436737,0.012971524149179459,0.052610523998737335
466,0.041580475866794586,0.06706400960683823,0.04617784544825554,0.02838948741555214,0.08802838623523712,0.08401661366224289,0.008295413106679916,0.06613854318857193,0.027185628190636635,0.08476187288761139,0.009717519395053387,0.08056534826755524,0.04177483171224594,0.02274393104016781,0.023844843730330467,0.07141509652137756,0.05685475096106529,0.061534881591796875,0.018427249044179916,0.07147547602653503
467,0.04901549592614174,0.04509703442454338,0.0423857606947422,0.03396207094192505,0.06942484527826309,0.06003468483686447,0.012241995893418789,0.058000270277261734,0.04351714625954628,0.07010672241449356,0.00943237729370594,0.06000777706503868,0.055963244289159775,0.035496294498443604,0.04088221862912178,0.08160781115293503,0.07695251703262329,0.0723704844713211,0.014920451678335667,0.06857435405254364
468,0.053259290754795074,0.04748125374317169,0.03663439676165581,0.02667413093149662,0.07981115579605103,0.09391675889492035,0.01199021004140377,0.05087565258145332,0.03720753639936447,0.07605651021003723,0.013203080743551254,0.05705258995294571,0.040902890264987946,0.0324070118367672,0.034082479774951935,0.07404857128858566,0.06952303647994995,0.0760759636759758,0.016407692804932594,0.07238347828388214
469,0.05768876522779465,0.03765757381916046,0.045392706990242004,0.03712255880236626,0.06114408001303673,0.08618000149726868,0.012749435380101204,0.060435205698013306,0.03490588814020157,0.07265627384185791,0.012545539066195488,0.061658356338739395,0.04642714560031891,0.034147512167692184,0.03272394463419914,0.07561526447534561,0.07909105718135834,0.08125664293766022,0.014295575208961964,0.05629965662956238
470,0.04475059732794762,0.04786026477813721,0.03767508268356323,0.03251578286290169,0.08722397685050964,0.051873527467250824,0.010298754088580608,0.08807053416967392,0.030270995572209358,0.09482850879430771,0.014413045719265938,0.05123664066195488,0.03755200654268265,0.02959960512816906,0.02797403372824192,0.06391102820634842,0.06937097012996674,0.08645593374967575,0.021848857402801514,0.0722627267241478
471,0.050171565264463425,0.04207213222980499,0.029448941349983215,0.025053467601537704,0.08371100574731827,0.043944671750068665,0.010614091530442238,0.08567328006029129,0.03839706629514694,0.10227467119693756,0.01081691961735487,0.04982811212539673,0.04644812270998955,0.03488120809197426,0.03683328628540039,0.07143164426088333,0.06858762353658676,0.08718423545360565,0.015549703501164913,0.06707063317298889
472,0.056065257638692856,0.03287336602807045,0.041101738810539246,0.03191642835736275,0.0714590921998024,0.06551749259233475,0.012402508407831192,0.05567309632897377,0.033963870257139206,0.08112875372171402,0.011743387207388878,0.05680881068110466,0.07823450863361359,0.03404833376407623,0.033861566334962845,0.0789649561047554,0.0707165002822876,0.0749225914478302,0.015421519055962563,0.06317037343978882
473,0.046984389424324036,0.03653674200177193,0.0727430060505867,0.03075607307255268,0.07164743542671204,0.05597670003771782,0.01105736754834652,0.06599747389554977,0.027634210884571075,0.07343439757823944,0.011703084222972393,0.06755778193473816,0.05779220163822174,0.029816383495926857,0.02976953610777855,0.08589726686477661,0.07695667445659637,0.06823532283306122,0.014607671648263931,0.06489038467407227
474,0.049372900277376175,0.024846822023391724,0.06032390892505646,0.03863872215151787,0.06474688649177551,0.06500957906246185,0.009558561258018017,0.06206325814127922,0.03210126981139183,0.07932888716459274,0.01146620512008667,0.06866671144962311,0.05672081932425499,0.03233591094613075,0.02422371879220009,0.09182005375623703,0.08689343184232712,0.07141891866922379,0.01234961487352848,0.05810847133398056
475,0.053945545107126236,0.020481891930103302,0.05550225079059601,0.04038260132074356,0.06657764315605164,0.08121459186077118,0.009320809505879879,0.06070830300450325,0.032405950129032135,0.0842536985874176,0.013956301845610142,0.0654187947511673,0.040932826697826385,0.03532987833023071,0.02833937481045723,0.08716928213834763,0.07787860184907913,0.07162037491798401,0.014756823889911175,0.059795767068862915
476,0.05647319555282593,0.02029932104051113,0.041151013225317,0.032810188829898834,0.06241290643811226,0.07071556895971298,0.012918554246425629,0.06680984050035477,0.04539728909730911,0.08175932615995407,0.012068863958120346,0.063927561044693,0.03555469587445259,0.04325591027736664,0.0366097018122673,0.09108062833547592,0.08244691044092178,0.07564884424209595,0.009933533146977425,0.05871894955635071
477,0.051764145493507385,0.012200847268104553,0.061429157853126526,0.03920244798064232,0.05670390650629997,0.05770767107605934,0.011972160078585148,0.062330637127161026,0.04332435876131058,0.06932689994573593,0.01012615766376257,0.07416919618844986,0.04671967029571533,0.038154199719429016,0.03083072416484356,0.09229312092065811,0.09416499733924866,0.0729445219039917,0.011414607986807823,0.0632120817899704
478,0.051453158259391785,0.09963655471801758,0.031031262129545212,0.03360892832279205,0.08050163835287094,0.04831261187791824,0.006587743293493986,0.086270771920681,0.029065964743494987,0.09033997356891632,0.010287832468748093,0.04324561730027199,0.03685730695724487,0.028927765786647797,0.023741859942674637,0.07012759894132614,0.06228693202137947,0.09362010657787323,0.015133334323763847,0.05895259976387024
479,0.05473601818084717,0.011235921643674374,0.06937705725431442,0.04590669274330139,0.05099223181605339,0.0673220232129097,0.011002703569829464,0.04321301728487015,0.04008474946022034,0.05668061599135399,0.008256353437900543,0.07844773679971695,0.06766576319932938,0.03653179854154587,0.0319848395884037,0.11168598383665085,0.09661900997161865,0.062175922095775604,0.008061321452260017,0.048014529049396515
480,0.0573471337556839,0.01489473320543766,0.047925278544425964,0.03851411119103432,0.0593215674161911,0.08096534013748169,0.010028588585555553,0.05241038650274277,0.04177292436361313,0.07281316071748734,0.010309983976185322,0.06767408549785614,0.07366946339607239,0.03711029887199402,0.03317629173398018,0.09127461165189743,0.08019427955150604,0.06618054956197739,0.010848225094377995,0.053561754524707794
481,0.061253245919942856,0.014887035824358463,0.040891826152801514,0.038607679307460785,0.06537654995918274,0.061612874269485474,0.008557302877306938,0.06336617469787598,0.060779739171266556,0.07373671978712082,0.00984883401542902,0.06044049188494682,0.057393498718738556,0.03936455398797989,0.036186445504426956,0.05064487084746361,0.09980764985084534,0.08934331685304642,0.01321369782090187,0.05468082055449486
482,0.06326350569725037,0.012341843917965889,0.0729670599102974,0.040623389184474945,0.05023782327771187,0.06840715557336807,0.009943974204361439,0.03692758083343506,0.04155378043651581,0.05739728361368179,0.006628051400184631,0.10618697106838226,0.06120648235082626,0.03513745218515396,0.027897952124476433,0.12045211344957352,0.08113840967416763,0.05069480836391449,0.010216712020337582,0.04677120968699455
483,0.0481007918715477,0.014340871013700962,0.07105451822280884,0.038612496107816696,0.03802147135138512,0.12347139418125153,0.013607601635158062,0.039412617683410645,0.0453730970621109,0.05237317085266113,0.010592344217002392,0.10081034153699875,0.05475051328539848,0.03617663308978081,0.03478090092539787,0.09209275990724564,0.07283886522054672,0.05154164880514145,0.009754907339811325,0.05228503420948982
484,0.05496988445520401,0.01742575131356716,0.06570195406675339,0.05487590283155441,0.04541165009140968,0.07522400468587875,0.010607991367578506,0.03950156271457672,0.06661663949489594,0.05461311340332031,0.010374171659350395,0.07298403233289719,0.02902062237262726,0.05482349544763565,0.041814278811216354,0.10596636682748795,0.08178135752677917,0.0604078471660614,0.00958714634180069,0.04828667640686035
485,0.058458227664232254,0.007988139055669308,0.07275319844484329,0.041978102177381516,0.04348907619714737,0.08889849483966827,0.01656397059559822,0.035877685993909836,0.044792450964450836,0.05489492788910866,0.012142878025770187,0.07747406512498856,0.06022941693663597,0.04107601195573807,0.03650820627808571,0.09321879595518112,0.07921064645051956,0.057010725140571594,0.012252871878445148,0.06517623364925385
486,0.05924392119050026,0.03877062723040581,0.038570061326026917,0.03149975836277008,0.06916872411966324,0.07359807938337326,0.014104477129876614,0.06338664144277573,0.03322966396808624,0.0823865532875061,0.017087353393435478,0.052545636892318726,0.04496729001402855,0.03801550716161728,0.033237162977457047,0.07301026582717896,0.06819523870944977,0.08821994811296463,0.011499430052936077,0.06925646215677261
487,0.05326111614704132,0.005197075195610523,0.059909846633672714,0.04197939112782478,0.0422566682100296,0.04950985684990883,0.012669558636844158,0.042677368968725204,0.0422971174120903,0.060522038489580154,0.011024323292076588,0.07597118616104126,0.057030800729990005,0.042824894189834595,0.033939141780138016,0.10987135022878647,0.13100206851959229,0.0630190372467041,0.009861293248832226,0.05517052114009857
488,0.06509364396333694,0.014441950246691704,0.047580014914274216,0.03602450340986252,0.05423048138618469,0.07774100452661514,0.015513687394559383,0.05529762804508209,0.037671372294425964,0.08123240619897842,0.014713496901094913,0.0626293420791626,0.044758349657058716,0.04519065096974373,0.034389350563287735,0.09383564442396164,0.07593195885419846,0.07201708108186722,0.011373316869139671,0.0603276863694191
489,0.059833087027072906,0.0070692128501832485,0.07274745404720306,0.05644981935620308,0.029923468828201294,0.07857979089021683,0.01908360980451107,0.03179425373673439,0.05192490294575691,0.04504779726266861,0.012032603845000267,0.08029430359601974,0.04500527307391167,0.053468093276023865,0.049696389585733414,0.09291844815015793,0.0949922651052475,0.05013805627822876,0.01068018563091755,0.05831565335392952
490,0.06301870197057724,0.01079053245484829,0.058256253600120544,0.04336468502879143,0.052995502948760986,0.08881545066833496,0.014818515628576279,0.05615459382534027,0.03652922809123993,0.07416480779647827,0.01563432812690735,0.040009766817092896,0.046577829867601395,0.04159662872552872,0.03302580863237381,0.10000621527433395,0.08155927062034607,0.0751262977719307,0.011121156625449657,0.056426387280225754
491,0.06496699899435043,0.015056319534778595,0.0513034351170063,0.03790410980582237,0.05313891917467117,0.08723299205303192,0.01616951823234558,0.050856396555900574,0.03582679480314255,0.06665360182523727,0.014678576961159706,0.06580593436956406,0.04985351115465164,0.03918497636914253,0.03260080888867378,0.09167741239070892,0.08140547573566437,0.07157548516988754,0.010658404789865017,0.063444122672081
492,0.06264661252498627,0.01843474805355072,0.04284239560365677,0.035784803330898285,0.06275127083063126,0.07453431934118271,0.015074728056788445,0.06502638012170792,0.035683151334524155,0.08638302236795425,0.019440947100520134,0.05885586515069008,0.046511732041835785,0.03966577351093292,0.03573930263519287,0.07710831612348557,0.07263065129518509,0.08162754774093628,0.012727206572890282,0.05652541667222977
493,0.0516340397298336,0.032217007130384445,0.046209342777729034,0.027651796117424965,0.07880726456642151,0.06022292748093605,0.010988174006342888,0.07942473888397217,0.029028886929154396,0.08475755900144577,0.013533545657992363,0.06457727402448654,0.04291142150759697,0.032014213502407074,0.03038911148905754,0.08357884734869003,0.07189606130123138,0.0888868197798729,0.011724045500159264,0.05954030528664589
494,0.055300403386354446,0.026092855259776115,0.046045463532209396,0.038904499262571335,0.052497994154691696,0.05366741120815277,0.01517071109265089,0.06171591952443123,0.03598180040717125,0.07383976876735687,0.01497791800647974,0.059889595955610275,0.037416476756334305,0.04278029873967171,0.038673415780067444,0.08692888915538788,0.09260623902082443,0.08074246346950531,0.015466623939573765,0.07129345834255219
495,0.0472942553460598,0.04329812899231911,0.036733224987983704,0.02525184117257595,0.08179547637701035,0.06305032223463058,0.010564242489635944,0.07827431708574295,0.02844199351966381,0.08601593226194382,0.01288219727575779,0.05642460659146309,0.04191157594323158,0.030840374529361725,0.027387646958231926,0.07739369571208954,0.06874328851699829,0.08082996308803558,0.018406478688120842,0.08445262908935547
496,0.05239233374595642,0.0354933924973011,0.06483865529298782,0.03319697454571724,0.05026036873459816,0.05023689568042755,0.014444958418607712,0.06962144374847412,0.04316817596554756,0.07606576383113861,0.01321803592145443,0.05809169262647629,0.03370041772723198,0.0388249009847641,0.034850090742111206,0.08277696371078491,0.08740725368261337,0.08511197566986084,0.010318036191165447,0.0659763365983963
497,0.052503228187561035,0.034073732793331146,0.039064228534698486,0.030068937689065933,0.07078675180673599,0.056652143597602844,0.013214503414928913,0.07322368025779724,0.03401345759630203,0.08332846313714981,0.015856510028243065,0.058179862797260284,0.0415518581867218,0.03549409657716751,0.0316639207303524,0.07918872684240341,0.07935130596160889,0.08378946036100388,0.015613955445587635,0.0723758190870285
498,0.05237805098295212,0.04302044212818146,0.034851379692554474,0.03530275076627731,0.06708747148513794,0.053173188120126724,0.009566565044224262,0.08871610462665558,0.04038253054022789,0.0805218443274498,0.010972023010253906,0.05140793323516846,0.042452067136764526,0.03669236600399017,0.0321560762822628,0.07841074466705322,0.06773798912763596,0.10371749848127365,0.012214332818984985,0.05922848731279373
499,0.05705927684903145,0.04775764420628548,0.051086392253637314,0.031139181926846504,0.07046569138765335,0.0707167387008667,0.01075829565525055,0.058254700154066086,0.03017745353281498,0.07359272241592407,0.00913317035883665,0.06831301748752594,0.050603337585926056,0.032384272664785385,0.02704157494008541,0.09812226891517639,0.07787030935287476,0.07019878178834915,0.011313660070300102,0.054002851247787476
500,0.05266090855002403,0.0492313876748085,0.037641555070877075,0.028000060468912125,0.0717085674405098,0.06226655840873718,0.010276413522660732,0.07430139183998108,0.03204070404171944,0.08893244713544846,0.01112402230501175,0.05433574318885803,0.05929194763302803,0.032915230840444565,0.029647916555404663,0.0777684822678566,0.0745299905538559,0.08064085990190506,0.012861022725701332,0.05981515720486641
501,0.06056109070777893,0.03242895007133484,0.04653399437665939,0.03029317781329155,0.06687827408313751,0.07471036911010742,0.010554482229053974,0.058183591812849045,0.04219314083456993,0.07168137282133102,0.008384404703974724,0.08690407127141953,0.041792575269937515,0.0398297943174839,0.03363895043730736,0.06108326464891434,0.08853716403245926,0.0695003867149353,0.013766318559646606,0.06253418326377869
502,0.0495544970035553,0.03812635317444801,0.04162869602441788,0.031313858926296234,0.07249020785093307,0.049604084342718124,0.010784578509628773,0.06128182262182236,0.040346719324588776,0.07798577100038528,0.01049767341464758,0.06113380566239357,0.0425068736076355,0.04028494656085968,0.029728569090366364,0.08577365428209305,0.0859781801700592,0.08010584861040115,0.019576922059059143,0.07128730416297913
503,0.05241097882390022,0.02686428092420101,0.0471268855035305,0.028382813557982445,0.074453204870224,0.0787622258067131,0.010045342147350311,0.06147010251879692,0.03557383269071579,0.08099708706140518,0.010008562356233597,0.07556543499231339,0.038683000952005386,0.035022687166929245,0.02797812409698963,0.09233129024505615,0.07290960848331451,0.0710432231426239,0.01408113818615675,0.06628157943487167
504,0.05873677879571915,0.021374719217419624,0.058977071195840836,0.03675340116024017,0.059313416481018066,0.06823516637086868,0.015745926648378372,0.0544520765542984,0.03796595707535744,0.07614339888095856,0.012016797438263893,0.06571006029844284,0.03881753608584404,0.04379550740122795,0.03324146196246147,0.09772513061761856,0.07815006375312805,0.06861957907676697,0.010370898991823196,0.06384790688753128
505,0.055759791284799576,0.020049890503287315,0.06595423817634583,0.0407317578792572,0.06039005517959595,0.07949107140302658,0.015124957077205181,0.05037538334727287,0.03434010595083237,0.07336968928575516,0.016205141320824623,0.08022290468215942,0.048582419753074646,0.04096681997179985,0.03396078571677208,0.07387744635343552,0.06828802824020386,0.06190203130245209,0.015013276599347591,0.06538579612970352
506,0.05388033390045166,0.013880965299904346,0.08220699429512024,0.049361348152160645,0.04448592662811279,0.09948023408651352,0.01609046570956707,0.03802544251084328,0.03776603937149048,0.05814832076430321,0.011812107637524605,0.08835659176111221,0.04234058037400246,0.04561828821897507,0.036264121532440186,0.09492889046669006,0.06843240559101105,0.05536096543073654,0.010043957270681858,0.05350852012634277
507,0.06343358010053635,0.01538931205868721,0.0940210148692131,0.05275697633624077,0.03594536334276199,0.10329993814229965,0.019017193466424942,0.02311711385846138,0.040496718138456345,0.041142385452985764,0.011334355920553207,0.07916625589132309,0.07160492241382599,0.05154458433389664,0.04347875341773033,0.10578203201293945,0.06366708129644394,0.03551293537020683,0.00852835364639759,0.04075578600168228
508,0.05401628091931343,0.013145883567631245,0.10441091656684875,0.0536949560046196,0.03409045562148094,0.09374228864908218,0.02070457860827446,0.024136096239089966,0.04099760577082634,0.03893326595425606,0.012001252733170986,0.103729248046875,0.06162529066205025,0.04460049793124199,0.04479119926691055,0.09779667109251022,0.06896471977233887,0.03526332974433899,0.008900066837668419,0.044449806213378906
509,0.06842994689941406,0.019873451441526413,0.08106502890586853,0.05267263203859329,0.034998323768377304,0.10488415509462357,0.019747892394661903,0.023184645920991898,0.041122954338788986,0.04378201812505722,0.012330366298556328,0.07833382487297058,0.08710960298776627,0.047121353447437286,0.044032711535692215,0.09704402834177017,0.06034783646464348,0.03869464248418808,0.0076978374272584915,0.037520889192819595
510,0.05605156347155571,0.014242729172110558,0.09544418752193451,0.04770173132419586,0.030960163101553917,0.0960964635014534,0.018690122291445732,0.018814900889992714,0.043790653347969055,0.04050729051232338,0.010917263105511665,0.09601865708827972,0.09212491661310196,0.04628273472189903,0.042276181280612946,0.1005234345793724,0.0693468227982521,0.03286435455083847,0.007910104468464851,0.03943001851439476
511,0.04431478679180145,0.01486823707818985,0.1126430332660675,0.05351126939058304,0.0193281639367342,0.10777583718299866,0.018448451533913612,0.012562979944050312,0.05527019873261452,0.024615779519081116,0.006451862398535013,0.11319958418607712,0.09350792318582535,0.04375308379530907,0.04478193446993828,0.10874873399734497,0.06731151044368744,0.024290334433317184,0.004783593118190765,0.029827993363142014
512,0.051493074744939804,0.013654764741659164,0.10780186951160431,0.04992087930440903,0.02324315346777439,0.11582328379154205,0.01940220780670643,0.0165035892277956,0.04236658290028572,0.029681628569960594,0.008501874282956123,0.10187900066375732,0.11068300902843475,0.044925153255462646,0.04525549337267876,0.08921479433774948,0.05927792191505432,0.03063124790787697,0.0063078748062253,0.03342633694410324
513,0.04621778801083565,0.013749961741268635,0.10927923023700714,0.056965116411447525,0.018927672877907753,0.09489161521196365,0.017209341749548912,0.012949036434292793,0.06402291357517242,0.02358418144285679,0.006103382911533117,0.11695827543735504,0.06969869136810303,0.044364165514707565,0.04821770638227463,0.12262964993715286,0.07921560108661652,0.024289686232805252,0.004457868169993162,0.026262640953063965
514,0.05456217750906944,0.013135615736246109,0.11211565136909485,0.04692373797297478,0.020519062876701355,0.11357173323631287,0.018141387030482292,0.018295850604772568,0.04139947518706322,0.032545026391744614,0.007844120264053345,0.10979291796684265,0.08287455141544342,0.04147528111934662,0.03727652132511139,0.10920977592468262,0.0674789696931839,0.03327259421348572,0.006231567356735468,0.033327557146549225
515,0.050490546971559525,0.016665132716298103,0.07721960544586182,0.04737319424748421,0.030326053500175476,0.11167974770069122,0.01805741712450981,0.026812195777893066,0.05681612715125084,0.043650418519973755,0.009349220432341099,0.1077212244272232,0.05518289655447006,0.042703691869974136,0.045909538865089417,0.09300776571035385,0.07796932011842728,0.04126054421067238,0.007229505572468042,0.04056810960173607
516,0.05355466902256012,0.018523626029491425,0.06471005082130432,0.045170482248067856,0.04543210193514824,0.07960298657417297,0.016864536330103874,0.03956273943185806,0.05418391898274422,0.060020044445991516,0.009329421445727348,0.08773341774940491,0.06399655342102051,0.04595241695642471,0.041089508682489395,0.08870214968919754,0.07758373767137527,0.054366517812013626,0.007969505153596401,0.04564365744590759
517,0.056915245950222015,0.014691603370010853,0.07983003556728363,0.049473125487565994,0.03167776018381119,0.09472959488630295,0.013784331269562244,0.025072861462831497,0.053045812994241714,0.04403732344508171,0.007489420939236879,0.10078483819961548,0.07033856958150864,0.047091346234083176,0.03962767496705055,0.10353036224842072,0.0817168653011322,0.0412730947136879,0.005679916590452194,0.03920275345444679
518,0.05304180830717087,0.026229413226246834,0.057317137718200684,0.038853827863931656,0.0468197762966156,0.06822356581687927,0.017553627490997314,0.052494484931230545,0.048540741205215454,0.07221736013889313,0.010504108853638172,0.06867942959070206,0.04714302718639374,0.05388627201318741,0.03973548859357834,0.09077289700508118,0.08037187904119492,0.06918172538280487,0.006904955953359604,0.051520511507987976
519,0.05403173714876175,0.01411927305161953,0.060245536267757416,0.043650832027196884,0.04231419786810875,0.07307259738445282,0.014137470163404942,0.03584545850753784,0.04797053709626198,0.03891089931130409,0.011284686625003815,0.12279161065816879,0.05161842331290245,0.04152532294392586,0.03884732723236084,0.0935768187046051,0.09308483451604843,0.059828080236911774,0.009797664359211922,0.05334160104393959
520,0.0622708797454834,0.0129539230838418,0.04300231486558914,0.03729645907878876,0.061838917434215546,0.06660371273756027,0.01334351859986782,0.07028914988040924,0.03909847512841225,0.07851415127515793,0.015703266486525536,0.056855201721191406,0.03787998482584953,0.04246615990996361,0.03349229320883751,0.0823718011379242,0.07742246240377426,0.10129711031913757,0.009491583332419395,0.05780201777815819
521,0.06140849366784096,0.020318293944001198,0.03982771933078766,0.03436457738280296,0.07116544991731644,0.06609807908535004,0.012463247403502464,0.06520398706197739,0.036947693675756454,0.08322487771511078,0.01684524491429329,0.04778776690363884,0.040651462972164154,0.03914201632142067,0.03431340679526329,0.08008187264204025,0.07860182225704193,0.08790674060583115,0.013831205666065216,0.06980923563241959
522,0.05448947846889496,0.017537156119942665,0.04629143327474594,0.03515970706939697,0.0728941336274147,0.057135943323373795,0.01196975540369749,0.0737292617559433,0.03505556285381317,0.08415725082159042,0.013158775866031647,0.05770067870616913,0.03601689636707306,0.0367768220603466,0.025079378858208656,0.08565515279769897,0.07983926683664322,0.0949506163597107,0.01503266952931881,0.06736007332801819
523,0.04325876012444496,0.07127415388822556,0.0318002887070179,0.02237461321055889,0.09540551155805588,0.03541705384850502,0.010050508193671703,0.08936045318841934,0.027345094829797745,0.09462029486894608,0.011165278032422066,0.04882010444998741,0.032629288733005524,0.0250253789126873,0.023876868188381195,0.07364349812269211,0.07598843425512314,0.08583381772041321,0.018353847786784172,0.08374640345573425
524,0.05584794655442238,0.029875313863158226,0.06772858649492264,0.034758031368255615,0.061703119426965714,0.05332973599433899,0.011169752106070518,0.07656897604465485,0.03119240328669548,0.09561272710561752,0.01431946735829115,0.057170234620571136,0.041827715933322906,0.03590134531259537,0.023307524621486664,0.07010459899902344,0.07307003438472748,0.10337723791599274,0.00977656152099371,0.05335221439599991
525,0.05186641216278076,0.025635914877057076,0.0514945350587368,0.03213026747107506,0.08559099584817886,0.055186644196510315,0.008607265539467335,0.08280196785926819,0.023157266899943352,0.08913084119558334,0.014093119651079178,0.05582159385085106,0.03404837101697922,0.027358444407582283,0.02191585674881935,0.07185900211334229,0.07155521214008331,0.09779728949069977,0.02002347819507122,0.07991810888051987
526,0.05806761980056763,0.024881070479750633,0.05334468185901642,0.033790744841098785,0.07121115922927856,0.07855762541294098,0.009076949208974838,0.0751238688826561,0.029974650591611862,0.09139692783355713,0.01332884281873703,0.03374150022864342,0.035714179277420044,0.03466475009918213,0.0266500823199749,0.08236410468816757,0.07706155627965927,0.09224002063274384,0.015861155465245247,0.06294004619121552
527,0.04917336627840996,0.02587970532476902,0.053218256682157516,0.028541497886180878,0.06754324585199356,0.07458771765232086,0.010561131872236729,0.06701250374317169,0.02545478567481041,0.07684965431690216,0.01075529120862484,0.08359416574239731,0.046599045395851135,0.030028119683265686,0.023293856531381607,0.09108608961105347,0.0851307287812233,0.07171238213777542,0.01340537890791893,0.06556638330221176
528,0.05400484427809715,0.0405772365629673,0.040411122143268585,0.03038160875439644,0.08053722232580185,0.06342003494501114,0.011075315997004509,0.08403222262859344,0.019923437386751175,0.08504966646432877,0.012991383671760559,0.047699034214019775,0.04629896581172943,0.03033670224249363,0.023400232195854187,0.06475391983985901,0.07540802657604218,0.09543339163064957,0.017265047878026962,0.07698928564786911
529,0.04005255922675133,0.04877985268831253,0.03405170887708664,0.029428347945213318,0.11218760162591934,0.06529714167118073,0.008487503975629807,0.07669360190629959,0.02917030267417431,0.08889865130186081,0.010243473574519157,0.04085378721356392,0.03488779813051224,0.025257468223571777,0.025098612532019615,0.05870526283979416,0.06229802221059799,0.09428712725639343,0.0229131281375885,0.09239797294139862
530,0.051831796765327454,0.03373032808303833,0.05555843934416771,0.03136370703577995,0.08068975806236267,0.05678510293364525,0.01133820042014122,0.07336205244064331,0.03251301497220993,0.09343277662992477,0.01039726473391056,0.04947996512055397,0.036345236003398895,0.02914363145828247,0.028104029595851898,0.06957050412893295,0.07338352501392365,0.10679873824119568,0.011700167320668697,0.06446530669927597
531,0.050064995884895325,0.044909071177244186,0.05325815826654434,0.03253799304366112,0.07982859015464783,0.06022058054804802,0.00729553634300828,0.06700754165649414,0.032528627663850784,0.08798816055059433,0.007152790669351816,0.06268297880887985,0.06673021614551544,0.029291626065969467,0.0218361783772707,0.07196202874183655,0.07642897218465805,0.07545623183250427,0.014671165496110916,0.05813995748758316
532,0.05703343451023102,0.021486027166247368,0.06804847717285156,0.042973678559064865,0.08533824980258942,0.05604943260550499,0.00954408012330532,0.06769657880067825,0.031989678740501404,0.09554125368595123,0.009146371856331825,0.07816801965236664,0.05852353572845459,0.034547317773103714,0.021825013682246208,0.03845994547009468,0.05914238467812538,0.08288107067346573,0.01536491047590971,0.06623120605945587
533,0.055549826472997665,0.014357898384332657,0.0550168976187706,0.04039764404296875,0.06799174845218658,0.06347049027681351,0.010019940324127674,0.06008744612336159,0.02895369566977024,0.08891375362873077,0.011183283291757107,0.07880650460720062,0.037177447229623795,0.034657079726457596,0.022895099595189095,0.07943490147590637,0.1062500849366188,0.07518967241048813,0.012345964089035988,0.05729373171925545
534,0.05744991824030876,0.011278721503913403,0.08093816041946411,0.0509256049990654,0.04473106190562248,0.11613267660140991,0.014078392647206783,0.03263139724731445,0.030279459431767464,0.05267493426799774,0.011764089576900005,0.08200277388095856,0.047794487327337265,0.043261196464300156,0.03437773510813713,0.09075798839330673,0.07601384073495865,0.053045935928821564,0.010058276355266571,0.05979704484343529
535,0.056515052914619446,0.011039473116397858,0.05127745866775513,0.04992658272385597,0.05305589735507965,0.07461053133010864,0.013181325979530811,0.05397779494524002,0.051318246871232986,0.06355438381433487,0.014002881944179535,0.06512770801782608,0.03670527786016464,0.053440406918525696,0.0348975770175457,0.08690667897462845,0.0839233323931694,0.08241996169090271,0.007814801298081875,0.05629764497280121
536,0.050811152905225754,0.0335405208170414,0.04426999390125275,0.031064458191394806,0.06462273001670837,0.042841728776693344,0.010552807711064816,0.06980545073747635,0.03787630423903465,0.08505893498659134,0.01284707710146904,0.06609182059764862,0.05475609749555588,0.033166781067848206,0.028905926272273064,0.050377257168293,0.12537142634391785,0.08777443319559097,0.014084580354392529,0.056171249598264694
537,0.05134449154138565,0.011534432880580425,0.04993921145796776,0.047288332134485245,0.06771183013916016,0.0675111934542656,0.011166608892381191,0.055279217660427094,0.033923693001270294,0.07469096034765244,0.01129990629851818,0.04754207283258438,0.056379180401563644,0.03619241341948509,0.0245215967297554,0.09007374197244644,0.08361642062664032,0.09139791876077652,0.010446744039654732,0.0781332403421402
538,0.06439066678285599,0.013635104522109032,0.06348693370819092,0.043181661516427994,0.04705178737640381,0.07091676443815231,0.014697139151394367,0.04375853389501572,0.0404408723115921,0.06844586133956909,0.013185115531086922,0.06548583507537842,0.05692588910460472,0.041253142058849335,0.03432618826627731,0.0906892865896225,0.08154819905757904,0.07192270457744598,0.012150285765528679,0.06250043958425522
539,0.056148357689380646,0.016063574701547623,0.027588309720158577,0.023974254727363586,0.08922600746154785,0.0780753493309021,0.008985848166048527,0.08291516453027725,0.025780295953154564,0.10578544437885284,0.015616793185472488,0.0406511016190052,0.03904253989458084,0.027244608849287033,0.023901108652353287,0.061582598835229874,0.061362989246845245,0.12398366630077362,0.01609027199447155,0.07597407698631287
540,0.06839977949857712,0.010828482918441296,0.06626473367214203,0.04496517404913902,0.034687090665102005,0.06854800879955292,0.014167595654726028,0.0487133264541626,0.05312773212790489,0.05681871622800827,0.012546871788799763,0.07552925497293472,0.038914717733860016,0.04374852031469345,0.03794997185468674,0.06405454874038696,0.10823062807321548,0.0838703066110611,0.011033429764211178,0.0575917586684227
541,0.05670205131173134,0.02690831571817398,0.030214032158255577,0.03133220598101616,0.08632450550794601,0.07089762389659882,0.009504196234047413,0.0772552341222763,0.03292657807469368,0.09833481162786484,0.012184369377791882,0.04754495620727539,0.040167976170778275,0.03159566596150398,0.028879357501864433,0.0690855085849762,0.06538437306880951,0.10100012272596359,0.018467387184500694,0.06527701765298843
542,0.06236853450536728,0.018153388053178787,0.05938471853733063,0.03768877685070038,0.04659814015030861,0.06381776928901672,0.01202282216399908,0.055270664393901825,0.042740512639284134,0.06559351086616516,0.010755256749689579,0.07834535837173462,0.0465410053730011,0.03524487838149071,0.031923506408929825,0.060687921941280365,0.12622402608394623,0.07655461132526398,0.008982994593679905,0.061095308512449265
543,0.051020704209804535,0.020259391516447067,0.052768588066101074,0.03335947543382645,0.05512615665793419,0.061385102570056915,0.013188231736421585,0.05987827479839325,0.03508898615837097,0.08268241584300995,0.013105135411024094,0.08797398209571838,0.06853664666414261,0.03512853756546974,0.02908063493669033,0.07726219296455383,0.0760505422949791,0.07817231863737106,0.009849299676716328,0.06007755920290947
544,0.05564890056848526,0.026128465309739113,0.02854980155825615,0.03228825330734253,0.07295387983322144,0.048354681581258774,0.009724434465169907,0.0721222460269928,0.060217782855033875,0.08364472538232803,0.01030176691710949,0.052899133414030075,0.033516775816679,0.04786624759435654,0.032582126557826996,0.05482279881834984,0.10690654814243317,0.09752704948186874,0.01327321957796812,0.060659755021333694
545,0.04453868418931961,0.035123229026794434,0.03697914630174637,0.027259698137640953,0.06454426050186157,0.0418519452214241,0.01173354871571064,0.06718147546052933,0.038481369614601135,0.06908779591321945,0.011892279610037804,0.12439989298582077,0.04164489731192589,0.03274887427687645,0.030717341229319572,0.08266527205705643,0.07867900282144547,0.07984999567270279,0.012664291076362133,0.06794986873865128
546,0.06410219520330429,0.02653188444674015,0.022570326924324036,0.022278044372797012,0.09298960119485855,0.05352765694260597,0.014944995753467083,0.07418031990528107,0.03171926364302635,0.09553101658821106,0.015131105668842793,0.033872608095407486,0.03932318836450577,0.03196479380130768,0.02936658449470997,0.0579664409160614,0.06208758056163788,0.1194562241435051,0.017122210934758186,0.09532678127288818
547,0.04497866332530975,0.041470274329185486,0.0270514078438282,0.01835210621356964,0.11300602555274963,0.03662659227848053,0.009936779737472534,0.11339611560106277,0.025950962677598,0.08526801317930222,0.012816688977181911,0.04265381768345833,0.01914370432496071,0.021878086030483246,0.02511725015938282,0.057510703802108765,0.06064647436141968,0.13326218724250793,0.01616675592958927,0.09476033598184586
548,0.08163421601057053,0.047507986426353455,0.022844666615128517,0.022591298446059227,0.08263583481311798,0.053341228514909744,0.013485060073435307,0.07073359936475754,0.02685205452144146,0.10435211658477783,0.01892208121716976,0.0309354979544878,0.0397566556930542,0.026880918070673943,0.028706150129437447,0.054047081619501114,0.06446513533592224,0.1200072169303894,0.017255563288927078,0.07303925603628159
549,0.03397940471768379,0.06244213506579399,0.02307722344994545,0.02165159024298191,0.09093013405799866,0.026746585965156555,0.008961980231106281,0.10078033804893494,0.034645672887563705,0.09118878096342087,0.012161236256361008,0.0620979405939579,0.019591789692640305,0.027131730690598488,0.026022067293524742,0.055919501930475235,0.07892913371324539,0.10548684000968933,0.019443461671471596,0.09880390763282776
550,0.03553757816553116,0.07930496335029602,0.01987902633845806,0.016214510425925255,0.10117026418447495,0.021408328786492348,0.008674918673932552,0.10854755342006683,0.030116433277726173,0.124687559902668,0.013782521709799767,0.02377895824611187,0.025328967720270157,0.023513194173574448,0.02927001751959324,0.04541042074561119,0.05469074845314026,0.1118774488568306,0.027425706386566162,0.09937212616205215
551,0.03330344334244728,0.054542675614356995,0.05282890051603317,0.014316192828118801,0.09338779747486115,0.024253377690911293,0.009780365973711014,0.12263573706150055,0.0236782506108284,0.1347159743309021,0.01765790581703186,0.020855942741036415,0.021461093798279762,0.022242454811930656,0.023139584809541702,0.050716571509838104,0.05836668983101845,0.1432543843984604,0.01225909311324358,0.06659742444753647
552,0.05451525002717972,0.04975329339504242,0.06845998018980026,0.03026502951979637,0.06513383239507675,0.052059341222047806,0.01283167488873005,0.05830077826976776,0.03228805214166641,0.09005803614854813,0.009909747168421745,0.05773206427693367,0.038837265223264694,0.028024572879076004,0.02510516718029976,0.08334609121084213,0.09086887538433075,0.07915379852056503,0.01102466695010662,0.06232687458395958
553,0.05885865539312363,0.05892273411154747,0.0732443779706955,0.04269886389374733,0.05088604614138603,0.06790211796760559,0.009811494499444962,0.04944147542119026,0.042742885649204254,0.06308300048112869,0.008505384437739849,0.08443856239318848,0.04075409099459648,0.03206648305058479,0.026466811075806618,0.08579839020967484,0.08756673336029053,0.059837013483047485,0.009907837957143784,0.04705776274204254
554,0.0472836047410965,0.05899689719080925,0.06403196603059769,0.039643656462430954,0.03940610960125923,0.16036364436149597,0.008899562992155552,0.03019927628338337,0.028393378481268883,0.04651692509651184,0.00850992277264595,0.0843551978468895,0.042092569172382355,0.036252107471227646,0.024323631078004837,0.09636858105659485,0.08699464797973633,0.05026068910956383,0.008898746222257614,0.03819967806339264
555,0.05110620707273483,0.06470257043838501,0.03749016299843788,0.024558821693062782,0.05220368504524231,0.14535143971443176,0.009618774056434631,0.05062265694141388,0.034971825778484344,0.07234600931406021,0.010260842740535736,0.06658515334129333,0.043265827000141144,0.030053280293941498,0.030867258086800575,0.07596347481012344,0.07289274036884308,0.07244373112916946,0.009644809179008007,0.045043766498565674
556,0.0520612895488739,0.0376545712351799,0.035890161991119385,0.029769107699394226,0.04644611477851868,0.05138484388589859,0.011817434802651405,0.0658118799328804,0.03976086527109146,0.0886358693242073,0.0149984210729599,0.04390586540102959,0.048645131289958954,0.04063183069229126,0.03635340929031372,0.05296247825026512,0.13118386268615723,0.09371525049209595,0.01234443113207817,0.06601838767528534
557,0.043978672474622726,0.06805537641048431,0.032410141080617905,0.023807430639863014,0.07219145447015762,0.04595445096492767,0.011196862906217575,0.08059997111558914,0.02446415089070797,0.11577442288398743,0.013950921595096588,0.04452337697148323,0.04532788321375847,0.03160259500145912,0.024042731150984764,0.05981309711933136,0.0695260614156723,0.08989150822162628,0.01757669448852539,0.08529941737651825
558,0.04894813150167465,0.03221574425697327,0.022692371159791946,0.02597147785127163,0.06538838893175125,0.056980617344379425,0.013456241227686405,0.09863883256912231,0.03914904221892357,0.09348658472299576,0.01361704058945179,0.036634933203458786,0.02330731600522995,0.03583299368619919,0.03197105601429939,0.05732863023877144,0.08019474148750305,0.11989700049161911,0.009703236632049084,0.09457717090845108
559,0.06767459213733673,0.03795638307929039,0.025539154186844826,0.024806732311844826,0.05274306237697601,0.05810263752937317,0.018389107659459114,0.064332015812397,0.03899462893605232,0.09484819322824478,0.017600392922759056,0.04021642729640007,0.03691951557993889,0.037356022745370865,0.04322598874568939,0.07081262022256851,0.0784870982170105,0.11464542150497437,0.011784379370510578,0.0655590295791626
560,0.045784007757902145,0.03824656456708908,0.025339500978589058,0.017826613038778305,0.09056384116411209,0.05276180058717728,0.01016989629715681,0.10169772058725357,0.026384778320789337,0.1175890639424324,0.013208416290581226,0.047815579921007156,0.035214364528656006,0.025772830471396446,0.024914883077144623,0.06382860243320465,0.06243970990180969,0.11732938885688782,0.013508343137800694,0.06959512829780579
561,0.05893934518098831,0.02495446614921093,0.049012407660484314,0.023985210806131363,0.05225656181573868,0.059459853917360306,0.01536225713789463,0.07290489226579666,0.03464497625827789,0.0835598036646843,0.013903812505304813,0.05619840696454048,0.03508426994085312,0.034213826060295105,0.03454866260290146,0.0813290998339653,0.08142559975385666,0.10361912101507187,0.01054278202354908,0.07404716312885284
562,0.054455243051052094,0.05754194036126137,0.027090247720479965,0.020664669573307037,0.06502120196819305,0.050073470920324326,0.01357406284660101,0.0894920825958252,0.028406597673892975,0.1097932681441307,0.018602360039949417,0.038507819175720215,0.03887636587023735,0.029060963541269302,0.03509890288114548,0.0635172501206398,0.06352324038743973,0.11262376606464386,0.01606360822916031,0.06800416857004166
563,0.04590475931763649,0.05787171050906181,0.04551420360803604,0.02154456451535225,0.07924044877290726,0.04686467722058296,0.011142393574118614,0.08270806819200516,0.027673814445734024,0.09294815361499786,0.011034947820007801,0.08777914196252823,0.03811117261648178,0.027537135407328606,0.02993936836719513,0.0726775974035263,0.06802386790513992,0.07437963038682938,0.014909288845956326,0.0641857162117958
564,0.05465143173933029,0.0489945188164711,0.03933063521981239,0.028002751991152763,0.05015192925930023,0.057062096893787384,0.016146332025527954,0.0578625351190567,0.04110247269272804,0.06365850567817688,0.010993820615112782,0.05851875618100166,0.05262204259634018,0.038655027747154236,0.043453674763441086,0.0871596410870552,0.08610325306653976,0.08258331567049026,0.013177520595490932,0.06976255029439926
565,0.0521182045340538,0.06008642539381981,0.03135063499212265,0.02333824895322323,0.08903396874666214,0.0554560124874115,0.009259101934731007,0.07648640125989914,0.03947478532791138,0.08846219629049301,0.012698512524366379,0.04695182293653488,0.03508252277970314,0.02829493023455143,0.033133894205093384,0.07276967167854309,0.06777195632457733,0.09503242373466492,0.014214776456356049,0.0689764991402626
566,0.04934251680970192,0.05741541460156441,0.028126612305641174,0.021477386355400085,0.07573813199996948,0.04215794429183006,0.010745590552687645,0.09298144280910492,0.03172975033521652,0.1000627651810646,0.014727386645972729,0.0434853732585907,0.03960413485765457,0.02842458337545395,0.031155332922935486,0.05979320779442787,0.07033946365118027,0.11113332211971283,0.02274441532790661,0.06880630552768707
567,0.04654400423169136,0.07094338536262512,0.030146930366754532,0.01942286267876625,0.0989675223827362,0.062011197209358215,0.010602608323097229,0.076865054666996,0.028632676228880882,0.10326351970434189,0.0107698580250144,0.04725723713636398,0.04380975291132927,0.02376674674451351,0.033490460366010666,0.06680382043123245,0.05548345297574997,0.07633830606937408,0.018595322966575623,0.07627449184656143
568,0.04553734138607979,0.05564023554325104,0.02554905228316784,0.01931874081492424,0.08006661385297775,0.05129152908921242,0.009653939865529537,0.07322177290916443,0.04266268014907837,0.09189461916685104,0.00950233917683363,0.05386975035071373,0.05130086839199066,0.026826467365026474,0.03907261788845062,0.0772298276424408,0.08331607282161713,0.0853390246629715,0.013090997003018856,0.06560760736465454
569,0.040667835623025894,0.07131069153547287,0.0186079703271389,0.014497977681457996,0.10572691261768341,0.04390010982751846,0.008627359755337238,0.10308527946472168,0.026674525812268257,0.11170309782028198,0.013025299645960331,0.05984852835536003,0.030616894364356995,0.020935120061039925,0.025418901816010475,0.05047526955604553,0.0583304725587368,0.10600943118333817,0.020016895607113838,0.07051384449005127
570,0.05003119260072708,0.05707250162959099,0.01916060410439968,0.01634146459400654,0.09224148839712143,0.07786020636558533,0.012294786982238293,0.08489865809679031,0.035186078399419785,0.10140134394168854,0.015235385857522488,0.04249749705195427,0.031242405995726585,0.028364840894937515,0.03318363428115845,0.056529320776462555,0.05364300310611725,0.09842438250780106,0.01930074580013752,0.07507984340190887
571,0.05004977807402611,0.06305400282144547,0.021117856726050377,0.017338445410132408,0.09997184574604034,0.055655185133218765,0.010885103605687618,0.09130057692527771,0.031282439827919006,0.09056353569030762,0.014285021461546421,0.0331231951713562,0.04161984100937843,0.02312053181231022,0.03307471051812172,0.05917390063405037,0.06218681484460831,0.11276385933160782,0.017521236091852188,0.0719032734632492
572,0.03585787117481232,0.14585177600383759,0.010008062236011028,0.009225540794432163,0.11480306088924408,0.03663330897688866,0.00833156332373619,0.1239822581410408,0.018557630479335785,0.10759701579809189,0.014021005481481552,0.01950879767537117,0.020376982167363167,0.015069414861500263,0.02071094885468483,0.02896742708981037,0.040295619517564774,0.1330878734588623,0.019074903801083565,0.07803066074848175
573,0.05237334594130516,0.09015301614999771,0.01632440648972988,0.020124871283769608,0.08834753185510635,0.035767342895269394,0.01052891369909048,0.09787344932556152,0.02891465276479721,0.10625706613063812,0.015681518241763115,0.027155552059412003,0.028387604281306267,0.03095562383532524,0.031438928097486496,0.05175119638442993,0.0654909685254097,0.10778407007455826,0.0178016759455204,0.07687665522098541
574,0.03422309085726738,0.0909910723567009,0.013618389144539833,0.013434979133307934,0.0972483828663826,0.02433021180331707,0.007900669239461422,0.12607575953006744,0.02857065573334694,0.12661707401275635,0.01283901184797287,0.02358706295490265,0.025538919493556023,0.020767981186509132,0.029274776577949524,0.037584539502859116,0.04489033296704292,0.12107209116220474,0.022516245022416115,0.09890780597925186
575,0.040200356394052505,0.03698507696390152,0.007880734279751778,0.009150595404207706,0.12475786358118057,0.019275056198239326,0.005472595803439617,0.1646694839000702,0.019490433856844902,0.14839217066764832,0.0176407303661108,0.013633881695568562,0.01748945377767086,0.023402143269777298,0.03238244354724884,0.026122499257326126,0.035411328077316284,0.15175674855709076,0.011644498445093632,0.09423430263996124
576,0.032720599323511124,0.036640383303165436,0.12405607849359512,0.01623390056192875,0.04998774453997612,0.03389332816004753,0.026771927252411842,0.09771614521741867,0.020889228209853172,0.09515301138162613,0.011190214194357395,0.14878614246845245,0.017929790541529655,0.02165118232369423,0.02142694592475891,0.06293440610170364,0.04262053593993187,0.09281814843416214,0.007069724146276712,0.03950132057070732
577,0.05116276070475578,0.036924950778484344,0.036387015134096146,0.026730403304100037,0.04604696109890938,0.06922859698534012,0.007733138743788004,0.0618470124900341,0.038029659539461136,0.13522088527679443,0.012489314191043377,0.04442552849650383,0.13005968928337097,0.02837771736085415,0.03159564360976219,0.06760605424642563,0.06442899256944656,0.06283615529537201,0.008434316143393517,0.04042838141322136
578,0.07199199497699738,0.028190581128001213,0.05552975833415985,0.06473938375711441,0.03971939533948898,0.020390132442116737,0.00947655737400055,0.058695971965789795,0.08502163738012314,0.07156088948249817,0.007240076549351215,0.07577108591794968,0.005409239325672388,0.04040275141596794,0.04721323773264885,0.08343922346830368,0.08697133511304855,0.10561481863260269,0.0053048101253807545,0.037305381149053574
579,0.03651520982384682,0.022728396579623222,0.026464229449629784,0.01530017051845789,0.032229892909526825,0.0634552463889122,0.01351332850754261,0.03709651902318001,0.04535914212465286,0.059850290417671204,0.008143051527440548,0.0700656920671463,0.032547373324632645,0.02507524937391281,0.038567736744880676,0.11557965725660324,0.2757875323295593,0.03981544077396393,0.007614969275891781,0.0342836007475853
580,0.023418275639414787,0.02995559573173523,0.0336640365421772,0.014992556534707546,0.03596865385770798,0.4019200801849365,0.013985008001327515,0.012095591053366661,0.05344059318304062,0.0644359290599823,0.006613387260586023,0.12180846929550171,0.01344667561352253,0.030337708070874214,0.03269235044717789,0.04259437322616577,0.022835491225123405,0.015892721712589264,0.0066068945452570915,0.02329041063785553
581,0.07914575934410095,0.013203933835029602,0.06353212147951126,0.09149640798568726,0.01763281039893627,0.06810860335826874,0.015620243735611439,0.015126178972423077,0.08516298979520798,0.03148724511265755,0.007070529740303755,0.07864229381084442,0.049351178109645844,0.09032332897186279,0.06360766291618347,0.09821180254220963,0.08281576633453369,0.025714533403515816,0.0035985400900244713,0.02014043740928173
582,0.03833804279565811,0.037744659930467606,0.027992060407996178,0.024201849475502968,0.06516031175851822,0.03308633342385292,0.009689869359135628,0.107601098716259,0.03189167007803917,0.13455162942409515,0.015324597246944904,0.03968604654073715,0.058814287185668945,0.02839488722383976,0.027820196002721786,0.047189366072416306,0.06621164083480835,0.11506499350070953,0.024025969207286835,0.06720023602247238
583,0.03921451419591904,0.04859700798988342,0.015574461780488491,0.01680014096200466,0.05280141159892082,0.0319419726729393,0.021026702597737312,0.0915834903717041,0.07063788175582886,0.10374178737401962,0.0124307069927454,0.026909805834293365,0.022191626951098442,0.03222222253680229,0.06384169310331345,0.06230918690562248,0.08953975141048431,0.11971180140972137,0.009171388112008572,0.06974552571773529
584,0.07358840852975845,0.008292948827147484,0.05536516383290291,0.036905962973833084,0.02876185066998005,0.13717125356197357,0.018291467800736427,0.015500170178711414,0.04706734046339989,0.035048872232437134,0.007583946455270052,0.06191352382302284,0.11751881241798401,0.047843459993600845,0.04342079907655716,0.10265427827835083,0.07345190644264221,0.03196617588400841,0.010779947973787785,0.046868983656167984
585,0.06123783066868782,0.02010343223810196,0.027760211378335953,0.022570615634322166,0.07249731570482254,0.07380068302154541,0.011357147246599197,0.06888174265623093,0.0395100861787796,0.09022851288318634,0.013039183802902699,0.04958661273121834,0.04823039844632149,0.03474068641662598,0.03468254953622818,0.08317618817090988,0.07372897863388062,0.09314410388469696,0.01871608756482601,0.06299895793199539
586,0.06562992185354233,0.009848696179687977,0.0392477884888649,0.03258102759718895,0.04810898378491402,0.05096497759222984,0.020230116322636604,0.05303448438644409,0.05705832690000534,0.07548785954713821,0.012201289646327496,0.06164979189634323,0.05464616417884827,0.049508895725011826,0.04402492940425873,0.0924382284283638,0.07864586263895035,0.07851356267929077,0.008882402442395687,0.06729065626859665
587,0.05766758695244789,0.008584617637097836,0.057853106409311295,0.03390995413064957,0.04989399388432503,0.0943879708647728,0.018741320818662643,0.03506210073828697,0.05093639716506004,0.0562514066696167,0.011172176338732243,0.062986359000206,0.056268513202667236,0.0442306213080883,0.03883638605475426,0.09885682165622711,0.08669745177030563,0.06335848569869995,0.01052190363407135,0.0637771412730217
588,0.05769055336713791,0.020406067371368408,0.047312844544649124,0.031996555626392365,0.054810695350170135,0.06469952315092087,0.013723855838179588,0.06609462201595306,0.03929353877902031,0.08777308464050293,0.01132322195917368,0.06304249167442322,0.03567635640501976,0.03746732696890831,0.034547269344329834,0.09218500554561615,0.08531521260738373,0.09349653869867325,0.007937672547996044,0.05519978329539299
589,0.06134725734591484,0.009367614984512329,0.0312969833612442,0.024882424622774124,0.06924068927764893,0.05812865495681763,0.016747387126088142,0.06079097464680672,0.03401578962802887,0.09167943149805069,0.014708477072417736,0.04605831205844879,0.05602322891354561,0.03445359691977501,0.0350041463971138,0.08602891862392426,0.07361447811126709,0.09300657361745834,0.012306266464293003,0.09129253029823303
590,0.058963824063539505,0.02652110904455185,0.043199535459280014,0.028640804812312126,0.06974517554044724,0.06089521199464798,0.0122855668887496,0.06752035021781921,0.03465144336223602,0.0806763768196106,0.01053693052381277,0.0635019987821579,0.04815717414021492,0.03108837641775608,0.03394205868244171,0.09174446016550064,0.07543987035751343,0.0902634859085083,0.012087390758097172,0.06012900173664093
591,0.06859125941991806,0.01517310831695795,0.053073324263095856,0.038910895586013794,0.04175858572125435,0.0790652334690094,0.016092544421553612,0.034606315195560455,0.04699939116835594,0.051259901374578476,0.010288020595908165,0.06982438266277313,0.062385112047195435,0.04379385709762573,0.03916659206151962,0.10970930755138397,0.08671452850103378,0.057706404477357864,0.013401055708527565,0.061473071575164795
592,0.06420464813709259,0.010142818093299866,0.05134180560708046,0.031879644840955734,0.038005534559488297,0.09490326792001724,0.014631271362304688,0.03309393674135208,0.048563480377197266,0.05108823627233505,0.011675640940666199,0.13839782774448395,0.05724753066897392,0.03798972815275192,0.04447457939386368,0.09805066138505936,0.07448449730873108,0.05154946446418762,0.0069850292056798935,0.04128215089440346
593,0.06498346477746964,0.03492217883467674,0.0173411313444376,0.013365615159273148,0.10775450617074966,0.04883892834186554,0.011690838262438774,0.09085660427808762,0.02748364768922329,0.09903208166360855,0.018110036849975586,0.031773362308740616,0.023023124784231186,0.022578829899430275,0.03089503012597561,0.05575909465551376,0.05531889572739601,0.12685750424861908,0.023198960348963737,0.09620985388755798
594,0.11256665736436844,0.01970185711979866,0.021377408877015114,0.02260567620396614,0.053685180842876434,0.0808672085404396,0.022903967648744583,0.033108413219451904,0.04611404612660408,0.06794384121894836,0.01568150706589222,0.038219425827264786,0.05673159658908844,0.04334678873419762,0.05440610647201538,0.08586838841438293,0.07780241966247559,0.07057264447212219,0.013328317552804947,0.06316261738538742
595,0.04364803433418274,0.020530959591269493,0.009553237818181515,0.010390977375209332,0.1324528157711029,0.027059350162744522,0.009858903475105762,0.10687672346830368,0.02058853767812252,0.14304228127002716,0.016412999480962753,0.015957070514559746,0.019747911021113396,0.018976042047142982,0.02804298885166645,0.04031303524971008,0.05052219331264496,0.13466544449329376,0.037970345467329025,0.11338473111391068
596,0.04784382879734039,0.0392661951482296,0.010946002788841724,0.011845499277114868,0.11521884799003601,0.02942849136888981,0.011207404546439648,0.09711446613073349,0.028072597458958626,0.12377365678548813,0.013483560644090176,0.0245211124420166,0.034607019275426865,0.023866120725870132,0.03408869728446007,0.053735632449388504,0.057556603103876114,0.10493756830692291,0.03678493946790695,0.10169421136379242
597,0.061447449028491974,0.025476019829511642,0.0188981294631958,0.016286678612232208,0.06844642013311386,0.0425587072968483,0.016799280419945717,0.08097586035728455,0.0442991703748703,0.10686666518449783,0.012426575645804405,0.044223032891750336,0.04631169140338898,0.03918203338980675,0.04648858308792114,0.060205284506082535,0.07077708095312119,0.10848436504602432,0.01157756894826889,0.07826302945613861
598,0.05552121624350548,0.01908295415341854,0.046693168580532074,0.023483984172344208,0.04948711767792702,0.053070515394210815,0.017316626384854317,0.03827238827943802,0.055879171937704086,0.06551948189735413,0.009550567716360092,0.1139971986413002,0.05649464949965477,0.03682838752865791,0.05505527928471565,0.08986801654100418,0.08737900853157043,0.06272822618484497,0.007992456667125225,0.05577504262328148
599,0.06487757712602615,0.02871570736169815,0.025169456377625465,0.023484503850340843,0.05969848856329918,0.046593718230724335,0.013546513393521309,0.06701493263244629,0.050813570618629456,0.09320615231990814,0.010600472800433636,0.05463985726237297,0.062083665281534195,0.0362098291516304,0.04215560853481293,0.08521718531847,0.08403905481100082,0.08358169347047806,0.012192889116704464,0.0561516135931015
600,0.05869966372847557,0.05486974120140076,0.02156749553978443,0.018537577241659164,0.09071175009012222,0.05181178078055382,0.009924839250743389,0.06131241098046303,0.04884009808301926,0.08829247206449509,0.01344752311706543,0.022790586575865746,0.027656683698296547,0.034851640462875366,0.038228269666433334,0.09263700246810913,0.09052608907222748,0.09199771285057068,0.012991050258278847,0.07029592990875244
601,0.05049119144678116,0.08738160878419876,0.03448633477091789,0.02124849334359169,0.0676015242934227,0.04286574199795723,0.011214155703783035,0.07550481706857681,0.03577404096722603,0.09370413422584534,0.010737568140029907,0.050129570066928864,0.051729004830121994,0.029696747660636902,0.02855275385081768,0.07316406071186066,0.07320679724216461,0.09379752725362778,0.012532401829957962,0.05617368593811989
602,0.07230231910943985,0.09833468496799469,0.024523301050066948,0.021442873403429985,0.05264301970601082,0.05834256857633591,0.010627329349517822,0.07038653641939163,0.034221116453409195,0.07035782188177109,0.008047575131058693,0.05461945757269859,0.03168250620365143,0.031916555017232895,0.029947102069854736,0.10531532019376755,0.07804612070322037,0.0857471153140068,0.006902162916958332,0.05458114668726921
603,0.06059437245130539,0.04369982331991196,0.033987533301115036,0.02803933434188366,0.04105890169739723,0.05203280970454216,0.008730518631637096,0.043186675757169724,0.044965051114559174,0.057461824268102646,0.005647193640470505,0.06594043970108032,0.05205564573407173,0.037534814327955246,0.030327297747135162,0.10426435619592667,0.1832180768251419,0.06209859997034073,0.007644493132829666,0.037502918392419815
604,0.06825853139162064,0.045951951295137405,0.05332214757800102,0.03562444448471069,0.03941250964999199,0.08057277649641037,0.021904537454247475,0.039145343005657196,0.05184640735387802,0.060699351131916046,0.009068760089576244,0.07475869357585907,0.018427209928631783,0.04756699502468109,0.04469268023967743,0.10304445773363113,0.07613445818424225,0.06764984130859375,0.006659527774900198,0.05524998903274536
605,0.06636334210634232,0.02682316303253174,0.04426446184515953,0.030751923099160194,0.03571128472685814,0.1247185543179512,0.015599576756358147,0.03851229324936867,0.042109835892915726,0.05376056209206581,0.009257609024643898,0.07634858042001724,0.0920722559094429,0.03925403952598572,0.041421759873628616,0.08674738556146622,0.06873992085456848,0.0580618716776371,0.006472036708146334,0.0430028922855854
606,0.05225643888115883,0.03248244524002075,0.02559194713830948,0.02484775334596634,0.08090703189373016,0.06056175380945206,0.01688201166689396,0.06919465214014053,0.03461823984980583,0.08164746314287186,0.016201917082071304,0.045622698962688446,0.052642542868852615,0.0333973728120327,0.039279837161302567,0.04294959455728531,0.08569618314504623,0.09518532454967499,0.016008222475647926,0.09402008354663849
607,0.07580947875976562,0.025144236162304878,0.03142617270350456,0.03483767807483673,0.04704000800848007,0.08284904807806015,0.020890234038233757,0.033377230167388916,0.05223892256617546,0.06019539386034012,0.014026187360286713,0.04988277703523636,0.07447123527526855,0.0498889721930027,0.06256571412086487,0.08660689741373062,0.06986546516418457,0.06585007160902023,0.009445959702134132,0.05358169972896576
608,0.04920140653848648,0.059036895632743835,0.014019361697137356,0.01597253419458866,0.0738423764705658,0.048610296100378036,0.018282242119312286,0.059284623712301254,0.03963010758161545,0.08682831376791,0.016296716406941414,0.02708413638174534,0.031611207872629166,0.030169257894158363,0.05298957973718643,0.051883429288864136,0.07695658504962921,0.1109621524810791,0.018634086474776268,0.11869653314352036
609,0.06422080099582672,0.06361807882785797,0.019596243277192116,0.020995577797293663,0.07135651260614395,0.04763859510421753,0.014406935311853886,0.057887595146894455,0.03857184946537018,0.09940190613269806,0.016456767916679382,0.03635181859135628,0.04368939623236656,0.03492480143904686,0.04470048099756241,0.0735335499048233,0.07392711192369461,0.09713392704725266,0.015204963274300098,0.06637502461671829
610,0.06096895784139633,0.13664749264717102,0.015832779929041862,0.01677571050822735,0.04374853894114494,0.058105845004320145,0.01962248608469963,0.03330988064408302,0.04314190894365311,0.06368233263492584,0.010438190773129463,0.0356358140707016,0.10890183597803116,0.03624356910586357,0.05084579065442085,0.06736559420824051,0.06203201040625572,0.06478036195039749,0.01579921506345272,0.05611596629023552
611,0.056272171437740326,0.01725206896662712,0.07598094642162323,0.03527338430285454,0.017270375043153763,0.06962867081165314,0.019473543390631676,0.012047601863741875,0.0848536416888237,0.02502387948334217,0.005450759548693895,0.11052104085683823,0.09733372926712036,0.051533736288547516,0.08253748714923859,0.1042260080575943,0.07877445220947266,0.02787094935774803,0.0031297451350837946,0.025539670139551163
612,0.04427523538470268,0.02128971368074417,0.03464198112487793,0.02131902053952217,0.05232866853475571,0.04978669807314873,0.01689814031124115,0.05993471294641495,0.06128242239356041,0.08440541476011276,0.017122376710176468,0.08052431792020798,0.05362522974610329,0.0377969928085804,0.06177230924367905,0.06870260089635849,0.08039235323667526,0.08380477875471115,0.012527715414762497,0.05756236985325813
613,0.07308311760425568,0.009184559807181358,0.036802299320697784,0.039102163165807724,0.050448473542928696,0.057528842240571976,0.010115395300090313,0.05641842633485794,0.05452733859419823,0.07419344782829285,0.011497554369270802,0.05995776504278183,0.04073723033070564,0.04823056235909462,0.036081377416849136,0.1007000282406807,0.09082649648189545,0.09246191382408142,0.00796987023204565,0.05012241750955582
614,0.04497546702623367,0.0064824302680790424,0.07897837460041046,0.0386323556303978,0.021901417523622513,0.0625687912106514,0.010725320316851139,0.021630657836794853,0.049859002232551575,0.036756500601768494,0.006371442228555679,0.2645198404788971,0.056669753044843674,0.03818580135703087,0.028155574575066566,0.09406854212284088,0.07280172407627106,0.03447256237268448,0.004919653292745352,0.027316898107528687
615,0.06576063483953476,0.012298395857214928,0.02444658987224102,0.02378827892243862,0.05975691229104996,0.14323179423809052,0.011785891838371754,0.07067631185054779,0.03957332670688629,0.06906355917453766,0.010381463915109634,0.06514569371938705,0.011685474775731564,0.03642493486404419,0.035785481333732605,0.08639772981405258,0.06765809655189514,0.10374361276626587,0.006144472863525152,0.05624379590153694
616,0.0463973730802536,0.005587537307292223,0.0402541384100914,0.03363636136054993,0.027907785028219223,0.05004069209098816,0.010075665079057217,0.03240582346916199,0.05721413344144821,0.04171108826994896,0.00655329879373312,0.05794188752770424,0.04686635732650757,0.04204517975449562,0.032798055559396744,0.15160487592220306,0.22016498446464539,0.0600917786359787,0.004493665415793657,0.03220309689640999
617,0.08975040912628174,0.008377445861697197,0.055455125868320465,0.041030317544937134,0.039194125682115555,0.08569665253162384,0.01518722902983427,0.035459861159324646,0.04710882529616356,0.06946763396263123,0.010455352254211903,0.07093367725610733,0.04382485896348953,0.04293079674243927,0.041561309248209,0.10962020605802536,0.07665418833494186,0.061313193291425705,0.010935856029391289,0.04503373056650162
618,0.06891951709985733,0.014798752963542938,0.029029937461018562,0.030979406088590622,0.041741084307432175,0.050169385969638824,0.015571357682347298,0.067811518907547,0.06678488105535507,0.0720231682062149,0.013287268579006195,0.06493259966373444,0.04807379096746445,0.046550240367650986,0.04090547934174538,0.07306183874607086,0.10897549986839294,0.0859704464673996,0.006177760194987059,0.054228782653808594
619,0.07375530898571014,0.013280807994306087,0.0524517297744751,0.04360591620206833,0.02954493835568428,0.0724797248840332,0.01701744645833969,0.023301614448428154,0.07156423479318619,0.03948591649532318,0.008369836956262589,0.071593277156353,0.12060487270355225,0.04952982813119888,0.05082643777132034,0.10645425319671631,0.07793112099170685,0.04284008592367172,0.004830694757401943,0.030524132773280144
620,0.06287974119186401,0.024459322914481163,0.027663901448249817,0.02666611038148403,0.07917627692222595,0.04578080028295517,0.012293239124119282,0.074544258415699,0.03934786841273308,0.09288506209850311,0.012581437826156616,0.037464920431375504,0.04456346109509468,0.03495664522051811,0.0352979376912117,0.0672767236828804,0.07777860015630722,0.12948298454284668,0.010745521634817123,0.06414995342493057
621,0.060823019593954086,0.024049319326877594,0.03450493887066841,0.042085547000169754,0.05058798938989639,0.04453220218420029,0.015513472259044647,0.050950586795806885,0.05186077207326889,0.07601649314165115,0.012377412989735603,0.051785096526145935,0.050618596374988556,0.046675581485033035,0.046280503273010254,0.08270660042762756,0.10787573456764221,0.08391324430704117,0.011355620808899403,0.055480729788541794
622,0.0430300273001194,0.03659472241997719,0.0191165991127491,0.01852225326001644,0.09293197840452194,0.035777732729911804,0.01174521166831255,0.10548549890518188,0.026163576170802116,0.13059444725513458,0.013931658118963242,0.02797173708677292,0.03408657759428024,0.02688700519502163,0.030897296965122223,0.05221571400761604,0.06254370510578156,0.1330905556678772,0.01580151729285717,0.08260563015937805
623,0.05728977546095848,0.02700900472700596,0.03264531120657921,0.02740841545164585,0.03563661128282547,0.04958522692322731,0.01384219154715538,0.038384921848773956,0.05175597965717316,0.05736730620265007,0.007177208084613085,0.05691858381032944,0.12272311747074127,0.03847011923789978,0.0531545914709568,0.10583905875682831,0.10716041177511215,0.0644293799996376,0.006673702038824558,0.04652322083711624
624,0.05838901922106743,0.024180687963962555,0.03560866415500641,0.029403632506728172,0.05162820219993591,0.07106385380029678,0.017444556578993797,0.04675465077161789,0.0496026873588562,0.07714846730232239,0.010579933412373066,0.054212167859077454,0.07392526417970657,0.043287623673677444,0.05176149681210518,0.08761070668697357,0.08171650022268295,0.07154323160648346,0.009741898626089096,0.05439062789082527
625,0.05578700453042984,0.02275874651968479,0.06659279763698578,0.043263137340545654,0.027774453163146973,0.0793059915304184,0.01463146973401308,0.03212828189134598,0.04457633197307587,0.048639826476573944,0.007692013401538134,0.07609498500823975,0.09151166677474976,0.04604446142911911,0.03524716943502426,0.10889632254838943,0.09482405334711075,0.06119263917207718,0.0047614192590117455,0.03827054053544998
626,0.05223416909575462,0.04135298356413841,0.049099843949079514,0.03212513402104378,0.04042990133166313,0.0832548439502716,0.015047440305352211,0.048361338675022125,0.049853671342134476,0.07291305810213089,0.009312600828707218,0.049225661903619766,0.06752077490091324,0.04217683896422386,0.0371202677488327,0.09516552090644836,0.0882294550538063,0.07181253284215927,0.007815174758434296,0.04694047570228577
627,0.052382249385118484,0.058682795614004135,0.031678903847932816,0.02683795429766178,0.05053291097283363,0.04565751552581787,0.009843929670751095,0.06073134392499924,0.045692622661590576,0.07985460758209229,0.009270859882235527,0.058876343071460724,0.06644321233034134,0.038827840238809586,0.033365052193403244,0.09751718491315842,0.11026432365179062,0.07106918096542358,0.009044816717505455,0.043416861444711685
628,0.05270417034626007,0.05395926907658577,0.057365406304597855,0.027630886062979698,0.04083426296710968,0.050388555973768234,0.01742057129740715,0.054079312831163406,0.0457143597304821,0.08944453299045563,0.010472610592842102,0.05904638394713402,0.0837365910410881,0.043178580701351166,0.030978688970208168,0.08363112807273865,0.07948891818523407,0.07195461541414261,0.006165701895952225,0.04179732874035835
629,0.058923590928316116,0.024103756994009018,0.06079169362783432,0.04320983216166496,0.02807340770959854,0.12620139122009277,0.019523365423083305,0.020749930292367935,0.06467810273170471,0.03970678523182869,0.008202018216252327,0.08430654555559158,0.05416635423898697,0.05626760795712471,0.04765652120113373,0.0985068753361702,0.08122178912162781,0.041683223098516464,0.0059652323834598064,0.03605436161160469
630,0.05614418163895607,0.024617386981844902,0.0612335130572319,0.04671204090118408,0.044576264917850494,0.09987790137529373,0.014217982068657875,0.04864876717329025,0.03701503202319145,0.06985972821712494,0.010657934471964836,0.0658600702881813,0.042578864842653275,0.043927550315856934,0.032827574759721756,0.09227868914604187,0.08116789907217026,0.07505300641059875,0.008417340926826,0.04431898891925812
631,0.061228517442941666,0.06087563559412956,0.03424691781401634,0.027090543881058693,0.06029396504163742,0.09079784154891968,0.017070645466446877,0.05619580298662186,0.02849947288632393,0.07850799709558487,0.012246891856193542,0.043919652700424194,0.0374174639582634,0.036979205906391144,0.02843930386006832,0.07019276171922684,0.08474203944206238,0.0996507927775383,0.009953278116881847,0.06164361536502838
632,0.06416010111570358,0.049809616059064865,0.0342140756547451,0.03071744181215763,0.049148645251989365,0.06147763878107071,0.017502909526228905,0.04563772305846214,0.051339492201805115,0.066855788230896,0.014140146784484386,0.0575987882912159,0.04194655269384384,0.04113708436489105,0.04371687024831772,0.08936677873134613,0.10767669230699539,0.07490582019090652,0.010029718279838562,0.048607297241687775
633,0.05155535787343979,0.0449959859251976,0.0277599785476923,0.024480832740664482,0.06019917502999306,0.04517841711640358,0.012761615216732025,0.07180285453796387,0.029385868459939957,0.08667366951704025,0.016479941084980965,0.11354333907365799,0.025278229266405106,0.03165481612086296,0.030356543138623238,0.06899916380643845,0.07669670879840851,0.10845064371824265,0.014730031602084637,0.05900951102375984
634,0.04255930706858635,0.04073552042245865,0.04406655207276344,0.022976640611886978,0.047548577189445496,0.031200937926769257,0.009911627508699894,0.04778038710355759,0.023591602221131325,0.07283277064561844,0.008531789295375347,0.2559874653816223,0.025979014113545418,0.022195439785718918,0.01873575896024704,0.08159887790679932,0.0848495289683342,0.06398158520460129,0.012156055308878422,0.04277645796537399
635,0.05800497531890869,0.013954642228782177,0.055183205753564835,0.049977198243141174,0.03511994704604149,0.05309236794710159,0.01930389367043972,0.02935951203107834,0.07909689843654633,0.05412294715642929,0.007870624773204327,0.07007904350757599,0.05858047306537628,0.07253372669219971,0.05962345004081726,0.09710563719272614,0.08575133234262466,0.0555790439248085,0.006927588954567909,0.038726236671209335
636,0.03317097947001457,0.012624728493392467,0.07358630746603012,0.02289816178381443,0.024012695997953415,0.029653973877429962,0.008492778055369854,0.026294350624084473,0.028695398941636086,0.03758546710014343,0.004695018753409386,0.45281291007995605,0.02712797001004219,0.022982290014624596,0.02101380005478859,0.05839179456233978,0.045545998960733414,0.04396727681159973,0.0034654424525797367,0.022978143766522408
637,0.07038500905036926,0.010957183316349983,0.06870045512914658,0.05472255125641823,0.02704610675573349,0.08644476532936096,0.012645404785871506,0.030200695618987083,0.05541886389255524,0.042434658855199814,0.005312623456120491,0.07382960617542267,0.06668974459171295,0.0430346317589283,0.03132336586713791,0.11722718924283981,0.11084993928670883,0.05554433912038803,0.005334179848432541,0.031891968101263046
638,0.05587555095553398,0.010304798372089863,0.06481675803661346,0.05761336162686348,0.033977966755628586,0.0923779085278511,0.012520605698227882,0.031905170530080795,0.06495952606201172,0.05140559375286102,0.008057752624154091,0.08664656430482864,0.03626350685954094,0.050857190042734146,0.04432635381817818,0.10385105758905411,0.09913019835948944,0.05202034115791321,0.006019227206707001,0.03706225007772446
639,0.06449286639690399,0.017860181629657745,0.031521059572696686,0.03139970824122429,0.03964388370513916,0.1472533792257309,0.02023405395448208,0.03545927256345749,0.058963626623153687,0.05579628422856331,0.010783208534121513,0.05533035099506378,0.03502583131194115,0.04072054103016853,0.051285285502672195,0.08574172854423523,0.09946587681770325,0.06943659484386444,0.006038814317435026,0.04353941231966019
640,0.0491245873272419,0.026499850675463676,0.02077356167137623,0.02441404014825821,0.0530923530459404,0.06263326853513718,0.012540868483483791,0.08594883978366852,0.0402335487306118,0.09071817249059677,0.013140144757926464,0.03317323327064514,0.024988701567053795,0.03747032955288887,0.036205995827913284,0.0773768350481987,0.1068916767835617,0.12491104751825333,0.013988079503178596,0.06586327403783798
641,0.0307904202491045,0.029246343299746513,0.00945031177252531,0.012350065633654594,0.07067926228046417,0.01867450587451458,0.008204198442399502,0.08892181515693665,0.019831234589219093,0.08953138440847397,0.00926098134368658,0.06021634489297867,0.01576748490333557,0.018866563215851784,0.019068224355578423,0.07955171912908554,0.21632470190525055,0.10218415409326553,0.01787494122982025,0.08319400995969772
642,0.08076189458370209,0.02961789444088936,0.022474931553006172,0.033415526151657104,0.05138877034187317,0.04148988798260689,0.016334552317857742,0.06198962405323982,0.04213578626513481,0.09380125254392624,0.016335248947143555,0.027267195284366608,0.01920604519546032,0.0444716140627861,0.04428427666425705,0.07107940316200256,0.094453364610672,0.12754012644290924,0.011977549642324448,0.06996993720531464
643,0.06258361786603928,0.019707703962922096,0.0437050499022007,0.02795337326824665,0.04693884775042534,0.053577955812215805,0.015539821237325668,0.052348457276821136,0.030113084241747856,0.07919307053089142,0.012781046330928802,0.05267820879817009,0.0542261004447937,0.03402562439441681,0.0353582538664341,0.08670561015605927,0.13835111260414124,0.08589726686477661,0.013660391792654991,0.05464962124824524
644,0.07139280438423157,0.014618979766964912,0.04973375052213669,0.054881419986486435,0.029394490644335747,0.04779179021716118,0.013372347690165043,0.03038899600505829,0.060357723385095596,0.03830033540725708,0.0074869864620268345,0.05610966682434082,0.09575585275888443,0.04791032895445824,0.04070967063307762,0.14514604210853577,0.10277123749256134,0.05640420690178871,0.005922137293964624,0.03154408559203148
645,0.05530782416462898,0.008139210753142834,0.13701988756656647,0.0602123886346817,0.03493550792336464,0.06696177273988724,0.016241637989878654,0.026465335860848427,0.037833813577890396,0.03903348371386528,0.007593878079205751,0.10385141521692276,0.04771294817328453,0.045359645038843155,0.028343994170427322,0.11606612056493759,0.0883343443274498,0.03909317031502724,0.004989901091903448,0.03649893403053284
646,0.0561424121260643,0.0083148879930377,0.0765809416770935,0.04602561146020889,0.034973565489053726,0.106035977602005,0.014812212437391281,0.03872126340866089,0.03672283887863159,0.05715993046760559,0.012229448184370995,0.08106271922588348,0.06199845299124718,0.039902374148368835,0.03106539137661457,0.0980311930179596,0.08950848877429962,0.07079461216926575,0.0054673547856509686,0.03444498032331467
647,0.04652490094304085,0.0708160400390625,0.030701210722327232,0.028355907648801804,0.0680026113986969,0.03527118265628815,0.017078325152397156,0.07299402356147766,0.04132724180817604,0.09657344967126846,0.012814882211387157,0.037602320313453674,0.02060997672379017,0.042369067668914795,0.03815832734107971,0.05426592007279396,0.07807790488004684,0.12194163352251053,0.010871033184230328,0.07563463598489761
648,0.04874256253242493,0.010953412391245365,0.02522415667772293,0.028305161744356155,0.08129151910543442,0.03708955645561218,0.01130136102437973,0.09080342203378677,0.034316688776016235,0.12468817085027695,0.012674897909164429,0.02989806979894638,0.050905536860227585,0.03270287439227104,0.034118544310331345,0.06410278379917145,0.0681896060705185,0.13254764676094055,0.017104823142290115,0.06503060460090637
649,0.05739973485469818,0.05534368008375168,0.031177416443824768,0.023500528186559677,0.06654294580221176,0.03432022035121918,0.012057561427354813,0.1000172346830368,0.029762262478470802,0.0952807143330574,0.010931144468486309,0.044946491718292236,0.04879136383533478,0.027713997289538383,0.031005045399069786,0.0675484910607338,0.06265619397163391,0.13159441947937012,0.010220485739409924,0.05917886644601822
650,0.07512293010950089,0.01965223252773285,0.030524617061018944,0.03307629004120827,0.04444291442632675,0.06051768362522125,0.016372477635741234,0.042592041194438934,0.05327009782195091,0.06672950088977814,0.009214895777404308,0.04616929963231087,0.08238586783409119,0.04503575712442398,0.049816958606243134,0.09465508908033371,0.09272435307502747,0.0780518651008606,0.010245602577924728,0.049392979592084885
651,0.05949462577700615,0.02962539717555046,0.024198798462748528,0.025103798136115074,0.08977172523736954,0.056701790541410446,0.01261687371879816,0.07591025531291962,0.03622977435588837,0.08892015367746353,0.014715107157826424,0.03711690753698349,0.04468173533678055,0.030447371304035187,0.039453063160181046,0.06552066653966904,0.06695818901062012,0.11084398627281189,0.015278934501111507,0.07640353590250015
652,0.061513736844062805,0.029107434675097466,0.03664552420377731,0.029040776193141937,0.05096966400742531,0.06139417737722397,0.014638789929449558,0.05762046203017235,0.05523928627371788,0.06859925389289856,0.011641807854175568,0.04690707102417946,0.06815715879201889,0.04054151102900505,0.04676295444369316,0.08291085064411163,0.08857354521751404,0.09683556109666824,0.007875840179622173,0.045013945549726486
653,0.05298972129821777,0.0618850402534008,0.02461577206850052,0.021603338420391083,0.06207845360040665,0.05570925027132034,0.011542508378624916,0.07836729288101196,0.048989683389663696,0.09338850528001785,0.0114700086414814,0.04848111793398857,0.07189515233039856,0.028972545638680458,0.04058201238512993,0.06484798341989517,0.06888765096664429,0.089636892080307,0.011062699370086193,0.05298531800508499
654,0.05753912776708603,0.0678822323679924,0.0195080004632473,0.019344700500369072,0.08413631469011307,0.05153278633952141,0.011868213303387165,0.0675184577703476,0.03918715566396713,0.09784639626741409,0.009693502448499203,0.038194846361875534,0.04010492190718651,0.028676260262727737,0.04144778847694397,0.0760895162820816,0.07590770721435547,0.09954889863729477,0.012252513319253922,0.061709292232990265
655,0.051588792353868484,0.11010988801717758,0.046958714723587036,0.04126444086432457,0.03734724223613739,0.0618911050260067,0.011078407056629658,0.049612563103437424,0.04423433914780617,0.06445566564798355,0.009826728142797947,0.05483270436525345,0.05625496059656143,0.0389251634478569,0.0379495695233345,0.07696016132831573,0.08807839453220367,0.07537924498319626,0.007124747149646282,0.036121778190135956
656,0.09149745106697083,0.024763649329543114,0.0313061960041523,0.030769240111112595,0.035060588270425797,0.1097298339009285,0.011031930334866047,0.05693479999899864,0.040287114679813385,0.05207227170467377,0.009079407900571823,0.04953823983669281,0.02463141828775406,0.03600584343075752,0.03225528448820114,0.13475121557712555,0.0932064950466156,0.09615132957696915,0.004060149192810059,0.0368618406355381
657,0.0355663038790226,0.012930774129927158,0.03492014855146408,0.029201803728938103,0.02788383699953556,0.05243425443768501,0.007092106621712446,0.03889816999435425,0.040653813630342484,0.04706750437617302,0.006405839696526527,0.04486637935042381,0.047004930675029755,0.0320608988404274,0.02435130439698696,0.11406492441892624,0.31696584820747375,0.058681171387434006,0.004069816786795855,0.024872513487935066
658,0.08832508325576782,0.019269676879048347,0.03875479847192764,0.03696462884545326,0.06259793043136597,0.06793175637722015,0.013589628040790558,0.08172304928302765,0.04320995882153511,0.09428495168685913,0.013321218080818653,0.04446739703416824,0.03374628350138664,0.04056934267282486,0.03315013647079468,0.058963630348443985,0.05647260323166847,0.11875738948583603,0.008734926581382751,0.045157112181186676
659,0.06010258570313454,0.004994119517505169,0.03904809057712555,0.028947118669748306,0.04363449290394783,0.054638348519802094,0.013961740769445896,0.053101442754268646,0.05400581285357475,0.06447760760784149,0.010536734946072102,0.05723588541150093,0.07891219109296799,0.043773338198661804,0.034862082451581955,0.11471102386713028,0.10971960425376892,0.08231600373983383,0.005274473689496517,0.04574058949947357
660,0.04509778693318367,0.026675289496779442,0.020179297775030136,0.020146165043115616,0.12056616693735123,0.0448172464966774,0.010529635474085808,0.11151417344808578,0.022339457646012306,0.10211169719696045,0.015160680748522282,0.030591806396842003,0.04147161543369293,0.022602492943406105,0.022755131125450134,0.053276799619197845,0.05955249071121216,0.12604722380638123,0.012456731870770454,0.09210164844989777
661,0.060856401920318604,0.002948943991214037,0.07023458182811737,0.05415912717580795,0.028093121945858,0.0679856538772583,0.015494046732783318,0.029072772711515427,0.0519120879471302,0.045523762702941895,0.008261489681899548,0.07323841005563736,0.09028775990009308,0.0539359524846077,0.041630614548921585,0.12688219547271729,0.09234748780727386,0.05818235129117966,0.0033409770112484694,0.025605306029319763
662,0.05935915559530258,0.011721949093043804,0.03313496708869934,0.02304651588201523,0.077126644551754,0.06408069282770157,0.013804529793560505,0.0954342633485794,0.03642138093709946,0.12085080146789551,0.012036615051329136,0.04414758458733559,0.02849673479795456,0.03356423228979111,0.031232023611664772,0.06969232857227325,0.064325712621212,0.11607187241315842,0.00901972595602274,0.05641760677099228
663,0.06315891444683075,0.007499539293348789,0.05805262550711632,0.04185161367058754,0.02576448582112789,0.09565490484237671,0.013709424994885921,0.02602142095565796,0.059819433838129044,0.04712783917784691,0.006915973033756018,0.06656506657600403,0.14824610948562622,0.042450252920389175,0.0449933223426342,0.10734707117080688,0.06731671839952469,0.0501326248049736,0.004069090820848942,0.023297971114516258
664,0.09031827747821808,0.015103660523891449,0.043645359575748444,0.0553845539689064,0.04949403181672096,0.05115996673703194,0.012228565290570259,0.051028426736593246,0.055724985897541046,0.07684838771820068,0.009568647481501102,0.05572760850191116,0.047069475054740906,0.042203329503536224,0.04154962673783302,0.09954901039600372,0.0783175602555275,0.08140294998884201,0.006433476693928242,0.037229813635349274
665,0.05747806653380394,0.004734785761684179,0.07175140082836151,0.041209809482097626,0.018948549404740334,0.10649438947439194,0.015173560008406639,0.02365785464644432,0.049980562180280685,0.035935577005147934,0.006367734167724848,0.0748763158917427,0.16885508596897125,0.039984121918678284,0.033169880509376526,0.10025829076766968,0.08331534266471863,0.039176300168037415,0.006278186105191708,0.02234821207821369
666,0.07225464284420013,0.009660796262323856,0.05149657279253006,0.037718161940574646,0.06154606491327286,0.04764315485954285,0.012203827500343323,0.05346067249774933,0.043357715010643005,0.0936427116394043,0.015552920289337635,0.053619857877492905,0.04509003460407257,0.042222678661346436,0.029760468751192093,0.11550603061914444,0.07594418525695801,0.07716743648052216,0.00839235819876194,0.05375112593173981
667,0.05502249673008919,0.0044463640078902245,0.057505570352077484,0.0470552071928978,0.0461055152118206,0.056663088500499725,0.01778010092675686,0.03577066585421562,0.07081516832113266,0.05071656405925751,0.01207976508885622,0.05342873930931091,0.08307434618473053,0.051562197506427765,0.05505278706550598,0.10227430611848831,0.08353917300701141,0.06352686136960983,0.006173031870275736,0.047403350472450256
668,0.06450205296278,0.005224883556365967,0.050011198967695236,0.03419145941734314,0.05750071257352829,0.05516113340854645,0.009690523147583008,0.06710757315158844,0.04788478463888168,0.09516171365976334,0.013153363019227982,0.0588071309030056,0.0303265992552042,0.04093446210026741,0.032289061695337296,0.10285507142543793,0.09249606728553772,0.08759767562150955,0.007810296956449747,0.047288279980421066
669,0.017630163580179214,0.01204551663249731,0.00304546020925045,0.003732160432264209,0.09515229612588882,0.006093188654631376,0.00446697510778904,0.3013615608215332,0.008814834989607334,0.19595320522785187,0.014553996734321117,0.004048245958983898,0.008304761722683907,0.007149055600166321,0.010697277262806892,0.01526257861405611,0.0220146756619215,0.2150774449110031,0.009145720861852169,0.045446477830410004
670,0.06461212038993835,0.0017164376331493258,0.05464130640029907,0.056523602455854416,0.02594667300581932,0.059099484235048294,0.012457558885216713,0.021910082548856735,0.06910624355077744,0.04674481227993965,0.005958162248134613,0.05448222532868385,0.12653835117816925,0.062104206532239914,0.04465167596936226,0.12395747005939484,0.086981862783432,0.04688519239425659,0.0031428285874426365,0.032535750418901443
671,0.08904740959405899,0.002062408719211817,0.06118272989988327,0.05269346013665199,0.034244354814291,0.05290035530924797,0.015463145449757576,0.030516386032104492,0.08926242589950562,0.06106722727417946,0.008150856010615826,0.06823544949293137,0.054639074951410294,0.07345251739025116,0.04907785356044769,0.0843302458524704,0.06825811415910721,0.052697453647851944,0.0075615099631249905,0.04515213891863823
672,0.046256210654973984,0.0040273177437484264,0.029020875692367554,0.027830177918076515,0.03681746870279312,0.04035390168428421,0.009173880331218243,0.05854550004005432,0.04277116805315018,0.10517153143882751,0.009092374704778194,0.1798134744167328,0.06618304550647736,0.046888384968042374,0.028391284868121147,0.08594688773155212,0.07016325742006302,0.07139160484075546,0.005988877732306719,0.036166977137327194
673,0.06611809879541397,0.0027295202016830444,0.030377095565199852,0.041094716638326645,0.042747654020786285,0.04279148578643799,0.013604706153273582,0.043692007660865784,0.08282038569450378,0.08580894768238068,0.010127002373337746,0.07092149555683136,0.055033911019563675,0.07077829539775848,0.04817882180213928,0.10110768675804138,0.08853539079427719,0.06418556720018387,0.005113538820296526,0.0342269241809845
674,0.07883819192647934,0.0019734371453523636,0.02475975826382637,0.04210304841399193,0.022133830934762955,0.03013007901608944,0.012753157876431942,0.030593279749155045,0.05424170568585396,0.05272708833217621,0.005813154391944408,0.16141879558563232,0.09351910650730133,0.08435261249542236,0.041702426970005035,0.10524927824735641,0.0798535868525505,0.047960903495550156,0.0032649594359099865,0.026606544852256775
675,0.07814985513687134,0.002764939097687602,0.02638801746070385,0.030219050124287605,0.033400047570466995,0.040919750928878784,0.01278744451701641,0.047047145664691925,0.049690186977386475,0.06780777871608734,0.007442882284522057,0.06416069716215134,0.10314233601093292,0.05387656018137932,0.03488793224096298,0.12431607395410538,0.11091651767492294,0.07802453637123108,0.00490631815046072,0.029145855456590652
676,0.060827407985925674,0.0016363956965506077,0.026794955134391785,0.025682736188173294,0.03680168464779854,0.048346251249313354,0.013852004893124104,0.06001516804099083,0.041125331073999405,0.09766542166471481,0.01084221713244915,0.035923779010772705,0.05782344192266464,0.07251186668872833,0.052228137850761414,0.13998757302761078,0.10623369365930557,0.08253174275159836,0.003954142332077026,0.025209972634911537
677,0.07615164667367935,0.0005668294033966959,0.017293604090809822,0.01968569867312908,0.018615012988448143,0.06115587800741196,0.012509355321526527,0.03777298331260681,0.050254832953214645,0.044071149080991745,0.004324454814195633,0.05201426148414612,0.08788367360830307,0.05948416143655777,0.06258392333984375,0.17588384449481964,0.12464432418346405,0.08247077465057373,0.001035347580909729,0.011592463590204716
678,0.050069116055965424,0.0002555933897383511,0.007849288173019886,0.006044584792107344,0.017442898824810982,0.050404731184244156,0.043811652809381485,0.028159983456134796,0.07330253720283508,0.09220573306083679,0.00467029819265008,0.09386581182479858,0.03352779895067215,0.03753992170095444,0.17354050278663635,0.14830927550792694,0.07586921751499176,0.049647256731987,0.0011954468209296465,0.012283398769795895
679,0.03340442106127739,0.00016370635421480983,0.005941742565482855,0.005796110723167658,0.009758775122463703,0.028986843302845955,0.020256290212273598,0.02171572856605053,0.08520123362541199,0.04032290726900101,0.0031424907501786947,0.07966423779726028,0.013527626171708107,0.03167539834976196,0.11148089170455933,0.15519936382770538,0.2937297523021698,0.05338802561163902,0.0006324074347503483,0.00600828742608428
680,0.006829853635281324,4.8107413022080436e-05,0.000386830564821139,0.00023759693431202322,0.007877391763031483,0.0019333421951159835,0.00431220605969429,0.0542667880654335,0.0591442808508873,0.1331525295972824,0.003478637430816889,0.015630654990673065,0.005512965843081474,0.002686458872631192,0.6196503043174744,0.014186463318765163,0.013523717410862446,0.05539264157414436,0.0001324104523519054,0.0016161923995241523
681,0.05213761702179909,6.764179124729708e-05,0.002114253817126155,0.004224712960422039,0.03153979778289795,0.009333880618214607,0.02226361632347107,0.03301723673939705,0.10560056567192078,0.03616134077310562,0.007874554954469204,0.03938831761479378,0.001910852617584169,0.04477211833000183,0.22844190895557404,0.17799653112888336,0.0785711482167244,0.11067666113376617,0.000698376796208322,0.013207982294261456
682,0.029557136818766594,3.84246013709344e-05,0.000418300274759531,0.0012071130331605673,0.0007775474223308265,0.01337704062461853,0.001230086898431182,0.0035175003577023745,0.27678924798965454,0.0025660202372819185,0.0009667676058597863,0.00038426925311796367,0.003119149710983038,0.004406198393553495,0.6008071899414062,0.031532131135463715,0.019691012799739838,0.009230971336364746,3.195040699210949e-05,0.00035168795147910714
683,0.005067408084869385,8.631891978438944e-05,0.0006588039686903358,0.0008354898309335113,0.003844921477138996,0.0005047079175710678,0.0007486101821996272,0.003543061902746558,0.003923750016838312,0.06941217184066772,0.004499094560742378,0.0009114542626775801,0.00035603262949734926,0.00567734194919467,0.885118305683136,0.006637693848460913,0.0022747342009097338,0.004507383797317743,0.0001079477442544885,0.0012844424927607179
684,0.10331445187330246,3.688196375151165e-05,0.24336111545562744,0.09736119955778122,0.0011453150073066354,0.015619443729519844,0.003989738412201405,0.0003486368805170059,0.001658606226556003,0.0006306318682618439,0.0004928294802084565,0.02730470523238182,4.228594480082393e-05,0.15828105807304382,0.006119678262621164,0.32792365550994873,0.00867901649326086,0.002218774752691388,0.0001303763856412843,0.0013393876142799854
685,0.09445401281118393,6.572235724888742e-05,0.008980290964245796,0.0066408575512468815,0.007666521705687046,0.001898693386465311,0.0016097973566502333,0.13803616166114807,0.0008207076461985707,0.198927104473114,0.0037252474576234818,0.0009055818663910031,0.0036870280746370554,0.006285484880208969,0.002144965110346675,0.032366715371608734,0.17438995838165283,0.3135446310043335,0.0001808412343962118,0.0036665487568825483
686,0.058557137846946716,0.00012505485210567713,0.21301934123039246,0.10828214138746262,0.00618019700050354,0.06203259900212288,0.006322180852293968,0.014511694200336933,0.01815689168870449,0.019999518990516663,0.0028131830040365458,0.07623476535081863,0.0390799306333065,0.05824490636587143,0.013851224444806576,0.18291936814785004,0.08000511676073074,0.03204229846596718,0.0005978007684461772,0.007019459269940853
687,0.05196041986346245,0.00012929724471177906,0.20307770371437073,0.09966358542442322,0.004221517592668533,0.05531633272767067,0.006504377815872431,0.0068959626369178295,0.026556607335805893,0.013841474428772926,0.0022726149763911963,0.16613012552261353,0.08482535928487778,0.05210067704319954,0.01618843711912632,0.11665233969688416,0.06489060074090958,0.022061878815293312,0.0004689644556492567,0.006237591616809368
688,0.03341474384069443,0.00020409641729202121,0.21713046729564667,0.1006091982126236,0.00204933132044971,0.074356310069561,0.007267834153026342,0.002475257497280836,0.029597900807857513,0.005212041549384594,0.0012530345702543855,0.10453087836503983,0.12043699622154236,0.04202350229024887,0.01841629110276699,0.1685870736837387,0.06019928306341171,0.007470059208571911,0.00032714291592128575,0.004434939008206129
689,0.03783698007464409,0.0003515940625220537,0.1792018711566925,0.11460041254758835,0.006145809777081013,0.07725321501493454,0.008505594916641712,0.007290825247764587,0.03843120113015175,0.010971947573125362,0.002038594102486968,0.09584589302539825,0.16595463454723358,0.05472579225897789,0.02327756956219673,0.10014815628528595,0.053301483392715454,0.014814944006502628,0.0007736962870694697,0.008525822311639786
690,0.06049720570445061,0.0006011290824972093,0.10211004316806793,0.069954052567482,0.020866449922323227,0.07612673938274384,0.009758108295500278,0.01916217803955078,0.03843158483505249,0.04038212448358536,0.005211547948420048,0.08775660395622253,0.08868429064750671,0.0581815205514431,0.026451177895069122,0.14456786215305328,0.08272857218980789,0.044240739196538925,0.0031562407966703176,0.02112680859863758
691,0.0690758004784584,0.0005242616171017289,0.07847551256418228,0.048153821378946304,0.024292588233947754,0.06625553220510483,0.009292046539485455,0.03286299109458923,0.031727053225040436,0.04674921929836273,0.006316797807812691,0.04693889617919922,0.17196066677570343,0.04424173757433891,0.019484199583530426,0.11356719583272934,0.08855712413787842,0.0704219788312912,0.0027937002014368773,0.028304781764745712
692,0.022628260776400566,0.00022031359549146146,0.12519033253192902,0.0663670226931572,0.0056699346750974655,0.03805503621697426,0.00998618733137846,0.005813913885504007,0.0433332733809948,0.009611635468900204,0.002355466363951564,0.28490355610847473,0.10284052044153214,0.04282047972083092,0.02386281080543995,0.09548588842153549,0.09170638024806976,0.013630157336592674,0.001618509995751083,0.013896970078349113
693,0.06532540917396545,0.0003351309569552541,0.06225822865962982,0.06629177182912827,0.023455370217561722,0.07316833734512329,0.010238580405712128,0.029307523742318153,0.03863464668393135,0.04537097364664078,0.008982737548649311,0.057971708476543427,0.11838997900485992,0.0575367733836174,0.027507923543453217,0.10826151818037033,0.09317983686923981,0.07710277289152145,0.0038566668517887592,0.03282088041305542
694,0.0513659305870533,0.00031934978323988616,0.08860142529010773,0.06166206672787666,0.005923776887357235,0.05687680467963219,0.006624789908528328,0.011155370622873306,0.040194667875766754,0.020178567618131638,0.005302304867655039,0.3542110025882721,0.04925985634326935,0.04442930594086647,0.02543732337653637,0.08297991752624512,0.06191662698984146,0.02473454549908638,0.0011153484228998423,0.007706421427428722
695,0.06769503653049469,0.0004638493119273335,0.07051820307970047,0.06716257333755493,0.027189407497644424,0.06777548044919968,0.01170489750802517,0.03191925957798958,0.036964915692806244,0.04800301045179367,0.005936031229794025,0.05406034737825394,0.13351595401763916,0.045524127781391144,0.029198747128248215,0.09758444875478745,0.07911262661218643,0.07673606276512146,0.004577203653752804,0.04435459151864052
696,0.0699467584490776,0.000570514821447432,0.09432193636894226,0.05991598963737488,0.023967010900378227,0.0506693571805954,0.010341004468500614,0.03589240834116936,0.04577210918068886,0.06811310350894928,0.0073730857111513615,0.0634656623005867,0.1145893782377243,0.046413641422986984,0.0257417019456625,0.09716436266899109,0.0890808179974556,0.06962548196315765,0.002464725635945797,0.02456565760076046
697,0.05993453785777092,0.0006221352959983051,0.11660269647836685,0.058477580547332764,0.02403298392891884,0.06298020482063293,0.007563544902950525,0.03034284897148609,0.03361700847744942,0.04966522380709648,0.00532643822953105,0.13929370045661926,0.05648969113826752,0.03322877362370491,0.018508464097976685,0.1253006011247635,0.10079661011695862,0.05525919795036316,0.0016950442222878337,0.020255548879504204
698,0.06527078151702881,0.0007515951292589307,0.06439649313688278,0.044775474816560745,0.03328869119286537,0.05192768946290016,0.00792667642235756,0.054091595113277435,0.040069982409477234,0.07520416378974915,0.006837171036750078,0.05273326486349106,0.13815543055534363,0.03590148314833641,0.02236812748014927,0.10689463466405869,0.08931999653577805,0.08078449964523315,0.002781336661428213,0.02651190012693405
699,0.058966562151908875,0.0006957692676223814,0.06959211081266403,0.05186312645673752,0.050693828612565994,0.052986495196819305,0.007730454672127962,0.06040120869874954,0.03989023715257645,0.09405515342950821,0.009114348329603672,0.09299350529909134,0.04578609764575958,0.03655913099646568,0.02042771875858307,0.10914987325668335,0.0759071484208107,0.08291054517030716,0.004422369878739119,0.0358455628156662
700,0.04454860836267471,0.0006273260805755854,0.05609498918056488,0.03183746710419655,0.049635279923677444,0.06749966740608215,0.005181260872632265,0.07054436206817627,0.01893286406993866,0.07184513658285141,0.00823509506881237,0.21298447251319885,0.03586163371801376,0.026606598868966103,0.013631518930196762,0.08425470441579819,0.06158176809549332,0.09765872359275818,0.005625798832625151,0.03680232912302017
701,0.052837077528238297,0.0006875763647258282,0.03695760667324066,0.029886525124311447,0.07998519390821457,0.0566319040954113,0.009110874496400356,0.094992496073246,0.02879556640982628,0.08579233288764954,0.012107384391129017,0.04486986622214317,0.04909906163811684,0.02987472154200077,0.01852327212691307,0.07424544543027878,0.07774250954389572,0.13793498277664185,0.005895241629332304,0.0740223228931427
702,0.04286300390958786,0.0013686264865100384,0.017466304823756218,0.019957944750785828,0.10932406783103943,0.03580041974782944,0.007049000822007656,0.1490565687417984,0.022789079695940018,0.11645493656396866,0.012078013271093369,0.024553265422582626,0.029136603698134422,0.022274717688560486,0.01958164945244789,0.05785658583045006,0.07350817322731018,0.16711817681789398,0.0062028793618083,0.06555122137069702
703,0.02842579409480095,0.0008454707567580044,0.013601448386907578,0.01138021145015955,0.0945185124874115,0.017039375379681587,0.00328195933252573,0.12006715685129166,0.012408039532601833,0.09930650889873505,0.006662525702267885,0.014540713280439377,0.02724105305969715,0.01251666247844696,0.008950511924922466,0.11668990552425385,0.23774400353431702,0.11894620209932327,0.008968809619545937,0.04685661569237709
704,0.038672588765621185,0.00043434841791167855,0.03604469075798988,0.023157373070716858,0.09057030826807022,0.0191468745470047,0.009259958751499653,0.1250738948583603,0.032581876963377,0.11565040796995163,0.01202482357621193,0.013861726969480515,0.024672042578458786,0.03480900451540947,0.021021109074354172,0.07498057186603546,0.11003477871417999,0.16144022345542908,0.0060943663120269775,0.05046236142516136
705,0.049362968653440475,0.00048419664381071925,0.015786681324243546,0.0178146380931139,0.12354716658592224,0.02568025328218937,0.005659075453877449,0.1323617845773697,0.01944875158369541,0.15010346472263336,0.009516405873000622,0.02797537110745907,0.045173101127147675,0.021929914131760597,0.015767613425850868,0.06396902352571487,0.05870844051241875,0.13438037037849426,0.010797210969030857,0.07152579724788666
706,0.060795530676841736,0.0007094244356267154,0.012263081967830658,0.017678113654255867,0.10026250034570694,0.04779081791639328,0.008822133764624596,0.09075243771076202,0.02723582275211811,0.1166258454322815,0.012224449776113033,0.026992181316018105,0.014993732795119286,0.02970120497047901,0.025954922661185265,0.07381033897399902,0.08828650414943695,0.16286540031433105,0.006361757405102253,0.07586618512868881
707,0.03719041496515274,0.00018067326163873076,0.05164218321442604,0.04057982191443443,0.02242121286690235,0.06535329669713974,0.005056993570178747,0.026412907987833023,0.021959220990538597,0.04081512987613678,0.0051469565369188786,0.44250714778900146,0.04338831827044487,0.018929792568087578,0.014192149974405766,0.05905545502901077,0.039829544723033905,0.04456407204270363,0.0017994142835959792,0.018971167504787445
708,0.08501678705215454,0.005323529709130526,0.03194103762507439,0.03394025191664696,0.04289841279387474,0.05468112602829933,0.007626658771187067,0.10899877548217773,0.02482237108051777,0.061742041260004044,0.012212725356221199,0.0361638143658638,0.0038207811303436756,0.034943822771310806,0.017857931554317474,0.11573894321918488,0.11819689720869064,0.17413732409477234,0.001075200503692031,0.02885603904724121
709,0.01061179954558611,0.00017906415450852364,0.009775161743164062,0.010558481328189373,0.0038493964821100235,0.012862452305853367,0.0015960301971063018,0.009646318852901459,0.011264681816101074,0.009056326933205128,0.0013579140650108457,0.010506931692361832,0.01323582511395216,0.00801401399075985,0.005502832122147083,0.37410637736320496,0.4908895194530487,0.013806014321744442,0.0002577361010480672,0.0029207707848399878
710,0.031121697276830673,0.0013584656408056617,0.007816879078745842,0.006097567733377218,0.14349216222763062,0.006634484510868788,0.003507597604766488,0.22988136112689972,0.006943682674318552,0.21834251284599304,0.010029342025518417,0.008106471970677376,0.00977419689297676,0.008643312379717827,0.005634733941406012,0.005283515900373459,0.009183641523122787,0.22504974901676178,0.005244214553385973,0.057846006006002426
711,0.06442846357822418,8.240686292992905e-05,0.047303736209869385,0.060194555670022964,0.015392701141536236,0.018772082403302193,0.011807768605649471,0.051422037184238434,0.04215293005108833,0.037887562066316605,0.0050604562275111675,0.052310310304164886,0.05940520018339157,0.05381060764193535,0.022705310955643654,0.15132901072502136,0.17579619586467743,0.11463295668363571,0.0007314638933166862,0.014764374122023582
712,0.02118721976876259,0.0001294184330618009,0.0061743734404444695,0.005083909258246422,0.05302375182509422,0.002991477958858013,0.002183990553021431,0.34072059392929077,0.006676994729787111,0.17475174367427826,0.010248394683003426,0.00780003797262907,0.015331041999161243,0.005962558090686798,0.0039339130744338036,0.009855074808001518,0.026290370151400566,0.2761367857456207,0.001934975734911859,0.029576705768704414
713,0.017698464915156364,1.8102573449141346e-05,0.021549994125962257,0.006281652022153139,0.00185078801587224,0.012401233427226543,0.003030571388080716,0.0014856501948088408,0.006709400098770857,0.004928057547658682,0.0006022575544193387,0.02375444956123829,0.8499850034713745,0.006996060721576214,0.003341670846566558,0.025733022019267082,0.008881372399628162,0.0029359401669353247,0.00010917103645624593,0.0017053177580237389
714,0.13134828209877014,5.313918518368155e-05,0.10836100578308105,0.13201087713241577,0.010286135599017143,0.022153440862894058,0.013360033743083477,0.005689208395779133,0.07622401416301727,0.016602030023932457,0.002562817418947816,0.047859106212854385,0.05606859177350998,0.06094095855951309,0.02781388722360134,0.18148037791252136,0.07200685888528824,0.018614305183291435,0.0005092136561870575,0.016047414392232895
715,0.006685203406959772,8.874136256054044e-06,0.2380814254283905,0.04752051830291748,0.0004253637162037194,0.09123621881008148,0.0023870631121098995,0.0004889587871730328,0.006084221415221691,0.0010541430674493313,0.0002920767292380333,0.5594428777694702,0.007472448982298374,0.008625037036836147,0.0013614797499030828,0.02013334259390831,0.006650946103036404,0.00108451081905514,0.00010426500375615433,0.0008581322617828846
716,0.04425264522433281,0.0002388130669714883,0.008832991123199463,0.011476992629468441,0.2036043405532837,0.01271818857640028,0.008064750581979752,0.11765504628419876,0.011240249499678612,0.18359681963920593,0.020563432946801186,0.014915980398654938,0.010998417623341084,0.018502313643693924,0.010370375588536263,0.05321171507239342,0.05255601555109024,0.12416522949934006,0.0039559886790812016,0.08907508105039597
717,0.016884448006749153,3.0851788324071094e-05,0.043678443878889084,0.03262695297598839,0.0018855428788810968,0.01936759427189827,0.007802061270922422,0.005197640508413315,0.07816427946090698,0.006387636531144381,0.00206290022470057,0.3198569118976593,0.011233064346015453,0.04355856403708458,0.02199808694422245,0.17895735800266266,0.1963023990392685,0.011979804374277592,0.00011771349818445742,0.0019038059981539845
718,0.023463968187570572,0.00012080375017831102,0.0037509065587073565,0.004759317729622126,0.34149137139320374,0.004569343291223049,0.014312304556369781,0.07446794211864471,0.005214262288063765,0.11058255285024643,0.01553688570857048,0.00599226588383317,0.004359343554824591,0.00918570440262556,0.005222199950367212,0.01823192648589611,0.02533360943198204,0.09631356596946716,0.00901205837726593,0.22807690501213074
719,0.03999020904302597,3.629165803431533e-05,0.1082812249660492,0.06155554950237274,0.0035500063095241785,0.032500289380550385,0.01733776554465294,0.004178267437964678,0.09769856929779053,0.007594228256493807,0.00181166164111346,0.15020622313022614,0.1405559927225113,0.06823599338531494,0.03080606833100319,0.12614861130714417,0.09517299383878708,0.01059752982109785,0.00018633418949320912,0.0035514936316758394
720,0.0424959659576416,0.00017526507144793868,0.023047396913170815,0.04176703840494156,0.0971611738204956,0.023961344733834267,0.01269523985683918,0.08658084273338318,0.034392375499010086,0.124177947640419,0.012941338121891022,0.06367703527212143,0.0653756856918335,0.03078436851501465,0.01899614743888378,0.05450429394841194,0.07301216572523117,0.1138719841837883,0.005912215914577246,0.07446473091840744
721,0.05121137574315071,3.180951898684725e-05,0.07713735848665237,0.08855921775102615,0.016297003254294395,0.02429835870862007,0.018734971061348915,0.019030408933758736,0.12269863486289978,0.02377442829310894,0.0044141123071312904,0.07706145942211151,0.10723824054002762,0.09856466203927994,0.0332782156765461,0.09503829479217529,0.09084590524435043,0.03762069344520569,0.0004983555991202593,0.013662121258676052
722,0.044240131974220276,0.00011311646085232496,0.06922483444213867,0.08425527811050415,0.016562987118959427,0.043851833790540695,0.05650915205478668,0.00363720441237092,0.06220650300383568,0.010138814337551594,0.0033854590728878975,0.08350099623203278,0.12385682761669159,0.08456069231033325,0.036329079419374466,0.1203555315732956,0.10033150762319565,0.011666257865726948,0.001199712511152029,0.044070448726415634
723,0.023625602945685387,2.398656215518713e-05,0.22407203912734985,0.1597876101732254,0.0036515824031084776,0.03992776945233345,0.008433066308498383,0.0019626813009381294,0.04676579311490059,0.005737416911870241,0.0011977674439549446,0.08306774497032166,0.20060725510120392,0.06174361705780029,0.01180038321763277,0.07899816334247589,0.03914588317275047,0.005044129677116871,0.00018505027401261032,0.004216528497636318
724,0.02263825014233589,0.00015795712533872575,0.011989242397248745,0.010377275757491589,0.32605671882629395,0.012619881890714169,0.010597113519906998,0.06882577389478683,0.01918921247124672,0.1327374428510666,0.011560030281543732,0.021643688902258873,0.038477592170238495,0.01776381954550743,0.010552889667451382,0.037289466708898544,0.03692474961280823,0.057108744978904724,0.006384954787790775,0.1471015065908432
725,0.06110223010182381,0.0001339000154985115,0.02502511627972126,0.04450904205441475,0.029049115255475044,0.025741400197148323,0.011867975816130638,0.07317273318767548,0.10940692573785782,0.06630600988864899,0.0069277104921638966,0.03288153186440468,0.07993337512016296,0.0744069442152977,0.034090638160705566,0.07098638266324997,0.13456550240516663,0.09556678682565689,0.0010817189468070865,0.0232380460947752
726,0.030672712251544,3.0175000574672595e-05,0.10358876734972,0.07277553528547287,0.008016311563551426,0.050400249660015106,0.016701042652130127,0.004023207351565361,0.11756550520658493,0.010765762999653816,0.002296607242897153,0.17870770394802094,0.11459702998399734,0.07315071672201157,0.03153523802757263,0.09353222697973251,0.07513529062271118,0.009175824001431465,0.0004357633297331631,0.006889089476317167
727,0.02424556016921997,0.00010322607704438269,0.006115421652793884,0.0083119235932827,0.09207123517990112,0.006855144631117582,0.003596668830141425,0.25820136070251465,0.007470300886780024,0.20326951146125793,0.01434126403182745,0.007192154414951801,0.019128359854221344,0.011930632404983044,0.003958043176680803,0.017875242978334427,0.02897104062139988,0.25027206540107727,0.002373229945078492,0.03371165692806244
728,0.030486222356557846,4.492282459978014e-05,0.03586813807487488,0.0662076324224472,0.0077978880144655704,0.013535748235881329,0.008896883577108383,0.024394163861870766,0.09423886984586716,0.021250087767839432,0.005805641878396273,0.3106417953968048,0.03422260284423828,0.07777442038059235,0.03324953466653824,0.06934263557195663,0.10757604986429214,0.04859976842999458,0.00048444129060953856,0.009578176774084568
729,0.03760259225964546,7.403655763482675e-05,0.014289898797869682,0.02477632462978363,0.08488329499959946,0.011289204470813274,0.007151748985052109,0.18369267880916595,0.01722409948706627,0.19500932097434998,0.013106104917824268,0.016299229115247726,0.0389595702290535,0.025265103206038475,0.011180611327290535,0.03674125671386719,0.05860215798020363,0.18804599344730377,0.0025094314478337765,0.03329223021864891
730,0.04851381853222847,0.00010810942330863327,0.039226096123456955,0.069993756711483,0.012208191677927971,0.037835706025362015,0.0074103279039263725,0.03854862228035927,0.05221420153975487,0.03396400436758995,0.007055359892547131,0.14943110942840576,0.1686060130596161,0.05033716931939125,0.018888255581259727,0.07222381979227066,0.10586667060852051,0.0747864618897438,0.0007226317538879812,0.012048803269863129
731,0.056785229593515396,8.167978376150131e-05,0.024506080895662308,0.03912915289402008,0.010910818353295326,0.033062953501939774,0.012238048017024994,0.016330793499946594,0.0621672160923481,0.025806371122598648,0.005896737799048424,0.16211166977882385,0.1986788511276245,0.055961932986974716,0.03181525692343712,0.11020298302173615,0.10383141040802002,0.03610581159591675,0.0007453419966623187,0.01362641528248787
732,0.03677177429199219,0.00012503050675150007,0.002304124878719449,0.004517082590609789,0.0290253646671772,0.0039053296204656363,0.004141144920140505,0.26682308316230774,0.0063664354383945465,0.09348192065954208,0.014380614273250103,0.0057970210909843445,0.06387866288423538,0.011798013001680374,0.004176506772637367,0.013923093676567078,0.05035581439733505,0.3723461925983429,0.0006647274130955338,0.01521067414432764
733,0.06882348656654358,4.765158882946707e-05,0.061048224568367004,0.06521309912204742,0.015325169079005718,0.02039390802383423,0.011812829412519932,0.03209899365901947,0.06117912009358406,0.034053701907396317,0.008652466349303722,0.07988900691270828,0.07500424981117249,0.0665903389453888,0.027878539636731148,0.11956409364938736,0.1616058498620987,0.07378774136304855,0.0013064953964203596,0.015693817287683487
734,0.01050657033920288,0.0001358449662802741,0.00032074874616228044,0.0008167334017343819,0.06406881660223007,0.000896469980943948,0.001132120843976736,0.39295774698257446,0.0011566015891730785,0.1132541298866272,0.01806618459522724,0.0005185684422031045,0.004234612453728914,0.0028274920769035816,0.0013825346250087023,0.002513720653951168,0.013171215541660786,0.34936755895614624,0.0020576603710651398,0.020610198378562927
735,0.000927073007915169,2.234546082036104e-05,0.5295280814170837,0.004588703159242868,7.576015923405066e-05,0.0008414825424551964,0.0006361888372339308,0.0001674462400842458,0.001819335506297648,0.0002957125543616712,6.388192559825256e-05,0.441130131483078,0.0016889243852347136,0.0015686644474044442,0.00032759379246272147,0.014024186879396439,0.001755547127686441,0.0003115234721917659,5.234644049778581e-06,0.00021553550323005766
736,6.128128006821498e-05,0.9984190464019775,2.5324136004201137e-05,1.9815381165244617e-05,0.00014370994176715612,6.199312338139862e-05,1.402400630468037e-05,7.698470290051773e-05,2.3373804651782848e-05,0.0004455828166101128,3.6210720281815156e-05,2.9793398425681517e-05,0.00011568559420993552,1.9236265870858915e-05,3.460969674051739e-05,9.842981671681628e-05,5.65408481634222e-05,9.467203926760703e-05,6.543671042891219e-05,0.00015730614541098475
737,0.4103754162788391,9.924802725436166e-05,0.002281397581100464,0.005043560639023781,0.005347589496523142,0.031623050570487976,0.004337124060839415,0.005276900716125965,0.08458102494478226,0.02390354312956333,0.008634393103420734,0.018050504848361015,0.008743355050683022,0.018116967752575874,0.05492902919650078,0.22376468777656555,0.07220020145177841,0.01885666698217392,0.0005911263287998736,0.0032385829836130142
738,0.11945436894893646,7.355112757068127e-05,0.01695050112903118,0.039354078471660614,0.0016746388282626867,0.036145489662885666,0.011334853246808052,0.0019359495490789413,0.36061426997184753,0.009236270561814308,0.002361101098358631,0.05627593770623207,0.007052761502563953,0.10273806750774384,0.073035329580307,0.09748074412345886,0.05190736800432205,0.007031236309558153,0.0009389519691467285,0.004396494477987289
739,0.014753784984350204,0.0002980038698296994,0.0008223083568736911,0.001250891713425517,0.27158573269844055,0.0021014686208218336,0.01643138751387596,0.0056139081716537476,0.0016753016971051693,0.03435615077614784,0.00670819915831089,0.0046454439871013165,0.0015794577775523067,0.004520121496170759,0.0018721105298027396,0.006401050835847855,0.004123011603951454,0.009202037937939167,0.05033925920724869,0.5617164969444275
740,0.02990625984966755,0.0002233229752164334,9.821193089010194e-05,0.00022548904235009104,0.049948565661907196,0.0009849186753854156,0.001206622226163745,0.20676642656326294,0.0018429856281727552,0.23629698157310486,0.047271959483623505,0.0004870663397014141,0.00017595589451957494,0.0013617501826956868,0.0013774664839729667,0.002794744214043021,0.010835534892976284,0.39494332671165466,0.002163863042369485,0.011085622943937778
741,0.00015165364311542362,0.9976972937583923,5.9028679970651865e-05,5.515632437891327e-05,5.5304699344560504e-05,0.00028738187393173575,4.6736604417674243e-05,4.775216802954674e-05,0.00022462492052000016,0.00010261251736665145,2.2373713363776915e-05,0.00020016811322420835,5.9664602304110304e-05,9.309151937486604e-05,0.0001527906279079616,0.0003026183694601059,0.00024407396267633885,7.993185863597319e-05,1.1475272913230583e-05,0.00010419703176012263
742,0.018909240141510963,4.693447772297077e-05,0.02200995199382305,0.012214994058012962,0.0007659023394808173,0.6837581396102905,0.015253044664859772,0.00028217732324264944,0.06892260909080505,0.0019162842072546482,0.0006624932284466922,0.03468634560704231,0.005711615551263094,0.04474574699997902,0.030896112322807312,0.045589711517095566,0.010950013995170593,0.0011881107930094004,0.00010035870946012437,0.0013873858842998743
743,0.04321053996682167,6.036922422936186e-05,0.0308147594332695,0.03538116067647934,0.004050610587000847,0.07281465828418732,0.013387542217969894,0.007976883091032505,0.1546657532453537,0.007803948130458593,0.0023458432406187057,0.17725180089473724,0.019394079223275185,0.05887303501367569,0.04547997936606407,0.12360553443431854,0.17384016513824463,0.023154573515057564,0.0003754525096155703,0.005507847759872675
744,0.01531046349555254,0.00033873706706799567,0.05806808918714523,0.006190909072756767,0.007708690129220486,0.027636317536234856,0.014768259599804878,0.009829916059970856,0.04731769487261772,0.009901958517730236,0.00219425349496305,0.42678120732307434,0.0031365486793220043,0.01729283295571804,0.026865659281611443,0.2565060257911682,0.042076364159584045,0.016013843938708305,0.0006759563111700118,0.011367347091436386
745,0.09493505209684372,4.854782309848815e-05,0.01998756267130375,0.03511030599474907,0.0235135518014431,0.01974395476281643,0.010298109613358974,0.03358662873506546,0.0967327281832695,0.05841488391160965,0.010211676359176636,0.031570497900247574,0.15176624059677124,0.10908776521682739,0.043930064886808395,0.08894652873277664,0.0916680097579956,0.06163308769464493,0.001869909348897636,0.016939258202910423
746,0.12659212946891785,2.9596409149235114e-05,0.03829176351428032,0.09890925139188766,0.013763563707470894,0.028159908950328827,0.01521784346550703,0.024446949362754822,0.09459734708070755,0.040651317685842514,0.007887927815318108,0.029911302030086517,0.026571359485387802,0.11895232647657394,0.07023768872022629,0.08577985316514969,0.10197063535451889,0.05253877118229866,0.0009071130771189928,0.024576466530561447
747,9.326946747023612e-05,0.9991517066955566,3.2802715850266395e-06,4.57567693956662e-06,7.40385876270011e-05,2.2533919036504813e-05,1.083055030903779e-05,5.0254297093488276e-05,2.0537392629194073e-05,0.00016640310059301555,2.491911618562881e-05,1.253106165677309e-05,9.601377314538695e-06,1.5015464668977074e-05,4.270554200047627e-05,5.133484228281304e-05,3.5207136534154415e-05,7.741637818980962e-05,1.0694483535189647e-05,0.0001223848812514916
748,0.019807370379567146,7.434759027091786e-05,0.000708213890902698,0.00487931352108717,0.00526648061349988,0.005558927543461323,0.01345489639788866,0.017841260880231857,0.20115116238594055,0.028483519330620766,0.01261307206004858,0.016825499013066292,0.0011465448187664151,0.07880067825317383,0.4776400029659271,0.035545796155929565,0.04409657046198845,0.02642737701535225,0.0008952073403634131,0.008777990937232971
749,0.06417674571275711,2.5176785129588097e-05,0.03160097822546959,0.03515247255563736,0.0013442464405670762,0.022392410784959793,0.012131801806390285,0.002131354296579957,0.2244957834482193,0.00857691653072834,0.0027824558783322573,0.13086263835430145,0.0022277082316577435,0.1472124457359314,0.14766785502433777,0.10610838234424591,0.054370179772377014,0.004074781201779842,0.00021541770547628403,0.0024435888044536114
750,0.016893824562430382,4.183878263575025e-05,0.00010675412340788171,0.00028438109438866377,0.027492143213748932,0.0003051624516956508,0.0006368057802319527,0.21083572506904602,0.0022509596310555935,0.5582557916641235,0.039450980722904205,0.000909474678337574,0.00015334569616243243,0.0022033092100173235,0.002020168351009488,0.002527424367144704,0.016332756727933884,0.11235872656106949,0.0005085213924758136,0.006429324857890606
751,0.005280099343508482,6.525040225824341e-05,8.439050361630507e-06,3.705612107296474e-05,0.045444171875715256,0.00015154299035202712,0.0003718857769854367,0.06094081699848175,0.0005572847439907491,0.7310327291488647,0.10952427238225937,0.0001019137998810038,4.525659096543677e-05,0.0009296501521021128,0.0009901663288474083,0.00023219366266857833,0.0006207990227267146,0.03528011217713356,0.000698159565217793,0.007686991710215807
752,0.07110711932182312,0.00015901769802439958,0.004957393277436495,0.009805059991776943,0.02294437773525715,0.020736442878842354,0.008394136093556881,0.06927084922790527,0.06397783756256104,0.2665795087814331,0.04212614893913269,0.04032032564282417,0.000807815755251795,0.05976980924606323,0.05495017021894455,0.08119533956050873,0.08115626871585846,0.08082269877195358,0.0011759300250560045,0.019739607349038124
753,0.04764167219400406,7.90972335380502e-05,0.005806521978229284,0.034182459115982056,0.0010959702776744962,0.007970928214490414,0.01439196988940239,0.0037420373409986496,0.1925962120294571,0.009733223356306553,0.007768562063574791,0.051978062838315964,0.0012865805765613914,0.35138174891471863,0.0801643431186676,0.07627743482589722,0.10191889107227325,0.009285115636885166,0.00017943828424904495,0.002515815431252122
754,0.001510126981884241,0.00023587657778989524,0.00017760889022611082,0.00010065814421977848,0.06047042831778526,0.00044362209155224264,0.017576448619365692,0.0009455790277570486,0.00034793722443282604,0.0026834863238036633,0.0009934435365721583,0.0005305148661136627,2.0621657313313335e-05,0.0010618082014843822,0.000615737575571984,0.0023752490524202585,0.0013879335019737482,0.0015395621303468943,0.0033334160689264536,0.9036475419998169
755,0.16030435264110565,6.735019996995106e-05,0.0030032871291041374,0.002915178192779422,0.0005316850729286671,0.3374977707862854,0.001648644800297916,0.001287570339627564,0.006398262921720743,0.0014352410798892379,0.0011911963811144233,0.023537496104836464,0.0013271108036860824,0.012611811980605125,0.007249569986015558,0.35271137952804565,0.07970290631055832,0.005801951978355646,5.1352340960875154e-05,0.0007225133012980223
756,0.11456787586212158,3.785935041378252e-05,0.01679534651339054,0.00939409900456667,0.0029023911338299513,0.06619425863027573,0.004454696085304022,0.003348395461216569,0.0038411386776715517,0.005485361907631159,0.0026695874985307455,0.03840862214565277,0.054332345724105835,0.018325764685869217,0.0031056334264576435,0.48867887258529663,0.15069366991519928,0.013084130361676216,0.0002032931224675849,0.003473334712907672
757,0.7360392212867737,0.0002948243054561317,0.00031556320027448237,0.0009337005903944373,0.0260568056255579,0.014118904247879982,0.0024786314461380243,0.013615391217172146,0.0010468176333233714,0.015544573776423931,0.007373948115855455,0.00019316042016725987,0.0005502840504050255,0.0028447979129850864,0.0012253698660060763,0.04114670678973198,0.04938705638051033,0.0639895498752594,0.000414688081946224,0.02242836356163025
758,0.001312857260927558,0.9876511096954346,0.0006816917448304594,0.0007499564671888947,0.0005983668961562216,0.0009587013628333807,0.00018630587146617472,0.0003409820783417672,0.000270593271125108,0.0009249101858586073,0.00021160302276257426,0.000867878959979862,0.00013421873154584318,0.0009051832603290677,0.0002759826020337641,0.0016299227718263865,0.0007392658153548837,0.00062319275457412,0.00010853785352082923,0.0008265393553301692
759,0.08071482926607132,9.961518117052037e-06,0.09841874241828918,0.07258196175098419,0.00621423963457346,0.06065192073583603,0.021100187674164772,0.006262076552957296,0.023783694952726364,0.017372654750943184,0.00647029047831893,0.11711930483579636,0.0026219612918794155,0.08886715024709702,0.02852645516395569,0.21499712765216827,0.1252489984035492,0.016491038724780083,0.0007548720459453762,0.011787216179072857
760,0.16190992295742035,2.1155006834305823e-05,0.06260162591934204,0.04064597189426422,0.01125278975814581,0.025249162688851357,0.007824408821761608,0.03276267275214195,0.020307810977101326,0.03150978311896324,0.013152421452105045,0.05635389685630798,0.0019169311271980405,0.06439928710460663,0.01164101529866457,0.19456259906291962,0.1909145712852478,0.06435622274875641,0.0002937430399470031,0.008321148343384266
761,0.015805592760443687,2.984944512718357e-05,3.4448890801286325e-05,0.00010027651296695694,0.01881222426891327,0.0001927941048052162,0.0001861078490037471,0.42480894923210144,0.0002016460057348013,0.27314674854278564,0.04059551656246185,0.00021853319776710123,3.098645538557321e-05,0.0008191948290914297,0.0004274607927072793,0.0014051106991246343,0.008585148490965366,0.2100251019001007,0.0006045221816748381,0.003968358971178532
762,0.010011411271989346,8.585177965869661e-06,0.4474472105503082,0.19582632184028625,0.0007941302028484643,0.015010541304945946,0.021351294592022896,0.0008494703797623515,0.010975026525557041,0.001308313338086009,0.0007655714289285243,0.0994265004992485,0.00022365532640833408,0.10150450468063354,0.007228235248476267,0.05736873671412468,0.02516878768801689,0.0019730108324438334,9.173396392725408e-05,0.0026646992191672325
763,0.12249187380075455,1.3153987310943194e-05,0.07119916379451752,0.06361310929059982,0.005240024533122778,0.02633046731352806,0.011531480588018894,0.014233088120818138,0.08457757532596588,0.031140610575675964,0.009830229915678501,0.12442189455032349,0.0009639447671361268,0.0953967496752739,0.03858840838074684,0.14397494494915009,0.12033712863922119,0.026640482246875763,0.00024993697297759354,0.009220611304044724
764,0.3307569622993469,3.283056867076084e-05,0.04130914807319641,0.05306286737322807,0.014117741025984287,0.02842862345278263,0.008883718401193619,0.0785047858953476,0.028931142762303352,0.076202891767025,0.024598482996225357,0.008552907966077328,0.0015950941015034914,0.08586005121469498,0.018630504608154297,0.013965794816613197,0.021926764398813248,0.13936293125152588,0.0008586978656239808,0.024415070191025734
765,0.03315964713692665,1.3188890079618432e-05,0.0004031581920571625,0.0013272020732983947,0.05860581994056702,0.002141665667295456,0.0006624622037634254,0.20611244440078735,0.0015401870477944613,0.5205965638160706,0.041151657700538635,0.0012806343147531152,8.525800512870774e-05,0.003553960705175996,0.0028657775837928057,0.007867995649576187,0.01058846153318882,0.09549591690301895,0.0019501602509990335,0.010595052503049374
766,0.08384377509355545,1.6792066162452102e-05,0.06865651905536652,0.07577355206012726,0.01682930812239647,0.03920900449156761,0.017805051058530807,0.03426751494407654,0.03948044404387474,0.06290673464536667,0.013514763675630093,0.06882729381322861,0.0006800861447118223,0.09404665976762772,0.04176373407244682,0.16915959119796753,0.10226687788963318,0.051569025963544846,0.0009683055686764419,0.018408581614494324
767,0.15625996887683868,1.512406288384227e-05,0.07082834094762802,0.06289297342300415,0.005633456166833639,0.06305315345525742,0.006054895464330912,0.008671831339597702,0.03224433958530426,0.02099892683327198,0.005984585266560316,0.08415582776069641,0.0035663736052811146,0.06602215021848679,0.024485567584633827,0.24377749860286713,0.11875824630260468,0.020340822637081146,0.0002782326191663742,0.005972977727651596
768,0.08659876883029938,6.514043343486264e-05,0.005781090818345547,0.007722833659499884,0.16019207239151,0.013470497913658619,0.005913295317441225,0.134521484375,0.006083352025598288,0.2847713530063629,0.025295715779066086,0.009999912232160568,0.00446568988263607,0.022693680599331856,0.008273637853562832,0.035793110728263855,0.024396933615207672,0.08810895681381226,0.007361879106611013,0.06848599761724472
769,0.14234785735607147,3.565487713785842e-05,0.040028203278779984,0.11020419001579285,0.012431157752871513,0.12230067700147629,0.006197371054440737,0.022995401173830032,0.028142297640442848,0.03734496608376503,0.009515115059912205,0.04263005778193474,0.0016936945030465722,0.13891716301441193,0.024586070328950882,0.15989476442337036,0.057288408279418945,0.02888955920934677,0.001257366850040853,0.013288738206028938
770,0.11312389373779297,1.8011536667472683e-05,0.030151519924402237,0.048315130174160004,0.06280568242073059,0.017269158735871315,0.007468897383660078,0.10290621966123581,0.028066493570804596,0.16619502007961273,0.017695147544145584,0.028491133823990822,0.0021965480409562588,0.0523005947470665,0.04156443849205971,0.09323158115148544,0.05397123098373413,0.08976820856332779,0.0026573571376502514,0.04179811105132103
771,0.09986590594053268,9.143320312432479e-06,0.08014445751905441,0.19769267737865448,0.01828635111451149,0.01566632278263569,0.005980134941637516,0.05159439519047737,0.01757928542792797,0.10481942445039749,0.015521411783993244,0.03554157912731171,0.0034036028664559126,0.15111671388149261,0.01746238023042679,0.07340074330568314,0.0446026511490345,0.051966357976198196,0.0010103824315592647,0.014329819940030575
772,0.04771769419312477,1.648095712880604e-05,0.07476726919412613,0.48555120825767517,0.020312169566750526,0.009107671678066254,0.008607852272689342,0.034565117210149765,0.010861296206712723,0.04902936890721321,0.012122193351387978,0.0303316880017519,0.0010988060384988785,0.08564843982458115,0.020298713818192482,0.03414743393659592,0.025594064965844154,0.030381852760910988,0.001214355113916099,0.018616631627082825
773,0.09060562402009964,1.8969396478496492e-05,0.0761287733912468,0.1842939555644989,0.07427182048559189,0.008383815176784992,0.00689196540042758,0.09214278310537338,0.0066422452218830585,0.17366065084934235,0.02062848024070263,0.015516205690801144,0.0009694091859273612,0.05278375372290611,0.011866291053593159,0.049079492688179016,0.036854397505521774,0.05373193696141243,0.005377746187150478,0.04014342650771141
774,0.0577695369720459,1.0718705198087264e-05,0.006933699827641249,0.013950529508292675,0.100043885409832,0.004530704580247402,0.0033337236382067204,0.19087694585323334,0.03394700214266777,0.3273930251598358,0.01903604157269001,0.0027373875491321087,0.0028555234894156456,0.03555072844028473,0.04688413813710213,0.026689182966947556,0.020683007314801216,0.07024547457695007,0.003165758680552244,0.0333566777408123
775,0.07466994971036911,7.4002441579068545e-06,0.032335519790649414,0.10138525068759918,0.07523535937070847,0.004303688649088144,0.007753652520477772,0.13028584420681,0.023164233192801476,0.23159722983837128,0.020541435107588768,0.019590331241488457,0.0010906937532126904,0.06792934983968735,0.03452759236097336,0.03561047464609146,0.031081533059477806,0.05988197773694992,0.004114942159503698,0.04488170146942139
776,0.056850895285606384,2.33670598390745e-05,0.05953482165932655,0.08205802738666534,0.07410982996225357,0.002042346866801381,0.0021889014169573784,0.17913085222244263,0.004240074194967747,0.2975252568721771,0.02462664432823658,0.024239540100097656,0.0005728591931983829,0.02133556641638279,0.007722967769950628,0.02508404664695263,0.03248205408453941,0.07946417480707169,0.0023521599359810352,0.024403095245361328
777,0.10206176340579987,1.4511979316012003e-05,0.026020752266049385,0.03345969319343567,0.06898663938045502,0.00820936169475317,0.0033769726287573576,0.11280616372823715,0.011940964497625828,0.38935574889183044,0.026392152532935143,0.02318369597196579,0.0016581256641075015,0.03227578103542328,0.015216713771224022,0.03447992727160454,0.02409321255981922,0.05535369738936424,0.002259247237816453,0.028848502784967422
778,0.12392199784517288,5.478883849718841e-06,0.16579098999500275,0.2689489424228668,0.010811375454068184,0.01737044006586075,0.003686679759994149,0.018317600712180138,0.033170752227306366,0.06517964601516724,0.011412988416850567,0.0560230053961277,0.0014839214272797108,0.08410261571407318,0.02354259043931961,0.06819869577884674,0.025511818006634712,0.01596791297197342,0.0004171481996309012,0.006123519502580166
779,0.07471967488527298,2.4920118448790163e-05,0.020335357636213303,0.05894392356276512,0.07003176957368851,0.005690763238817453,0.0021590241231024265,0.1708478033542633,0.00862132478505373,0.32894840836524963,0.02899806946516037,0.010641856119036674,0.00048270891420543194,0.037794265896081924,0.007592502050101757,0.03834700584411621,0.03753731772303581,0.06991322338581085,0.0017550205811858177,0.02660626918077469
780,0.05806037038564682,3.9270311390282586e-05,0.010933998040854931,0.027631612494587898,0.062427617609500885,0.0048288386315107346,0.0018029602942988276,0.24413742125034332,0.005482834298163652,0.3618485927581787,0.023186983540654182,0.013067441992461681,0.0005127007025294006,0.018516777083277702,0.007003358099609613,0.03108622506260872,0.023073257878422737,0.07932814955711365,0.0027937262784689665,0.024232104420661926
781,0.0676688551902771,1.1739761248463765e-05,0.2160358428955078,0.15607799589633942,0.006329414434731007,0.025985687971115112,0.006616514641791582,0.006154399830847979,0.04082108289003372,0.027183059602975845,0.004459729418158531,0.1728818416595459,0.0009286451386287808,0.07065827399492264,0.02559572644531727,0.10932993143796921,0.04476486146450043,0.010429240763187408,0.0002299613697687164,0.007830331102013588
782,0.09489869326353073,1.6169267837540247e-05,0.08763029426336288,0.12509821355342865,0.030039161443710327,0.04135071113705635,0.007322427351027727,0.03136284649372101,0.03532644733786583,0.1159748062491417,0.011038157157599926,0.07516226917505264,0.005573811009526253,0.08153294026851654,0.019300317391753197,0.1264881193637848,0.06852293759584427,0.0285920612514019,0.0007564375409856439,0.014004352502524853
783,0.12825514376163483,6.951203249627724e-05,0.011099608615040779,0.025978276506066322,0.07015281170606613,0.02529713325202465,0.006836717016994953,0.1222936362028122,0.009362379088997841,0.20601484179496765,0.02156897820532322,0.02949228696525097,0.008011032827198505,0.04234779626131058,0.01248483918607235,0.08490201830863953,0.07056528329849243,0.07817520201206207,0.0031816374976187944,0.04390295594930649
784,0.10817001760005951,3.8620870327576995e-05,0.07879363745450974,0.08664561063051224,0.012207958847284317,0.07403673231601715,0.009998458437621593,0.014408428221940994,0.03238196671009064,0.0576309897005558,0.010306695476174355,0.09588991105556488,0.01606149412691593,0.11962006241083145,0.019704973325133324,0.16114814579486847,0.06980524212121964,0.021641911938786507,0.00034821126610040665,0.011154256761074066
785,0.06257333606481552,8.885647730494384e-06,0.16152574121952057,0.1741621196269989,0.003549890825524926,0.04410123452544212,0.006418405566364527,0.004021615721285343,0.04249482974410057,0.011166124604642391,0.0021578632295131683,0.08880619704723358,0.06539734452962875,0.07904744893312454,0.014846622943878174,0.14419342577457428,0.08084794878959656,0.009286661632359028,0.00014880085655022413,0.005234066396951675
786,0.08058064430952072,2.68097883235896e-05,0.12343253195285797,0.1014927551150322,0.027120739221572876,0.05213000252842903,0.007200328633189201,0.04438713937997818,0.019800864160060883,0.06669372320175171,0.00804713275283575,0.08056211471557617,0.028777020052075386,0.06090513989329338,0.012353477999567986,0.12059055268764496,0.09815676510334015,0.04890993610024452,0.0010044893715530634,0.017818497493863106
787,0.07414618879556656,3.0061069992370903e-05,0.06883282959461212,0.07028800994157791,0.03649360314011574,0.042608316987752914,0.007166644092649221,0.08134592324495316,0.030341804027557373,0.09252442419528961,0.006711394526064396,0.030953286215662956,0.049957871437072754,0.06255138665437698,0.01808837614953518,0.11560168862342834,0.09723886847496033,0.08867134898900986,0.0012280517257750034,0.02520916983485222
788,0.05790313333272934,1.6135820260387845e-05,0.09288226813077927,0.11957290768623352,0.02419348806142807,0.03957482799887657,0.008890161290764809,0.031234774738550186,0.04512885585427284,0.03474140539765358,0.004197847098112106,0.08341392129659653,0.05645078793168068,0.08322107046842575,0.01936795376241207,0.12230381369590759,0.1005188599228859,0.049899160861968994,0.0006560300244018435,0.02582012116909027
789,0.10187719762325287,4.548753713606857e-05,0.03625302389264107,0.05856478959321976,0.02963535115122795,0.023784706369042397,0.004229097627103329,0.08580972254276276,0.024562204256653786,0.1409323811531067,0.012460294179618359,0.03508893400430679,0.12312958389520645,0.04992256313562393,0.01291522104293108,0.06737533211708069,0.09455348551273346,0.08681847155094147,0.0005395881598815322,0.011487262323498726
790,0.07292024791240692,2.9210877983132377e-05,0.0726228579878807,0.08360441774129868,0.027974175289273262,0.04184562340378761,0.005351588595658541,0.06878695636987686,0.03141050413250923,0.07806828618049622,0.006206478923559189,0.04703596234321594,0.11343319714069366,0.0582490973174572,0.014709096401929855,0.07632093876600266,0.1040254533290863,0.08196893334388733,0.000545486225746572,0.014877083711326122
791,0.05902482941746712,1.857764618762303e-05,0.1374208629131317,0.14887042343616486,0.023927221074700356,0.03546203672885895,0.005100456532090902,0.052419088780879974,0.03653427213430405,0.04879319667816162,0.0042112902738153934,0.059866540133953094,0.05980776622891426,0.054382964968681335,0.010576298460364342,0.07793501019477844,0.08370111137628555,0.08921501040458679,0.0005712108104489744,0.01214094553142786
792,0.06669057160615921,3.7944158975733444e-05,0.024596573784947395,0.02954612672328949,0.04692351818084717,0.02943682298064232,0.0028765748720616102,0.1444063037633896,0.02327597886323929,0.15936873853206635,0.011594881303608418,0.023298941552639008,0.09769518673419952,0.028854643926024437,0.011815090663731098,0.06773112714290619,0.07736775279045105,0.14059855043888092,0.0007646226440556347,0.013104195706546307
793,0.07041442394256592,3.2745352655183524e-05,0.03370381519198418,0.03611622750759125,0.03152675926685333,0.05164073407649994,0.00447097746655345,0.09758001565933228,0.029469847679138184,0.06806132197380066,0.006384279578924179,0.02962726168334484,0.18198789656162262,0.039858534932136536,0.016384270042181015,0.08840149641036987,0.09251845628023148,0.10936711728572845,0.00036540362634696066,0.01206919550895691
794,0.026121309027075768,1.2456650438252836e-05,0.4067268669605255,0.0983179360628128,0.006705350708216429,0.03834359347820282,0.0025757127441465855,0.007346068974584341,0.0177602656185627,0.01467413641512394,0.001756401383318007,0.08197003602981567,0.09089861810207367,0.03249404579401016,0.005944856442511082,0.08964993804693222,0.05864716321229935,0.01369564514607191,0.00016567333659622818,0.006171293556690216
795,0.03426407650113106,0.00012351895566098392,0.023398732766509056,0.011233911849558353,0.2207544893026352,0.02145792730152607,0.002319218358024955,0.12802155315876007,0.007382570765912533,0.25370463728904724,0.009746297262609005,0.017211684957146645,0.04350675269961357,0.010688471607863903,0.005301840137690306,0.04375896975398064,0.05317375808954239,0.07942865043878555,0.0021588392555713654,0.03235713765025139
796,0.058080460876226425,1.3619343917525839e-05,0.04292264208197594,0.04610055312514305,0.0021811234764754772,0.05083741247653961,0.0060838800854980946,0.007958452217280865,0.06621506810188293,0.007206287235021591,0.0015808874741196632,0.03415874391794205,0.024184126406908035,0.03997693210840225,0.017885467037558556,0.36685508489608765,0.19821541011333466,0.026506861671805382,7.319541327888146e-05,0.0029489989392459393
797,0.060531068593263626,1.961702582775615e-05,0.16106653213500977,0.05991465970873833,0.00575818307697773,0.058461934328079224,0.009416446089744568,0.01076302770525217,0.07099883258342743,0.013665379956364632,0.0026603355072438717,0.15254029631614685,0.04432162269949913,0.054266542196273804,0.013616921380162239,0.1507357656955719,0.09957709163427353,0.024369698017835617,0.00017415177717339247,0.007129264064133167
798,0.01388872042298317,3.8685466279275715e-05,0.0009721348178572953,0.001401653396897018,0.3772663176059723,0.0044115567579865456,0.0019106640247628093,0.2016671597957611,0.003993394318968058,0.1715371459722519,0.010629127733409405,0.0022702014539390802,0.003426014445722103,0.006754185538738966,0.00252547487616539,0.005711290054023266,0.010612277314066887,0.13037440180778503,0.0020075778011232615,0.0485851913690567
799,0.000943998689763248,1.6537122746740351e-06,0.1497928947210312,0.005278575699776411,0.00012953266559634358,0.000809993885923177,0.00036588095827028155,0.0006115399883128703,0.0028219737578183413,0.0005459481617435813,0.00010851031402125955,0.8228872418403625,0.0005462275585159659,0.0027548212092369795,0.000511974620167166,0.006207673344761133,0.004228883422911167,0.0012820041738450527,4.1474572753941175e-06,0.00016451974806841463
800,0.03951926529407501,2.344486529182177e-05,0.0008377149351872504,0.003424780908972025,0.26002123951911926,0.001770933624356985,0.0004797564761247486,0.18671704828739166,0.0016200508689507842,0.29736801981925964,0.016654253005981445,0.0010290105128660798,0.0019637588411569595,0.002227850491181016,0.0014882921241223812,0.01621611788868904,0.015747863799333572,0.11467229574918747,0.00940742064267397,0.028807062655687332
801,0.009754402562975883,2.547510121075902e-06,0.03318311274051666,0.011905682273209095,0.0003393544757273048,0.011464747600257397,0.0005920261610299349,0.0012230597203597426,0.009036097675561905,0.0013426004443317652,0.00029359085601754487,0.020307404920458794,0.017423124983906746,0.008355909027159214,0.002038010163232684,0.5264219045639038,0.3440367579460144,0.001842641388066113,1.5890476788626984e-05,0.00041935581248253584
802,0.10084784030914307,2.1497957277460955e-05,0.08554153144359589,0.055520325899124146,0.02040931023657322,0.03914349526166916,0.027023745700716972,0.006297840736806393,0.049968473613262177,0.023960085585713387,0.0036220925394445658,0.08757232129573822,0.007743282243609428,0.07390199601650238,0.01996530033648014,0.2717542350292206,0.09278478473424911,0.013476870954036713,0.001424181624315679,0.019002463668584824
803,0.018324771896004677,2.77594863291597e-05,0.007179458159953356,0.0054321372881531715,0.2576366364955902,0.005941892042756081,0.0029405972454696894,0.11597058922052383,0.002738191979005933,0.33734408020973206,0.007541398052126169,0.008088667877018452,0.02251962572336197,0.005074446089565754,0.0020267926156520844,0.016187557950615883,0.015277519822120667,0.05532277002930641,0.004426662810146809,0.1099749505519867
804,0.04453645646572113,4.814370913663879e-05,0.011321370489895344,0.012493678368628025,0.15863430500030518,0.007768649607896805,0.0029616020619869232,0.16906104981899261,0.033212535083293915,0.250617653131485,0.007955058477818966,0.0293204914778471,0.012901490554213524,0.02771487645804882,0.01574087329208851,0.031574591994285583,0.05982481688261032,0.10453317314386368,0.001251434674486518,0.018512962386012077
805,0.07015962153673172,1.7274795027333312e-05,0.05158490687608719,0.049150340259075165,0.028394993394613266,0.07338012009859085,0.010771877132356167,0.035864558070898056,0.06328526139259338,0.040956541895866394,0.003066661534830928,0.08000563085079193,0.11168032139539719,0.060922570526599884,0.03151821345090866,0.12244269996881485,0.0889614075422287,0.05772800371050835,0.0007138341898098588,0.019376669079065323
806,0.09445197880268097,7.3563178375479765e-06,0.06780099123716354,0.09982402622699738,0.007743740454316139,0.023530561476945877,0.0041810814291238785,0.03262563422322273,0.09116242080926895,0.04189851135015488,0.0033127099741250277,0.04607927426695824,0.10818878561258316,0.06847195327281952,0.0181936826556921,0.10810662060976028,0.12594091892242432,0.054553572088479996,0.0001670776109676808,0.0037360121496021748
807,0.05961418151855469,2.3266136849997565e-05,0.03396042436361313,0.027819108217954636,0.06825708597898483,0.028588207438588142,0.005292308982461691,0.08810961991548538,0.040777985006570816,0.08318620920181274,0.004371751099824905,0.04670816287398338,0.0878877341747284,0.03477606549859047,0.014669988304376602,0.11284821480512619,0.11435455083847046,0.10471473634243011,0.002194021362811327,0.04182799160480499
808,0.07713844627141953,1.7687338186078705e-05,0.0324048288166523,0.03123842366039753,0.021815232932567596,0.03581243380904198,0.004012120421975851,0.068375363945961,0.042381782084703445,0.06108282878994942,0.003352190600708127,0.058098528534173965,0.13808679580688477,0.03365212306380272,0.016313055530190468,0.12930859625339508,0.10722795873880386,0.12508371472358704,0.0007230567280203104,0.013836951926350594
809,0.13877275586128235,7.808224836480804e-06,0.01718433015048504,0.023492904379963875,0.005886578932404518,0.044048845767974854,0.003300971118733287,0.04518238082528114,0.08377327024936676,0.04931940138339996,0.0038199236150830984,0.048785097897052765,0.056737884879112244,0.060594428330659866,0.02730579860508442,0.14125798642635345,0.15459445118904114,0.0922887995839119,9.400304406881332e-05,0.0035243320744484663
810,0.06964008510112762,2.1170142645132728e-05,0.028552154079079628,0.024298278614878654,0.012518458068370819,0.03343988209962845,0.005999335553497076,0.06583463400602341,0.037520959973335266,0.05538876727223396,0.0032165099401026964,0.04862896353006363,0.1645948737859726,0.02866370417177677,0.059246499091386795,0.14086662232875824,0.10283084958791733,0.11181923002004623,0.0002700821787584573,0.006620965898036957
811,0.1107097715139389,5.871081157238223e-06,0.0422976128757,0.039355091750621796,0.008335883729159832,0.04092564806342125,0.005273139104247093,0.03205520287156105,0.037795960903167725,0.02400774508714676,0.0031416660640388727,0.0791768804192543,0.05505281314253807,0.06083609536290169,0.013486422598361969,0.22878417372703552,0.13375717401504517,0.08021090924739838,0.00020907599537167698,0.004542045295238495
812,0.015420478768646717,6.2575031734013464e-06,0.007546543143689632,0.005889820400625467,0.00011727076343959197,0.8641448020935059,0.0011206105118617415,0.00014624437608290464,0.014584974385797977,0.00013982245582155883,8.61134467413649e-05,0.011550617404282093,0.0033982228487730026,0.010498648509383202,0.005208597518503666,0.04977071285247803,0.009310205467045307,0.0007952773594297469,8.859286026563495e-06,0.00025000490131787956
813,0.0033911489881575108,1.3276888239488471e-05,0.005386779550462961,0.0026346284430474043,0.00024260224017780274,0.02382522076368332,0.0024599204771220684,0.000612012343481183,0.005480283405631781,0.0008049800526350737,0.00029897785861976445,0.006371992640197277,0.0046327244490385056,0.005656924564391375,0.9198033213615417,0.01101361308246851,0.00575816398486495,0.001142085762694478,8.391628944082186e-05,0.0003819181292783469
814,0.05056622996926308,9.315926035924349e-06,0.03292350471019745,0.004606068134307861,0.0006284297560341656,0.1404941827058792,0.001429505879059434,0.0004495785105973482,0.0014828122220933437,0.0011054975911974907,0.00026931939646601677,0.0722096785902977,0.006004828028380871,0.004245096351951361,0.000787294062320143,0.6293888688087463,0.05142652243375778,0.0014499416574835777,1.5942909158184193e-05,0.0005034791538491845
815,0.039595190435647964,2.6455022634763736e-06,0.0008211825042963028,0.0012593342689797282,0.14527203142642975,0.0017891769530251622,0.0005081282579340041,0.22552287578582764,0.0012108071241527796,0.3252753019332886,0.00796266458928585,0.0026021823287010193,0.0022661869879812002,0.002597729442641139,0.0009149872930720448,0.01201291847974062,0.021380683407187462,0.1951279640197754,0.0007569562294520438,0.013115095905959606
816,0.006465006619691849,8.110717431009107e-07,2.6875482944888063e-05,0.0002044916182057932,0.014298697002232075,0.00013196242798585445,4.514565443969332e-05,0.48768821358680725,5.011022221879102e-05,0.2970280945301056,0.018076488748192787,5.6531720474595204e-05,0.00018298564828000963,0.0003055143170058727,3.1813866371521726e-05,0.00044974108459427953,0.0039583370089530945,0.17012959718704224,8.64005705807358e-05,0.0007800611201673746
817,0.00023865762341301888,1.947240590993715e-08,0.026452098041772842,0.9698520302772522,3.0288006200862583e-06,0.00021398231911007315,4.5140601287130266e-05,8.23076243250398e-06,0.00010081709478981793,1.3590179150924087e-05,7.209124305518344e-06,0.0004668684850912541,2.3080619939719327e-05,0.001802012324333191,1.2787541891157161e-05,0.0003801431739702821,0.0003228966670576483,4.054276359966025e-05,4.440724410414987e-07,1.453115874028299e-05
818,0.00014319094771053642,7.159335524420385e-08,0.9545445442199707,0.024862801656126976,2.2642673229711363e-06,0.0011669592931866646,9.740536188473925e-05,2.0760335246450268e-06,0.00031892425613477826,5.777302249043714e-06,2.578715339041082e-06,0.015227828174829483,3.1532879802398384e-05,0.0009403579751960933,3.966297299484722e-05,0.002077561104670167,0.0005118274712003767,7.521431143686641e-06,3.297310797734099e-07,1.5327515939134173e-05
819,0.007631363347172737,3.2937016385403695e-06,3.700735396705568e-05,0.0002218072913819924,0.010700537823140621,7.200856634881347e-05,6.734628550475463e-05,0.2512223422527313,0.00039698934415355325,0.6330026388168335,0.010442795231938362,0.0002464384597260505,2.9078310035401955e-05,0.0010402400512248278,0.00020857862546108663,0.0010495912283658981,0.00614941818639636,0.07631264626979828,0.00010293338709743693,0.0010578717337921262
820,0.000959241995587945,4.848013759328751e-06,3.411235184103134e-06,7.295082468772307e-06,0.009441223926842213,9.744710041559301e-06,1.0736429430835415e-05,0.10337786376476288,5.033724391978467e-06,0.8394464254379272,0.0074174972251057625,1.4303059288067743e-05,2.15776472032303e-05,4.5621887693414465e-05,4.587132480082801e-06,5.956802124273963e-05,0.0005944235599599779,0.038310013711452484,3.06382862618193e-05,0.00021770133753307164
821,6.265180127229542e-05,6.216542942638625e-07,8.637391147203743e-06,4.532611910690321e-06,0.9856993556022644,1.8067981727654114e-05,3.626873149187304e-05,0.0011182470479980111,5.2851196414849255e-06,0.007697978522628546,0.00023842902737669647,3.9107610064093024e-05,4.194040229776874e-06,1.724958565318957e-05,6.673420557490317e-06,0.00011153160448884591,0.00012661855726037174,0.0005895238136872649,0.0001661768474150449,0.004047754220664501
822,0.0026424131356179714,9.63106685958337e-07,0.26905128359794617,0.08745502680540085,9.526013855065685e-06,0.013660089112818241,0.006406201049685478,1.371336566080572e-05,0.11497749388217926,2.715135269681923e-05,2.3869524738984182e-05,0.3592294156551361,0.0011097233509644866,0.06511581689119339,0.012564360164105892,0.047413237392902374,0.020087873563170433,7.97930479166098e-05,2.588719098639558e-06,0.00011627160711213946
823,0.0012313417391851544,2.7093724384030793e-06,0.034799691289663315,0.03371132165193558,8.992559742182493e-06,0.004086114000529051,0.004325418267399073,2.3822172806831077e-05,0.3844185769557953,1.6004940334823914e-05,2.64141708612442e-05,0.4016748368740082,0.0022083320654928684,0.05323012173175812,0.026227682828903198,0.03361760452389717,0.020190035924315453,0.00012560367758851498,8.685016155141057e-07,6.293994374573231e-05
824,0.010397175326943398,1.96251039596973e-06,0.0004783834738191217,0.0014194556279107928,0.004836340434849262,0.0005671557737514377,0.0002041200059466064,0.28809595108032227,0.0010309892240911722,0.1301497220993042,0.00736733665689826,0.0022101544309407473,0.0034136546310037374,0.0033314689062535763,0.0004261750727891922,0.004997842013835907,0.09986305981874466,0.440410315990448,1.4304138858278748e-05,0.0007738147978670895
825,0.08008679002523422,9.112896805163473e-06,0.04454899951815605,0.08930812031030655,0.0007938819471746683,0.016402117908000946,0.003790239105001092,0.01950884237885475,0.02720007114112377,0.005830616690218449,0.0013381404569372535,0.04482899606227875,0.003820006502792239,0.06248278543353081,0.003730068216100335,0.07500152289867401,0.13323616981506348,0.38702771067619324,3.656705985122244e-06,0.0010479508200660348
826,0.10226040333509445,1.3701329407922458e-05,0.0060791196301579475,0.014382383786141872,0.004608836490660906,0.009914333932101727,0.0028637214563786983,0.06406711041927338,0.024846836924552917,0.03131680563092232,0.004001311957836151,0.0184228103607893,0.015024551190435886,0.023458316922187805,0.009623522870242596,0.08779216557741165,0.2370365411043167,0.34088873863220215,2.7344300178810954e-05,0.0033672277349978685
827,0.10176226496696472,1.0082714652526192e-05,0.03860979154706001,0.03580392897129059,0.0003315222274977714,0.160430908203125,0.0031807837076485157,0.0020934303756803274,0.038291119039058685,0.0017751968698576093,0.0005288224783726037,0.0831209272146225,0.008308935910463333,0.050493430346250534,0.008505936712026596,0.24596907198429108,0.20438094437122345,0.015907369554042816,4.315769729146268e-06,0.0004819267778657377
828,0.001860059448517859,2.134424221367226e-06,0.6756938695907593,0.14655177295207977,9.287648936151527e-06,0.07530143111944199,0.0005955125670880079,1.1494194950500969e-05,0.0058462428860366344,1.587692713655997e-05,5.6692456382734235e-06,0.048066396266222,0.005886636208742857,0.016675876453518867,0.0007579216617159545,0.0186789408326149,0.003877650946378708,9.48796805460006e-05,4.99193163250311e-07,4.735772745334543e-05
829,0.06802566349506378,1.4881970855640247e-05,0.09643355011940002,0.10724352300167084,0.0006158642354421318,0.03479863703250885,0.009846056811511517,0.0022746375761926174,0.08039072155952454,0.003049505641683936,0.0007626577280461788,0.14639520645141602,0.032329753041267395,0.1493319571018219,0.02864990010857582,0.12801282107830048,0.09860210120677948,0.011803124099969864,9.59358749241801e-06,0.0013899224577471614
830,0.0014094844227656722,2.914460537795094e-06,0.0045491899363696575,0.0011894084746018052,1.2117152436985634e-05,0.9854798913002014,4.159755553700961e-05,1.8719007130130194e-05,0.0001970366429304704,4.246952448738739e-05,1.0984656000800896e-05,0.0020077701192349195,0.00037856519338674843,0.0003134854487143457,0.0001203969368361868,0.0033623180352151394,0.0007281380239874125,0.00012074604455847293,7.693552106502466e-07,1.3251300515548792e-05
831,0.011707357130944729,2.0170919015072286e-05,0.0062361848540604115,0.003478468395769596,0.244097501039505,0.009422318078577518,0.005365289747714996,0.006563682574778795,0.00094619020819664,0.012728755362331867,0.0011762978974729776,0.008350796066224575,0.002227531047537923,0.0029078274965286255,0.0004983723629266024,0.014710359275341034,0.012680103071033955,0.011743067763745785,0.0006583429640159011,0.6444545984268188
832,0.08507775515317917,4.677421020460315e-05,0.06264348328113556,0.12422969192266464,0.01075073517858982,0.010428514331579208,0.008995933458209038,0.04623689129948616,0.02398093044757843,0.10574684292078018,0.02426689676940441,0.05315428227186203,0.001509810914285481,0.09508606791496277,0.012420497834682465,0.08355160057544708,0.10286233574151993,0.12849196791648865,0.00018238284974358976,0.02033243700861931
833,0.030882172286510468,7.1594486144022085e-06,0.314817875623703,0.18893396854400635,5.8844947488978505e-05,0.026681767776608467,0.00286155310459435,0.00016801022866275162,0.09732429683208466,0.0005161737208254635,0.00016483842046000063,0.06347767263650894,0.017451178282499313,0.11686109751462936,0.008844058029353619,0.09376334398984909,0.03574252128601074,0.001178858568891883,4.226959845254896e-06,0.00023824715754017234
834,0.006850052159279585,4.0419408833258785e-06,0.513213574886322,0.18281786143779755,5.571628935285844e-05,0.014974415302276611,0.0011636617127805948,0.0001564776321174577,0.009748983196914196,0.0002477609377820045,0.00012464684550650418,0.12041980773210526,0.005668606609106064,0.027925483882427216,0.0013335652183741331,0.07747408747673035,0.03693382069468498,0.0007312151719816029,2.249194039904978e-06,0.00014673701662104577
835,0.06936272233724594,0.004854557104408741,0.10945366322994232,0.06507519632577896,0.04336286336183548,0.020706044510006905,0.016321582719683647,0.019790399819612503,0.03198549523949623,0.026203108951449394,0.005948695819824934,0.06426944583654404,0.022493047639727592,0.06118455529212952,0.009101801551878452,0.06540803611278534,0.0790255218744278,0.03896694257855415,0.0007049604901112616,0.24577103555202484
836,0.03408183157444,1.4640124391007703e-05,0.1963820904493332,0.24225257337093353,0.0001322735333815217,0.03607237711548805,0.004619579296559095,0.00042187594226561487,0.07631131261587143,0.0006072166142985225,0.0002572978555690497,0.10873068124055862,0.019411202520132065,0.12174247950315475,0.013778002932667732,0.09652955085039139,0.045753177255392075,0.002227937337011099,1.8155265934183262e-05,0.0006469516083598137
837,0.03748631849884987,8.232554137066472e-06,0.3399907052516937,0.2105383574962616,0.0005802521482110023,0.024012655019760132,0.0049573383294045925,0.0017420724034309387,0.05696194991469383,0.004056332632899284,0.00110703706741333,0.07476712763309479,0.008718268014490604,0.0986534133553505,0.00656383391469717,0.07401533424854279,0.048708636313676834,0.005657879635691643,4.222254938213155e-05,0.0014142940053716302
838,0.0015016049146652222,0.9728155732154846,0.002596328966319561,0.001734042540192604,0.0003151973069179803,0.0028998234774917364,0.0002740553463809192,0.0005084456643089652,0.002777139190584421,0.0006495733396150172,0.00012547396181616932,0.0029436119366437197,0.001313661690801382,0.0015209211269393563,0.0012788735330104828,0.002980988472700119,0.0021895437967032194,0.0010373699478805065,3.160306005156599e-05,0.0004960279911756516
839,0.08757052570581436,5.282549682306126e-05,0.04278115928173065,0.0565132200717926,0.0027088432107120752,0.07161348313093185,0.00960850901901722,0.031059157103300095,0.07011628150939941,0.013669361360371113,0.0020334478467702866,0.06435379385948181,0.009454848244786263,0.06401354819536209,0.018948964774608612,0.12490140646696091,0.183961883187294,0.1436818242073059,4.3580679630395025e-05,0.0028967345133423805
840,0.01743866689503193,2.1303656467352994e-05,0.050466541200876236,0.014601042494177818,0.00026768865063786507,0.6602767109870911,0.004229580983519554,0.0008118278346955776,0.05317089706659317,0.000745629018638283,0.0001895320601761341,0.08051051944494247,0.008166640065610409,0.01820305362343788,0.01026296429336071,0.047533415257930756,0.028187397867441177,0.004299426916986704,1.2228959349158686e-05,0.0005970039637759328
841,0.005761152133345604,9.416148714080919e-06,0.036538008600473404,0.010692687705159187,9.382323332829401e-05,0.8487160205841064,0.0008487649611197412,0.00026220365543849766,0.005906355567276478,0.0002865136484615505,0.00012527749640867114,0.025050820782780647,0.003235562238842249,0.005143831018358469,0.0012915960978716612,0.032709214836359024,0.02182662859559059,0.0012731158640235662,7.670124432479497e-06,0.00021691826987080276
842,0.0642545223236084,4.20535980083514e-05,0.014960489235818386,0.014010363258421421,0.0840093195438385,0.027250299230217934,0.00810448732227087,0.09877239167690277,0.028263183310627937,0.1900576502084732,0.021381208673119545,0.03414363041520119,0.040213316679000854,0.040020957589149475,0.00854389276355505,0.0530221164226532,0.07701368629932404,0.14970172941684723,0.0009598971228115261,0.04526921361684799
843,0.16005054116249084,2.7768988729803823e-05,0.06311559677124023,0.08515677601099014,0.0005181383457966149,0.04603779315948486,0.0070931813679635525,0.0012756354408338666,0.07646830379962921,0.0023172935470938683,0.0007590373861603439,0.05323202908039093,0.13044457137584686,0.07128937542438507,0.010536154732108116,0.21484503149986267,0.06740537285804749,0.007834814488887787,4.683481529355049e-05,0.001530296285636723
844,0.027627645060420036,2.175698318751529e-05,0.0010109305148944259,0.0016996923368424177,0.034046635031700134,0.001481047598645091,0.0022833917755633593,0.563147246837616,0.0027235657908022404,0.0861874371767044,0.022646604105830193,0.0035786053631454706,0.004751233384013176,0.004639073740690947,0.0013564699329435825,0.004738772753626108,0.03234578296542168,0.18160024285316467,0.0007290645153261721,0.02337242104113102
845,0.2368723601102829,5.3251544159138575e-05,0.004583111964166164,0.01571865938603878,0.0007168474840000272,0.0334349051117897,0.007987385615706444,0.0019148008432239294,0.30541932582855225,0.004617687780410051,0.004533245228230953,0.020609833300113678,0.0028444111812859774,0.1511458158493042,0.07691533863544464,0.08615349233150482,0.03832550346851349,0.006793096661567688,6.463790487032384e-05,0.0012910135556012392
846,0.00010424129868624732,3.995475879037258e-07,0.9800216555595398,0.007204987108707428,1.9940775928262156e-06,0.0007248716428875923,0.00011923591227969155,3.441890839894768e-06,0.0003871302178595215,4.047022684972035e-06,1.6864244116732152e-06,0.009948263876140118,7.50799008528702e-05,0.00046963998465798795,5.3346964705269784e-05,0.0006761004333384335,0.00017225471674464643,1.2746812899422366e-05,1.4812474091741024e-07,1.3931841749581508e-05
847,0.015910042449831963,9.865870197245385e-06,0.0001594750938238576,0.0006874685059301555,0.002503707306459546,0.00027260591741651297,0.00028898476739414036,0.020550357177853584,0.0028190307784825563,0.9173619151115417,0.016278013586997986,0.0005607525235973299,0.00014405520050786436,0.003907121252268553,0.0014433532487601042,0.0020313283894211054,0.0025453746784478426,0.011817922815680504,3.452658711466938e-05,0.0006713278708048165
848,0.022693080827593803,2.7599635359365493e-05,0.00013685078010894358,0.0007508919225074351,0.0037294847425073385,0.00034422989119775593,0.00027934680110774934,0.4363677203655243,0.0007666324963793159,0.08553512394428253,0.01808650977909565,0.00032130046747624874,8.970058843260631e-05,0.0015997296432033181,0.00029010928119532764,0.002300435910001397,0.01455498393625021,0.4100472331047058,5.594096364802681e-05,0.002020103158429265
849,0.0004324220062699169,0.9958458542823792,0.0002201375609729439,0.00019791822705883533,0.00014363499940373003,0.00023690646048635244,4.0918486774899065e-05,0.00029946499853394926,0.00013594303163699806,0.00038460298674181104,7.632881170138717e-05,0.0002413181500742212,4.647079549613409e-05,0.00014186375483404845,8.537901885574684e-05,0.00038367853267118335,0.00039916025707498193,0.0005137864500284195,1.7995696907746606e-05,0.00014827660925220698
850,0.6799153089523315,2.3764358047628775e-05,0.004015568643808365,0.01661980152130127,0.0007213448989205062,0.023654110729694366,0.0019802111200988293,0.003982412628829479,0.007845522835850716,0.005407786462455988,0.004006197210401297,0.012833411805331707,0.0013960078358650208,0.028093259781599045,0.003010937012732029,0.11417106539011002,0.062467776238918304,0.028527596965432167,4.379868187243119e-05,0.0012802635319530964
851,0.00186836754437536,5.755816346209031e-06,0.0011330159613862634,0.01217950601130724,4.8330388381145895e-05,0.001204299507662654,0.003270129207521677,0.00012347624578978866,0.028906991705298424,0.0003599273331928998,0.0005497400998137891,0.0026050442829728127,0.0008062258712016046,0.9160116314888,0.020809516310691833,0.004146291874349117,0.005325773730874062,0.0003676785563584417,2.7987196517642587e-05,0.0002474545035511255
852,0.01134427823126316,7.485633250325918e-05,0.01841316744685173,0.03629342466592789,0.006261224392801523,0.004901168867945671,0.06970292329788208,0.0012560758041217923,0.051144398748874664,0.0017042722320184112,0.0025021943729370832,0.10965210944414139,0.0004392231348901987,0.0706462562084198,0.021877333521842957,0.0993926152586937,0.056768517941236496,0.005632869433611631,0.0013902868377044797,0.4305941164493561
853,0.004078904166817665,0.00010521342483116314,0.0001356901484541595,0.0002046278677880764,0.2339865267276764,0.00016670701734256,0.01128951832652092,0.018969828262925148,0.0004090918228030205,0.019547224044799805,0.005165455862879753,0.001688299118541181,0.00014553096843883395,0.0009661830263212323,0.0005361741059459746,0.001718405750580132,0.0018361879047006369,0.025323159992694855,0.033755481243133545,0.6399569511413574
854,0.00949294213205576,9.410657185071614e-06,0.06810661405324936,0.02971595898270607,0.00016020996554289013,0.005303392186760902,0.008700312115252018,9.468077769270167e-05,0.07982052862644196,0.0013670187909156084,0.001688558142632246,0.6842278242111206,0.0003544654173310846,0.08183266222476959,0.01169656217098236,0.014604410156607628,0.001897449721582234,0.00023958338715601712,1.8627524696057662e-05,0.0006648408016189933
855,0.001560449250973761,1.9526003598002717e-05,0.006760496646165848,0.0013243132270872593,4.413878559716977e-05,0.9726851582527161,0.0004014084697701037,4.52905151178129e-05,0.0009600533521734178,9.71581757767126e-05,6.457087874878198e-05,0.007361426949501038,0.00014490589092019945,0.0009479987202212214,0.0006627353141084313,0.005998874548822641,0.000661207246594131,0.0001612604537513107,1.2419889571901876e-05,8.45519607537426e-05
856,0.0014936121879145503,1.1104844816145487e-05,1.9129696738673374e-05,9.801809210330248e-05,0.011200894601643085,5.205651905271225e-05,0.00023453777248505503,0.5798813104629517,0.00044976596836932003,0.27718159556388855,0.02326769009232521,0.00019629405869636685,6.309583113761619e-05,0.0009628867846913636,0.00024970952654257417,8.986105240182951e-05,0.0005174637190066278,0.10160981863737106,0.0002626737696118653,0.002157347509637475
857,0.024875344708561897,0.00013682310236617923,0.017771029844880104,0.037094466388225555,0.0050606695003807545,0.0020691901445388794,0.011227729730308056,0.020357755944132805,0.14359387755393982,0.06262346357107162,0.11220532655715942,0.0799112319946289,0.01513584889471531,0.14568780362606049,0.09785252809524536,0.05529732629656792,0.1319337785243988,0.02291605807840824,0.0016819926677271724,0.012562436051666737
858,0.009072085842490196,0.00010081324580824003,0.0001610511972103268,0.0008364374516531825,0.004469772335141897,0.00041225136374123394,0.0012277927016839385,0.2769242227077484,0.0007032639114186168,0.03464623540639877,0.012552373111248016,0.0015691806329414248,0.00033839503885246813,0.002950164955109358,0.0005905317957513034,0.0027719258796423674,0.013798627071082592,0.6310032606124878,0.00010973879398079589,0.00575990742072463
859,0.004916079808026552,8.280723704956472e-05,1.8499960788176395e-05,3.911350722773932e-05,0.004118217155337334,0.00017212929378729314,5.537957258638926e-05,0.030891111120581627,5.419212902779691e-05,0.890424370765686,0.03370939940214157,0.00028868159279227257,0.0009916628478094935,0.0005320535274222493,7.513485616073012e-05,0.0005788928829133511,0.002711377339437604,0.029900651425123215,4.354364864411764e-05,0.00039286987157538533
860,0.002454976085573435,5.632809916278347e-06,0.0002338361373404041,0.00020796488388441503,1.8174991055275314e-05,0.0004483747179619968,9.422738366993144e-05,3.8208210753509775e-05,0.00016524635429959744,0.00024501074221916497,7.515643665101379e-05,0.00033538410207256675,0.9911686182022095,0.0006191614083945751,9.569536632625386e-05,0.00241192989051342,0.0012337026419118047,0.00011602597078308463,2.0123707145103253e-06,2.83109511656221e-05
861,0.03459111973643303,4.0054263081401587e-05,0.02533349022269249,0.013837496750056744,0.0001253608934348449,0.2094571888446808,0.0014571229694411159,0.00011095486843260005,0.004653613083064556,0.0003290959866717458,0.00028753880178555846,0.027356188744306564,0.6045568585395813,0.011540631763637066,0.0017637185519561172,0.05094944313168526,0.01238741260021925,0.0006587341777049005,4.291719233151525e-05,0.0005154188256710768
862,0.032805271446704865,9.856094402493909e-05,0.0003936691500712186,0.0030204737558960915,0.006445533595979214,0.0018611395498737693,0.001182673266157508,0.1391809582710266,0.005335163790732622,0.041787657886743546,0.030083060264587402,0.0008953927317634225,0.0012137306621298194,0.01288805902004242,0.0019921057391911745,0.01323801837861538,0.041692350059747696,0.6617385149002075,0.0001191557603306137,0.004025488160550594
863,0.01301281712949276,7.155361527111381e-05,2.4676017346791923e-05,0.00013331590162124485,0.0071578193455934525,0.0001790546375559643,0.0002083264698740095,0.3536668121814728,0.0001410908589605242,0.06678079813718796,0.047530174255371094,0.0002737161994446069,0.003022463759407401,0.001406801980920136,9.388357284478843e-05,0.0006472863024100661,0.008012024685740471,0.49585023522377014,0.00012169940600870177,0.0016564585966989398
864,0.01614854298532009,4.980266749043949e-05,0.03939541429281235,0.015543945133686066,8.58477724250406e-05,0.02924172952771187,0.003229851834475994,0.0001628987811272964,0.030735846608877182,0.0002359829086344689,0.0003828094631899148,0.09383829683065414,0.03586382418870926,0.02397959493100643,0.009479819796979427,0.37886181473731995,0.32154950499534607,0.0007135618361644447,1.5390189219033346e-05,0.0004726042679976672
865,0.02018490992486477,3.839126293314621e-06,0.2919836640357971,0.14637035131454468,4.8892317863646895e-05,0.02436206303536892,0.004558843560516834,8.141421858454123e-05,0.022251101210713387,0.00012542135664261878,0.00021265358373057097,0.11064351350069046,0.17477770149707794,0.08367615938186646,0.0031678522936999798,0.08849168568849564,0.0281207337975502,0.0004938681959174573,1.5330138921854086e-05,0.00041143104317598045
866,0.17866241931915283,4.076918685314013e-06,0.11829561740159988,0.11468528211116791,0.0012173879658803344,0.056841958314180374,0.005462868604809046,0.0025653385091573,0.019993362948298454,0.006723802071064711,0.005412393715232611,0.06276747584342957,0.014606179669499397,0.12625901401042938,0.003210031194612384,0.16058124601840973,0.10738541185855865,0.011626040562987328,0.00033184015774168074,0.0033620591275393963
867,0.03356616571545601,5.742751091020182e-05,0.0028588625136762857,0.0070366691797971725,0.037851203233003616,0.002462943084537983,0.005375731270760298,0.044784992933273315,0.034771550446748734,0.3021087646484375,0.1654069572687149,0.010772250592708588,0.00011098955292254686,0.16405022144317627,0.019277919083833694,0.014284969307482243,0.05185803771018982,0.052440959960222244,0.003372896695509553,0.04754434898495674
868,0.18584486842155457,0.00033041060669347644,0.0003166662936564535,0.005995496176183224,0.006640325766056776,0.007499080151319504,0.005614659748971462,0.13037918508052826,0.02745106816291809,0.07688197493553162,0.07247605174779892,0.012648262083530426,0.0004833276616409421,0.05323512852191925,0.01705961860716343,0.05968586355447769,0.13417556881904602,0.18942011892795563,0.00029479339718818665,0.013563601300120354
869,0.23340119421482086,5.06502365169581e-05,0.011665496975183487,0.007753019221127033,0.0012972848489880562,0.13313715159893036,0.009332597255706787,0.0025577403139322996,0.04140078276395798,0.004363748244941235,0.0041337767615914345,0.12414144724607468,0.00248591136187315,0.040058668702840805,0.01507363747805357,0.23551493883132935,0.12207791954278946,0.0080946059897542,0.0002232093393104151,0.0032313938718289137
870,0.039476826786994934,8.256189903477207e-05,0.006664053536951542,0.011578925885260105,0.0030831615440547466,0.10192838311195374,0.03642948716878891,0.0021103217732161283,0.13282394409179688,0.0060132695361971855,0.023236092180013657,0.037346139550209045,0.006999260280281305,0.22770629823207855,0.039697032421827316,0.13701622188091278,0.16844892501831055,0.004392323084175587,0.0008964115986600518,0.014065302908420563
871,0.0009141662740148604,0.0003972163249272853,6.428430060623214e-05,0.00020708741794805974,0.027071867138147354,0.00030965066980570555,0.017704512923955917,0.0005345743848010898,0.0004230275808367878,0.0015036563854664564,0.0015097876312211156,0.0007124525727704167,1.158365557785146e-05,0.004379054065793753,0.00044458999764174223,0.001813114038668573,0.0019112625159323215,0.0007236023666337132,0.00801129825413227,0.9313498139381409
872,0.005908353719860315,5.304130172589794e-05,0.0011259608436375856,0.0018112033139914274,8.11095378594473e-06,0.030424930155277252,0.0017089282628148794,1.0788733561639674e-05,0.0035257488489151,7.4363324529258534e-06,4.553906910587102e-05,0.06101178377866745,0.00028620075318031013,0.009837238118052483,0.0012730410089716315,0.6784086227416992,0.20434312522411346,6.749495514668524e-05,5.748533567384584e-06,0.00012968791997991502
873,0.037553898990154266,4.560773231787607e-05,0.0015782647533342242,0.0007281838916242123,7.12094406480901e-05,0.3947664499282837,0.0009458450949750841,9.017078264150769e-05,0.0022122925147414207,9.58462551352568e-05,0.00034259766107425094,0.052559368312358856,0.024447446689009666,0.0065126242116093636,0.000668878376018256,0.3247012794017792,0.15186265110969543,0.0005078653921373188,2.5166815248667262e-05,0.00028047579689882696
874,0.18223927915096283,0.00023376161698251963,0.0007148501463234425,0.001041207928210497,0.000773705483879894,0.2696433365345001,0.0008853073813952506,0.0014756714226678014,0.0007666495512239635,0.0019080742495134473,0.004737389739602804,0.01758537068963051,0.006433540023863316,0.011649038642644882,0.0002960478886961937,0.300681471824646,0.1909279227256775,0.005485184490680695,0.000199354937649332,0.0023204435128718615
875,0.027647389099001884,0.0002916336234193295,5.017323564970866e-05,0.0013387049548327923,0.012420350685715675,0.002676799427717924,0.000867316557560116,0.051950063556432724,0.00079771364107728,0.5990217328071594,0.1680564433336258,0.003701988607645035,0.00015652953879907727,0.035577528178691864,0.000358091841917485,0.014721839688718319,0.03385304659605026,0.04019973427057266,0.0007197929080575705,0.005590502638369799
876,0.024777954444289207,6.076197314541787e-05,5.0095248298021033e-05,0.0005749544943682849,0.0172932930290699,0.0011827345006167889,0.0006136549054645002,0.21620546281337738,0.0007907879771664739,0.18591764569282532,0.11127464473247528,0.0009466176270507276,3.4400156437186524e-05,0.008068649098277092,0.00033312648884020746,0.007377002853900194,0.231439471244812,0.15704777836799622,0.004120803903788328,0.031883854418992996
877,0.438657283782959,0.00019173414329998195,0.00012748967856168747,0.0002580265572760254,0.002471605082973838,0.2684611976146698,0.00017948105232790112,0.0034732178319245577,0.00013445780496113002,0.0037096731830388308,0.006554728373885155,0.00024062590091489255,0.0005815519252792001,0.00150583079084754,5.946612873231061e-05,0.08174018561840057,0.174068883061409,0.015606476925313473,0.000435853551607579,0.001539825927466154
878,0.0385044664144516,0.00016669713659211993,0.0005352337029762566,0.0005107509205117822,5.858354052179493e-05,0.6723686456680298,0.00014624719915445894,4.472277214517817e-05,0.000190616468898952,8.460167737212032e-05,0.0001811262045521289,0.009520931169390678,0.005767440889030695,0.0024429175537079573,6.216987821971998e-05,0.2278609275817871,0.04111899808049202,0.0003101063775829971,1.83570446097292e-05,0.0001042570365825668
879,0.05315282195806503,0.0008306991658173501,0.00023022441018838435,0.0019191352184861898,0.00016016872541513294,0.290754109621048,0.0001481483777752146,0.00022301510034594685,0.00014155519602354616,0.0003171008138451725,0.0006184790399856865,0.0007321347366087139,0.00023477054492104799,0.010701138526201248,5.7683562772581354e-05,0.6026978492736816,0.03575313091278076,0.0011385284597054124,2.440112439217046e-05,0.00016221414261963218
880,0.05516619235277176,0.0003017903654836118,1.51765052578412e-05,0.00018740215455181897,0.032789986580610275,0.001097518834285438,0.0001312108215643093,0.40345367789268494,6.52348535368219e-05,0.10243882983922958,0.08449120074510574,1.0059509804705158e-05,0.00011959340918110684,0.000870568910613656,2.146988845197484e-05,0.002943231025710702,0.010127175599336624,0.29051366448402405,0.004130243789404631,0.011119196191430092
881,0.3373420834541321,0.0002592441742308438,0.0004007153620477766,0.001640459056943655,0.013496050611138344,0.09988471865653992,0.0006103441119194031,0.0179706122726202,0.0004553514299914241,0.021642552688717842,0.019763439893722534,0.004099962767213583,0.0008600757573731244,0.009427136741578579,0.00011475913925096393,0.18601468205451965,0.2282760739326477,0.04921790584921837,0.0019576812628656626,0.006563103757798672
882,0.08290008455514908,0.00024223211221396923,0.0007867516251280904,0.001948414952494204,0.0006588081596419215,0.6626996397972107,0.0003759945393539965,0.0003203707456123084,0.00048587730270810425,0.0012527134967967868,0.001958859618753195,0.015058616176247597,0.0007473744335584342,0.012241516262292862,0.0002107752807205543,0.16187164187431335,0.054049551486968994,0.0013307020999491215,0.0002880016982089728,0.0005661431350745261
883,0.04578521475195885,0.0003006504266522825,0.00034467902150936425,0.0006374905351549387,0.00037221837555989623,0.8058251738548279,0.00015435666136909276,0.00021993496920913458,0.0002852582838386297,0.0004772015963681042,0.0009173881262540817,0.0009343799902126193,0.0008721323101781309,0.004693928640335798,0.00017910981841851026,0.1267033964395523,0.009987481869757175,0.0006992648704908788,0.0002923805150203407,0.00031510210828855634
884,0.20237578451633453,0.0009343506535515189,5.156149200047366e-05,0.00024380757531616837,0.07296662032604218,0.007396743167191744,0.00011432601604610682,0.11893585324287415,7.848523819120601e-05,0.32458609342575073,0.057079851627349854,0.0007747209165245295,0.0020433967001736164,0.0008795959292910993,3.5429486160865054e-05,0.025757940486073494,0.034888844937086105,0.13079428672790527,0.015181021764874458,0.004877749364823103
885,0.27722689509391785,0.0005053284694440663,0.0004393628623802215,0.0004828759119845927,0.04308421164751053,0.027096852660179138,0.00021855872182641178,0.05112091824412346,0.00048704439541324973,0.0592123307287693,0.03631766140460968,0.004839905072003603,0.002714478876441717,0.003553143236786127,0.00017863915127236396,0.10926102846860886,0.28943824768066406,0.08590333163738251,0.0047514173202216625,0.0031619796063750982
886,0.20296384394168854,0.0014741907361894846,0.00023591495119035244,0.0005908331368118525,0.10186770558357239,0.1352594494819641,0.0004614336648955941,0.056717175990343094,0.00013457823661156,0.1087091937661171,0.09152881801128387,0.0028044451028108597,0.0016001969343051314,0.005058200564235449,0.00012869774946011603,0.08730790764093399,0.10305324196815491,0.08809281885623932,0.005812264513224363,0.006190652493387461
887,0.03719367831945419,0.00012351182522252202,0.0011070346226915717,0.000634889816865325,0.0005115066887810826,0.9031201601028442,0.0002309157862327993,0.0002146097831428051,0.00028794637182727456,0.00039954378735274076,0.0003898973227478564,0.003492343472316861,0.0057325903326272964,0.003604412078857422,0.0001366603682981804,0.03655930235981941,0.005160891450941563,0.0007240387494675815,0.00018461461877450347,0.00018955291307065636
888,0.20658382773399353,0.0002396547351963818,0.00012978148879483342,0.0003831991634797305,0.09176402539014816,0.011727381497621536,0.00030412693740800023,0.08706782013177872,0.0009115533903241158,0.2624778151512146,0.028894560411572456,0.000720714800991118,0.023075342178344727,0.005880899261683226,0.00034718148526735604,0.024395804852247238,0.11063265800476074,0.11797817796468735,0.023531779646873474,0.002943244529888034
889,0.11066869646310806,0.0005088681937195361,0.00043193675810471177,0.0006566799129359424,0.0037817407865077257,0.23624767363071442,0.001085184863768518,0.00200852588750422,0.0002521566639188677,0.0024715918116271496,0.004280344117432833,0.012832841835916042,0.013513841666281223,0.021074820309877396,0.0001845009537646547,0.28493592143058777,0.29656118154525757,0.006634328979998827,0.0007655849331058562,0.0010984856635332108
890,0.43514037132263184,0.0007814466371200979,0.0004697993863373995,0.0011828069109469652,0.003267721040174365,0.059936005622148514,0.0008932212949730456,0.004804911091923714,0.0005301708588376641,0.02694924734532833,0.04954744130373001,0.01944364234805107,0.005519996862858534,0.026691488921642303,0.00039683410432189703,0.2308897078037262,0.12186523526906967,0.010131866671144962,0.0005432877806015313,0.0010095341131091118
891,0.6559188365936279,0.00017353710427414626,0.0008917117374949157,0.0003789063193835318,0.004180967807769775,0.10277880728244781,0.0003904955228790641,0.0031760025303810835,0.0005426940624602139,0.008127925917506218,0.003941099625080824,0.004758073948323727,0.009226225316524506,0.0023777824826538563,0.0003473129472695291,0.1727239042520523,0.019697636365890503,0.008728553541004658,0.0003188394766766578,0.0013182336697354913
892,0.03993571922183037,0.00029186904430389404,2.542818765505217e-05,6.227581616258249e-05,0.5230943560600281,0.0015031261136755347,0.00012215031892992556,0.05729125440120697,8.667308429721743e-05,0.21097584068775177,0.05305258929729462,0.0003420182329136878,0.0012420793063938618,0.0007843552739359438,7.430095865856856e-05,0.005033667664974928,0.009753462858498096,0.07852369546890259,0.011270485818386078,0.006529104895889759
893,0.44031623005867004,0.0002857713552657515,0.0002266898227389902,0.0003354244981892407,9.471319935983047e-05,0.2722192108631134,0.00010184390703216195,7.63273419579491e-05,6.870119250379503e-05,9.228732233168557e-05,0.000521834590472281,0.006073764991015196,0.0006948752561584115,0.004355236887931824,4.51623709523119e-05,0.24565857648849487,0.028050018474459648,0.0006931672687642276,1.3571925592259504e-05,7.37304289941676e-05
894,0.038300320506095886,9.585011866874993e-05,8.488579624099657e-05,0.00025989001733250916,0.00842984952032566,0.0039844028651714325,0.0004702608857769519,0.46514958143234253,0.0007816877332516015,0.04286814108490944,0.025824520736932755,0.004086424130946398,0.0003757805679924786,0.005661053583025932,0.0006785118603147566,0.0063843256793916225,0.07434104382991791,0.3183963894844055,0.0003157609316986054,0.0035055053886026144
895,0.00014695287973154336,1.0725044603532297e-06,1.6682435671100393e-05,7.110396836651489e-06,3.1727443001727806e-06,0.00024839257821440697,2.626939931360539e-05,4.72242800242384e-06,3.85316634492483e-05,9.724508345243521e-06,4.703469585365383e-06,0.0001391256955685094,0.9987932443618774,0.0001736182748572901,5.309373591444455e-05,0.00022346519108396024,8.613256795797497e-05,1.8720720618148334e-05,7.403721724585921e-07,4.111274847673485e-06
896,0.0012590414844453335,0.00011929399624932557,1.713215715426486e-05,2.7511479856912047e-05,0.8552137613296509,0.00028946809470653534,0.00135723443236202,0.0027837848756462336,0.0001023322474793531,0.007529312279075384,0.006383115891367197,0.0010463488288223743,0.00012906237679999322,0.0011682001641020179,0.00014146475587040186,0.0008363756933249533,0.0013476635795086622,0.004232785198837519,0.0523235946893692,0.06368928402662277
897,0.21112097799777985,0.00030752195743843913,0.0003895861154887825,0.0018448678310960531,0.00048150887596420944,0.011962630786001682,0.006044721230864525,0.002429723273962736,0.0006728456937707961,0.0017359515186399221,0.005554318893700838,0.030026037245988846,0.00017959311662707478,0.44703051447868347,0.0004502726369537413,0.20961730182170868,0.06023677811026573,0.009286311455070972,4.803461706615053e-05,0.0005690546822734177
898,0.11997310817241669,0.00020013893663417548,0.0008612221572548151,0.02349872887134552,0.002963357837870717,0.010702842846512794,0.01747065596282482,0.00791279785335064,0.00887405127286911,0.06674156337976456,0.06252559274435043,0.069755420088768,0.00017910730093717575,0.40698909759521484,0.006091451738029718,0.06483729183673859,0.10742826759815216,0.01421715971082449,0.0004801491159014404,0.0082915173843503
899,0.07154690474271774,4.756957423524e-05,0.0066018193028867245,0.014022481627762318,0.00025298152468167245,0.0685516893863678,0.016846109181642532,7.21589894965291e-05,0.009381284937262535,0.0002946282911580056,0.0011078910902142525,0.14854341745376587,0.00034879366285167634,0.4840318560600281,0.005322946701198816,0.12914885580539703,0.0419958122074604,0.0004774685367010534,8.7623848230578e-05,0.0013131299056112766
900,0.03720371797680855,0.00039754906902089715,0.0001980241504497826,0.0006329150055535138,0.001277635688893497,0.0005088227917440236,0.00024590693647041917,0.08054421097040176,0.000296545447781682,0.1950291246175766,0.24267123639583588,0.007545108441263437,3.3225434890482575e-05,0.010283238254487514,0.0001423483045073226,0.006059004459530115,0.15369698405265808,0.2627245783805847,7.463100337190554e-05,0.00042782395030371845
901,0.16089820861816406,2.8011962058371864e-05,0.002356488723307848,0.017654765397310257,9.366976155433804e-05,0.017914632335305214,0.0028794030658900738,0.00026041423552669585,0.0035228366032242775,0.00041475403122603893,0.0016241158591583371,0.024995533749461174,4.422848724061623e-05,0.730849027633667,0.002521952148526907,0.024643419310450554,0.007922629825770855,0.0010664979927241802,2.806795782817062e-05,0.00027482700534164906
902,0.24054740369319916,9.871836664387956e-05,0.0008619517902843654,0.0009807239985093474,0.009491159580647945,0.005390526726841927,0.024796321988105774,0.00068674172507599,0.0015300660161301494,0.0014944311697036028,0.0013117073103785515,0.013025449588894844,2.6477766368770972e-05,0.006161243189126253,0.0015540573513135314,0.030450815334916115,0.010930974967777729,0.004544959403574467,0.0006353285862132907,0.6454640626907349
903,0.00011043316044379026,2.604795190563891e-05,1.2565347788040526e-05,1.8920130969490856e-05,3.542713602655567e-05,9.528044029138982e-05,0.0010870695114135742,4.480627103475854e-05,0.005246850661933422,0.00010143121471628547,9.333113121101633e-05,0.00035806780215352774,6.802652023907285e-06,0.0009815213270485401,0.9912372827529907,0.00016816063725855201,0.00018229051784146577,6.751692853868008e-05,4.934408570989035e-05,7.395586726488546e-05
904,0.0017831285949796438,3.481212115730159e-05,1.2684433386311866e-05,2.3247042918228544e-05,0.0046668341383337975,6.033269892213866e-05,5.693449202226475e-05,0.09816921502351761,1.0519223906158004e-05,0.8262585997581482,0.05384502559900284,9.216735634254292e-05,5.467522441904293e-06,0.00021653971634805202,1.6389503798563965e-05,0.0001709326170384884,0.000485288561321795,0.013813902623951435,6.339482933981344e-05,0.00021088869834784418
905,0.0017824212554842234,9.637731636757962e-06,0.06173636391758919,0.004752112552523613,2.9069144147797488e-05,0.0038480511866509914,0.00221823388710618,3.4765605960274115e-05,0.0011961624259129167,3.3481617720099166e-05,7.977028872119263e-05,0.9037744998931885,2.9767311389150564e-06,0.006903071887791157,0.00040116204763762653,0.01038037147372961,0.0024739874061197042,7.343304605456069e-05,7.521752195316367e-06,0.0002590027579572052
906,0.15892796218395233,0.0007579087978228927,0.004240075126290321,0.014722357504069805,0.007191159296780825,0.104524627327919,0.05256802216172218,0.009438068605959415,0.008714590221643448,0.016651643440127373,0.0162053145468235,0.02634890377521515,5.4748910770285875e-05,0.21920804679393768,0.00976649858057499,0.08332149684429169,0.05418139323592186,0.05919848382472992,0.0011221353197470307,0.1528465300798416
907,0.001492690178565681,1.244457143911859e-05,1.2438284102245234e-05,4.3549269321374595e-05,0.007107887417078018,4.7883091610856354e-05,3.304602796561085e-05,0.2626972198486328,7.265101430675713e-06,0.5224701762199402,0.03757314383983612,0.00014592679508496076,2.1758058210252784e-05,0.0004778039001394063,8.83476241142489e-06,3.886691411025822e-05,6.638513877987862e-05,0.16678331792354584,0.0003603972727432847,0.0005986326141282916
908,0.33051320910453796,9.591574053047225e-05,0.007359841838479042,0.012263027019798756,0.0003806353488471359,0.1777520477771759,0.0013906515669077635,0.0009929685620591044,0.0014532549539580941,0.0029032607562839985,0.012212405912578106,0.0024891088251024485,0.00017681514145806432,0.1436891406774521,0.001217429875396192,0.1736656278371811,0.12774810194969177,0.002906522713601589,6.632216536672786e-05,0.0007174114580266178
909,0.006883000023663044,3.348263999214396e-05,7.327354251174256e-05,0.00019982580852229148,0.008253689855337143,0.00022094340238254517,0.000499013636726886,0.17872436344623566,0.0003048104408662766,0.5377418398857117,0.047936294227838516,0.0005935635999776423,4.416565570863895e-05,0.0014582104049623013,0.0003382873546797782,0.0009357179515063763,0.005872817710042,0.20620349049568176,0.00023070062161423266,0.003443633671849966
910,0.017654385417699814,4.352784526417963e-05,0.00033426162553951144,0.00022419518791139126,0.0017185667529702187,0.0009477612329646945,0.00038360487087629735,0.0017428090795874596,0.0002948665642179549,0.001551883528009057,0.00300774653442204,0.006488395389169455,3.641843795776367e-05,0.0018287630518898368,0.00023397828044835478,0.02764972299337387,0.9307795763015747,0.003714816877618432,0.00020287735969759524,0.0011595503892749548
911,0.013501944951713085,7.497858314309269e-05,0.0011849359143525362,0.14351050555706024,0.0005061160773038864,0.0022374321706593037,0.0038563439156860113,0.0025152035523205996,0.0002549985365476459,0.024914033710956573,0.02812165766954422,0.0018183777574449778,5.2177342695358675e-06,0.7459231615066528,0.00010472587018739432,0.0081509780138731,0.013470897451043129,0.00960460677742958,1.5331432223320007e-05,0.00022631209867540747
912,0.006411174312233925,9.716845852381084e-06,0.03511675447225571,0.0030826653819531202,6.483840115834028e-05,0.015925006940960884,0.0020876445341855288,4.0786504541756585e-05,0.0015073474496603012,9.361354750581086e-05,0.0001608105521881953,0.8808701038360596,3.0473581773549085e-06,0.006364431232213974,0.0005746454116888344,0.04041171818971634,0.006852523423731327,0.00011995687236776575,1.2898780369141605e-05,0.0002882683475036174
913,0.005825744941830635,3.9125607145251706e-05,2.8508797186077572e-05,0.00010946427210001275,0.0011839013313874602,3.612300497479737e-05,6.650668365182355e-05,0.3019509017467499,0.00012878265988547355,0.05399513989686966,0.009323077276349068,0.0001091820522560738,5.374789452616824e-06,0.000308178918203339,0.00011396505578886718,0.00021423256839625537,0.002799947978928685,0.6232478618621826,3.927597208530642e-05,0.0004728924250230193
914,8.283783245133236e-05,1.8772144585454953e-06,2.020661440838012e-06,5.7879651649273e-06,0.0015824752626940608,2.766108082141727e-06,1.6338000932591967e-05,0.0064416793175041676,5.804772058581875e-07,0.9776008129119873,0.01193876750767231,4.318297214922495e-05,9.149125617113896e-07,5.874322960153222e-05,1.9951860394940013e-06,3.559531933206017e-06,8.24742437544046e-06,0.0019738671835511923,0.00014260759053286165,9.075140405911952e-05
915,0.11706279963254929,6.9075969804544e-05,0.00201303674839437,0.01059144176542759,0.05819262936711311,0.0029011694714426994,0.01901417039334774,0.04581994190812111,0.005966137629002333,0.19660627841949463,0.12315017729997635,0.017993377521634102,2.6130490368814208e-05,0.09729558229446411,0.004297319334000349,0.041511230170726776,0.07301704585552216,0.09692925959825516,0.0008072430500760674,0.08673089742660522
916,0.008913670666515827,3.081467639276525e-06,0.033930711448192596,0.7913939356803894,0.0002027605369221419,0.004130132496356964,0.011356646195054054,7.20371026545763e-05,0.017714355140924454,0.00030559333390556276,0.0003433428064454347,0.029843417927622795,4.7967673708626535e-06,0.08311188220977783,0.005953439045697451,0.00631218496710062,0.00410941056907177,0.0003098423476330936,8.966401219367981e-05,0.001896089524962008
917,3.86576029995922e-05,1.397205096509424e-06,0.0010014629224315286,6.99256852385588e-05,1.3075440392640303e-06,0.0002376712509430945,0.000634572294075042,1.31413708004402e-06,0.000205170304980129,9.296330745200976e-07,2.212212621088838e-06,0.9949710369110107,1.1990546511242428e-07,0.00035293493419885635,6.664062675554305e-05,0.0019788984209299088,0.0003979363536927849,1.5554682022411725e-06,4.0845947069101385e-07,3.39750804414507e-05
918,0.0010607264703139663,1.1772935977205634e-05,0.0004171438922639936,0.008765899576246738,0.0001411586708854884,0.0012808899627998471,0.0015065112384036183,0.0002915323420893401,0.00020753413264174014,0.00043832234223373234,0.00039105580071918666,0.0008933771750889719,5.7760635172598995e-06,0.9803677797317505,0.0001855127775343135,0.0015328906010836363,0.0019236833322793245,0.0005006311112083495,2.9658851872227388e-06,7.355706475209445e-05
919,0.025252850726246834,1.3237913663033396e-05,0.0006470095249824226,0.0037457181606441736,0.00026381012867204845,0.0013672473141923547,0.005945220123976469,0.00639960914850235,0.6638200879096985,0.02496209740638733,0.006958214100450277,0.008146069943904877,9.824368316913024e-05,0.08112744987010956,0.1581699550151825,5.729961776523851e-05,9.886644693324342e-05,0.012615641579031944,5.375511318561621e-05,0.00025422347243875265
920,0.011575167998671532,5.394159416027833e-06,0.000201400340301916,0.0007320073782466352,0.007538737263530493,7.375483983196318e-05,0.00098149455152452,0.2249222695827484,0.028424696996808052,0.5276101231575012,0.09819481521844864,0.0010125302942469716,3.192243093508296e-05,0.006743282545357943,0.007391295861452818,0.001414136728271842,0.009247085079550743,0.06969337165355682,0.00035696462146006525,0.003846490290015936
921,4.2760464566526935e-05,7.202809797490772e-07,2.420849796180846e-06,4.839776920562144e-06,0.0018902216106653214,1.5474299743800657e-06,5.759959549322957e-06,0.6157759428024292,2.3755185338814044e-06,0.3550737500190735,0.014672406017780304,1.3190801837481558e-05,6.810776994825574e-06,4.466444079298526e-05,3.255817091485369e-06,1.1689267012116034e-05,8.446014544460922e-05,0.012308984063565731,2.0966488591511734e-05,2.6206611437373795e-05
922,0.9655863642692566,2.0944313291693106e-05,5.1802788220811635e-05,0.0005854181945323944,6.362166459439322e-05,0.0025091723073273897,1.4686822396470234e-05,0.00047181147965602577,3.4499964385759085e-05,0.0001476795441703871,0.00014678834122605622,0.0001183634449262172,1.7908590962179005e-05,0.00016680748376529664,2.8551716241054237e-05,0.01847613975405693,0.005506343208253384,0.00595526397228241,4.913673819828546e-06,9.194885933538899e-05
923,0.04171482101082802,3.1475483410758898e-06,0.23284049332141876,0.23784935474395752,0.00015147784142754972,0.11256619542837143,0.006072821095585823,0.0002527845499571413,0.014998259022831917,0.0010306701296940446,0.0005436759092845023,0.11881862580776215,7.376362646027701e-06,0.07991793751716614,0.0030487149488180876,0.11687787622213364,0.03139910846948624,0.001421310706064105,2.1078232748550363e-05,0.000453835615189746
924,0.15253284573554993,4.150192398810759e-05,0.026666512712836266,0.08580262959003448,0.00010923440277110785,0.021459301933646202,0.00820784643292427,0.00018895733228418976,0.04344824329018593,0.0002548251941334456,0.00036864716093987226,0.017395753413438797,8.37399420561269e-06,0.14620639383792877,0.011874495074152946,0.4082457721233368,0.07378450781106949,0.0019032778218388557,2.246834810648579e-05,0.0014682402834296227
925,3.8156536902533844e-05,1.1794939382525627e-05,1.8164895436711959e-06,1.5633962675565272e-06,0.9842395782470703,8.684863246344321e-07,7.64565083954949e-06,0.0004988358705304563,1.2670932392211398e-07,0.009086325764656067,0.0008404203108511865,1.0999174264725298e-06,7.146549592107476e-07,2.8791589556931285e-06,5.617265514956671e-07,1.5309695299947634e-05,5.532583600142971e-05,0.0021116742864251137,3.698424552567303e-05,0.003047322388738394
926,0.00047883173101581633,5.405617571341281e-07,0.007769482675939798,0.00033323297975584865,5.456653525470756e-06,0.0007986875134520233,0.00016706096357665956,2.940438389487099e-05,0.0002551730431150645,1.1471287507447414e-05,2.9005244869040325e-05,0.9799210429191589,3.3853015679596865e-07,0.000538734020665288,4.5407483412418514e-05,0.005923783406615257,0.0035567127633839846,0.00010124433902092278,5.358396606425231e-07,3.265763007220812e-05
927,0.0749949961900711,3.6644385090767173e-06,0.09588354080915451,0.09346767514944077,0.0027624089270830154,0.02219681441783905,0.012308902107179165,0.015103007666766644,0.08222842216491699,0.038114432245492935,0.007815033197402954,0.14439332485198975,3.2895259209908545e-05,0.1259966492652893,0.013859815895557404,0.10583524405956268,0.10956127941608429,0.051915429532527924,0.00015438039554283023,0.0033660694025456905
928,0.9961295127868652,3.219931750209071e-05,1.8770340830087662e-05,3.391565405763686e-05,2.7592117476160638e-05,0.0011631835950538516,4.018173967779148e-06,6.898486753925681e-05,2.457877371853101e-06,3.806644963333383e-05,7.388428639387712e-05,1.4054316125111654e-05,2.4980097350635333e-06,1.7504276911495253e-05,1.8176217508880654e-06,0.00023048659204505384,0.0001999450905714184,0.001919878413900733,9.12005532427429e-07,1.9499351765261963e-05
929,2.3068270820658654e-05,1.5014776181487832e-05,2.6126414809368725e-07,6.579031719411432e-07,0.01841619238257408,1.5391896113214898e-06,8.918878847907763e-06,0.29678723216056824,1.5911855371086858e-06,0.6545800566673279,0.013858615420758724,5.308394975145347e-06,6.384012522175908e-06,5.682847131538438e-06,2.9514967536670156e-06,6.702879545628093e-06,7.149362500058487e-05,0.01595097966492176,4.20666292484384e-05,0.00021147096413187683
930,0.03135432302951813,4.643334250431508e-06,0.023893820121884346,0.017129432410001755,0.0002933635259978473,0.8101005554199219,0.001161886379122734,0.0005862910766154528,0.0012809763429686427,0.001677801483310759,0.0005015050410293043,0.022533511742949486,1.93299292732263e-05,0.009542449377477169,0.0006171644781716168,0.061945799738168716,0.014501236379146576,0.0024423357099294662,4.2440944525878876e-05,0.0003674672625493258
931,0.06318801641464233,4.151188477408141e-05,0.048273470252752304,0.07286854088306427,0.004338277503848076,0.009039824828505516,0.04870354011654854,0.006517244968563318,0.11989803612232208,0.011586500331759453,0.004140516277402639,0.09411419183015823,3.985262810601853e-05,0.19967928528785706,0.0324692502617836,0.13184382021427155,0.09183009713888168,0.036067258566617966,0.00022015943250153214,0.02512584812939167
932,7.343570177908987e-05,1.1999608204860124e-06,1.2211901321279583e-06,2.3211653115140507e-06,0.0017361034406349063,8.986819466372253e-07,7.441778393513232e-07,0.8185207843780518,2.2413844646962389e-07,0.02226216159760952,0.003571193665266037,3.4695367503445596e-06,2.711065690164105e-06,5.13429768034257e-06,6.089966859690321e-07,5.477255399455316e-06,0.0002334707824047655,0.15355631709098816,4.180289579380769e-06,1.3957360351923853e-05
933,0.008551452308893204,3.461726237219409e-06,0.0007667204481549561,0.012320756912231445,4.1271316149504855e-05,0.003416581777855754,0.0040600355714559555,0.00013141323870513588,0.01800101064145565,0.0001034711895044893,0.00023975774820428342,0.0011621775338426232,4.079758582520299e-06,0.8915879726409912,0.007435754872858524,0.03732822835445404,0.013438357971608639,0.0009662993252277374,1.439341031073127e-05,0.00042284096707589924
934,0.017744380980730057,2.647691417223541e-06,0.6893354654312134,0.09155333042144775,0.0003990842087659985,0.01590852439403534,0.0015460381982848048,0.0008527581812813878,0.0018421720014885068,0.001994471764191985,0.00039357764762826264,0.06333475559949875,3.0931071250961395e-06,0.012404701672494411,0.00028475018916651607,0.0732078105211258,0.025216056033968925,0.003263210877776146,2.3143369617173448e-05,0.0006853329832665622
935,0.7947168350219727,0.00011568928312044591,0.00017554833902977407,0.000258946034591645,1.9668254026328214e-05,0.04113130271434784,2.4076318368315697e-05,5.2982377383159474e-05,3.79715820599813e-05,3.0454015359282494e-05,6.134211434982717e-05,3.305471909698099e-05,9.783104360394645e-06,0.0001615294168004766,3.3704731322359294e-05,0.1537380814552307,0.007847595028579235,0.001486990018747747,3.989976448792731e-06,5.2787796448683366e-05
936,4.6369801566470414e-05,5.929936833126703e-06,1.5100360997166717e-06,3.498298838167102e-06,0.6405022740364075,3.2018815545598045e-06,1.0396599464002065e-05,0.13491873443126678,4.778423203788407e-07,0.21293392777442932,0.0038886861875653267,5.671288363373606e-07,1.7767488316167146e-05,1.435823014617199e-05,3.1599342946719844e-06,1.4717983503942378e-05,4.131123569095507e-05,0.006310486234724522,0.00015620225167367607,0.001118843094445765
937,0.08960146456956863,8.550608072255272e-06,0.2501108646392822,0.14787109196186066,0.0009723271359689534,0.008075517602264881,0.005906461272388697,0.006881857290863991,0.009748577140271664,0.005837360862642527,0.0034066385123878717,0.006279964465647936,1.0032546924776398e-05,0.1465807855129242,0.0024278198834508657,0.14148801565170288,0.13730265200138092,0.034951597452163696,0.00017744337674230337,0.0023499573580920696
938,0.4036644697189331,1.4188438399287406e-05,0.003664638614282012,0.011708984151482582,0.002698778174817562,0.002991922665387392,0.0014204144245013595,0.02927245944738388,0.002929402282461524,0.025410927832126617,0.006718158721923828,0.007719508372247219,1.6486195818288252e-05,0.018236543983221054,0.0009327466832473874,0.1688157171010971,0.1969067007303238,0.11279337853193283,0.00013843522174283862,0.003913760185241699
939,0.007947106845676899,3.712718898896128e-05,8.036813233047724e-05,0.0002125653118127957,0.00039920248673297465,0.00013744705938734114,2.9103275664965622e-05,0.04493900015950203,5.858110853296239e-06,0.006544672418385744,0.016965610906481743,0.0004290826036594808,7.2864008870965336e-06,0.0005743052461184561,6.887365088914521e-06,0.004296478815376759,0.6385473608970642,0.278760701417923,3.0636297196906526e-06,6.23506202828139e-05
940,0.423623263835907,1.4896464563207701e-05,0.0015285883564502,0.0022033548448234797,0.0017447948921471834,0.0048172688111662865,0.0016834537964314222,0.0039029517211019993,0.0017073701601475477,0.0027991801034659147,0.003574459347873926,0.291716068983078,7.68039626564132e-06,0.009937508031725883,0.001126494724303484,0.195079043507576,0.04328687861561775,0.008120682090520859,6.773444329155609e-05,0.003046970581635833
941,0.05421353131532669,2.462982138240477e-06,0.3376299738883972,0.40666723251342773,0.0008949332986958325,0.0034030366223305464,0.001549798296764493,0.004379771649837494,0.004188569728285074,0.011011469177901745,0.0020332031417638063,0.06356053799390793,3.712199713845621e-06,0.038611188530921936,0.0007529936847276986,0.03173850104212761,0.025779472663998604,0.012056740932166576,5.914738358114846e-05,0.001453748787753284
942,0.9698891639709473,4.739561063615838e-06,4.94122868985869e-05,0.0007920591160655022,5.340251300367527e-05,0.002532866084948182,1.0530490726523567e-05,0.0005559362471103668,2.6570600311970338e-05,0.0006027360213920474,0.00026415480533614755,7.784423360135406e-05,2.6182408419117564e-06,0.0001712716039037332,3.3077991247409955e-05,0.005580227356404066,0.004915280733257532,0.014288862235844135,2.3475971829611808e-05,0.00012204224185552448
943,7.017785264906706e-06,6.320241823232209e-07,2.0286647668399382e-06,3.05869093608635e-06,0.004685497842729092,1.7961835965252249e-06,1.7233088556167786e-06,0.43324047327041626,2.937610474873509e-07,0.5456699728965759,0.0020247616339474916,3.669403668027371e-06,2.098012737405952e-05,3.649768814284471e-06,1.628154564059514e-06,5.688478722731816e-06,3.994179132860154e-05,0.014232194051146507,6.999197466939222e-06,3.945631760871038e-05
944,0.03616698831319809,3.3973958579736063e-06,0.07403194904327393,0.0922795757651329,0.0005553043447434902,0.04275098815560341,0.0011447746073827147,0.002801748225465417,0.001200982485897839,0.003934801090508699,0.0014770780690014362,0.1259363442659378,2.2360844013746828e-05,0.037726011127233505,0.0002822443493641913,0.3140060305595398,0.2538521885871887,0.011016342788934708,3.522520637488924e-05,0.0007638813112862408
945,0.019791211932897568,8.244739547080826e-06,0.013368996791541576,0.052316270768642426,0.00024250056594610214,0.0036033804062753916,0.009122399613261223,0.003437892533838749,0.1913374364376068,0.005360924173146486,0.0028023947961628437,0.03977804630994797,3.4068227250827476e-05,0.49115222692489624,0.01914212480187416,0.052502792328596115,0.08179646730422974,0.01293187402188778,9.642166332923807e-06,0.0012352823978289962
946,1.4638032553193625e-05,8.964085509433062e-07,3.4547537097751047e-07,6.288152007982717e-07,8.590607467340305e-05,1.550444750364477e-07,1.990139963936599e-07,0.9047447443008423,1.7420732945083728e-07,0.03816331550478935,0.0032006697729229927,8.531032449354825e-07,4.354990039701079e-07,8.53384847232519e-07,3.1336540473603236e-07,1.2717979416265734e-06,6.538843445014209e-05,0.05371122062206268,2.933020937234687e-07,2.0468592083489057e-06
947,0.0036657860036939383,1.9747831174754538e-06,0.00012466103362385184,0.007966563105583191,0.00015134071873035282,0.00225569074973464,0.0007808144437149167,0.0003505581698846072,0.0032631270587444305,0.0002928530448116362,0.0003743404522538185,0.000704464502632618,8.74916440807283e-06,0.9594377279281616,0.0016160315135493875,0.006397781893610954,0.01150389015674591,0.0008333930745720863,1.3631852198159322e-05,0.0002538544067647308
948,0.018790245056152344,1.4376023500517476e-06,0.5499833822250366,0.21135753393173218,0.0006726513965986669,0.039010029286146164,0.0016761089209467173,0.0014385308604687452,0.0012305539567023516,0.002065348671749234,0.00046081762411631644,0.06157304346561432,4.49669732915936e-06,0.014490787871181965,0.00023088535817805678,0.04708467051386833,0.04094333201646805,0.007756600622087717,3.147398092551157e-05,0.001175805227831006
949,0.0493689626455307,3.1754445899423445e-06,4.276940308045596e-05,0.0003920842718798667,0.0004813811101485044,8.491818880429491e-05,3.723763074958697e-05,0.022175680845975876,3.954244311898947e-05,0.011486473493278027,0.0027069710195064545,7.130826998036355e-05,2.898768343584379e-06,0.0007893411675468087,4.8480953410035e-05,0.0028390749357640743,0.020431898534297943,0.8883570432662964,2.178856811951846e-05,0.0006167737301439047
950,0.009473622776567936,9.466328265261836e-06,6.1042551351420116e-06,1.2469530702219345e-05,0.0004518006753642112,1.3690673767996486e-05,1.1741727803382673e-06,0.04539145156741142,3.9445833266427144e-08,0.005305404309183359,0.0008282630005851388,7.835395081201568e-06,5.20937874171068e-06,9.068922736332752e-06,9.446190318840308e-08,0.00016996391059365124,0.0015064949402585626,0.9367780089378357,2.84334009847953e-06,2.5882698537316173e-05
951,0.005757331382483244,9.672488658907241e-07,0.03192315995693207,0.00436839135363698,0.00017612904775887728,0.0026224099565297365,0.0007286302861757576,0.0015109209343791008,0.0002404683909844607,0.0011062470730394125,0.0004232731880620122,0.8426862359046936,1.5713853827037383e-06,0.003908229060471058,6.993352872086689e-05,0.04628001153469086,0.05420520156621933,0.0035992125049233437,1.4706219189974945e-05,0.0003699684457387775
952,0.09827081114053726,5.423274160420988e-06,0.04385744780302048,0.047645535320043564,0.0004194126231595874,0.0047530848532915115,0.0030577208381146193,0.006023528520017862,0.010958706960082054,0.010337403044104576,0.0025332418736070395,0.05578131973743439,2.2882712073624134e-05,0.0667693018913269,0.0013570961309596896,0.2752567231655121,0.3530125021934509,0.01872456818819046,1.7280886822845787e-05,0.0011805146932601929
953,5.625451740343124e-05,3.941566774301464e-06,0.008885147981345654,0.002235210267826915,1.9527510630723555e-06,0.00037068084930069745,0.008605710230767727,1.9623932985268766e-06,9.088019396585878e-06,7.370884759438923e-06,6.084573669795645e-06,0.9410838484764099,1.0834053682629019e-05,0.0372876301407814,1.1167659977218136e-05,0.0004697180411312729,0.000898898346349597,1.0138340257981326e-05,2.2421272660722025e-07,3.346467929077335e-05
954,0.8299112319946289,2.2757158149033785e-05,0.0002391182497376576,0.0006481146556325257,0.0003819262492470443,0.04403146356344223,0.0005657157162204385,0.00035502747050486505,0.0006311418255791068,0.0002140610886272043,0.00041119172237813473,0.002731387736275792,3.1087004117580364e-06,0.0029400689527392387,0.0011109457118436694,0.08531917631626129,0.027219699695706367,0.002471702639013529,1.7522073903819546e-05,0.0007668958860449493
955,0.09368497878313065,1.83825784461078e-06,0.2316979169845581,0.42980411648750305,0.0007071506697684526,0.009196470491588116,0.0028196703642606735,0.010588639415800571,0.006270447745919228,0.015485809184610844,0.0027151398826390505,0.054242491722106934,7.318506504816469e-06,0.09553506970405579,0.001476461417041719,0.003330736653879285,0.0020824740640819073,0.039074644446372986,4.265260213287547e-05,0.0012236111797392368
956,0.911731481552124,3.4102831705240533e-06,0.0007501733489334583,0.0011650621891021729,0.0002952702925540507,0.0028264212887734175,0.00013665227743331343,0.0024262063670903444,9.326851431978866e-05,0.0012767488369718194,0.000817516294773668,0.0008560644928365946,9.821076673688367e-06,0.001057123183272779,4.3683816329576075e-05,0.024298982694745064,0.01970747485756874,0.03199087828397751,2.1062438463559374e-05,0.0004915899480693042
957,4.849039760301821e-05,5.504539785761153e-06,1.1875101790792542e-06,1.7120772781709093e-06,0.004224949050694704,3.2855004974408075e-06,5.2596660680137575e-06,0.07827611267566681,3.0310241072584176e-07,0.8976964354515076,0.004059909842908382,1.0773802614494343e-06,1.7370386558468454e-05,3.585982267395593e-05,2.6922582492261427e-06,3.716664286912419e-05,0.0002970858768094331,0.015141348354518414,1.1953599823755212e-05,0.00012898011482320726
958,0.0073829828761518,2.501695007595117e-06,0.06735400855541229,0.014472820796072483,8.396395423915237e-05,0.03527721017599106,0.0006316716317087412,0.00043528247624635696,0.0009139683097600937,0.00034526799572631717,0.0002767510013654828,0.5894614458084106,6.117943939898396e-06,0.0155459800735116,0.00024768567527644336,0.17474402487277985,0.09167023748159409,0.0009321436518803239,4.511566658038646e-06,0.0002095295931212604
959,0.032364316284656525,1.3431084880721755e-05,0.11635411530733109,0.05158230662345886,0.004042571876198053,0.0289350263774395,0.00777830695733428,0.01028166152536869,0.018015971407294273,0.024472331628203392,0.003999704495072365,0.30985188484191895,4.1924511606339365e-05,0.06673874706029892,0.002411032095551491,0.1324021965265274,0.1574208289384842,0.027945145964622498,7.706105679972097e-05,0.005261863581836224
960,0.000733333989046514,2.679546469153138e-06,1.4145716704661027e-06,4.528408680926077e-06,0.004443927202373743,4.813675786863314e-06,4.91900618726504e-06,0.017412928864359856,1.841651510403608e-06,0.9473748207092285,0.00788845308125019,5.452965524455067e-06,2.2130907382234e-06,1.4908169760019518e-05,2.551686293372768e-06,2.091814167215489e-06,3.983443821198307e-05,0.021918555721640587,1.1144085874548182e-05,0.0001273019443033263
961,0.18091310560703278,5.3719555580755696e-05,0.0005158789572305977,0.003829046618193388,0.016767989844083786,0.011467442847788334,0.001065096235834062,0.05375167727470398,0.003407339798286557,0.01514456607401371,0.032940395176410675,0.01487750094383955,8.760227501625195e-05,0.02780793607234955,0.0010137964272871614,0.08857158571481705,0.36398011445999146,0.1792772114276886,0.00012912812235299498,0.0043900818563997746
962,0.04960152879357338,4.708182132162619e-06,0.08510014414787292,0.060221221297979355,0.0006704535335302353,0.15306022763252258,0.006336171645671129,0.003967082593590021,0.024991441518068314,0.005677773617208004,0.0014916467480361462,0.16244398057460785,0.00017108707106672227,0.08633530139923096,0.005475893151015043,0.19399237632751465,0.14148299396038055,0.0175179336220026,3.43465871992521e-05,0.0014157474506646395
963,0.0047341142781078815,1.4566238633051398e-06,0.08085117489099503,0.48344990611076355,4.369405360193923e-05,0.007059718482196331,0.005398699548095465,8.880943641997874e-05,0.0017932858318090439,0.0002154451358364895,0.0001976974162971601,0.0020330690313130617,8.783075827523135e-06,0.3864094913005829,0.0005458535742945969,0.01742500066757202,0.008330278098583221,0.0006402403814718127,5.458884061226854e-06,0.0007660735282115638
964,0.0008787918486632407,1.8807673768606037e-05,1.1743540198949631e-05,1.8430009731673636e-05,0.011540805920958519,1.5766940123285167e-05,8.62208707985701e-06,0.04921289533376694,7.212379387055989e-07,0.6239479780197144,0.22748318314552307,1.698945379757788e-05,7.974051186465658e-06,0.00023475984926335514,2.703250856939121e-06,0.0003922907344531268,0.002823261544108391,0.08324512094259262,2.899450009863358e-05,0.00010827631922438741
965,0.04452762380242348,1.664456476646592e-06,0.09880105406045914,0.07827681303024292,5.205778870731592e-05,0.1394289880990982,0.0016300291754305363,0.0002154233807232231,0.0033767614513635635,0.00015104733756743371,0.00020915402274113148,0.21900391578674316,7.428535172948614e-05,0.11023136228322983,0.0009904358303174376,0.25769370794296265,0.04363463819026947,0.001349781290628016,5.621377567877062e-06,0.00033929807250387967
966,0.016435200348496437,7.0078754106361885e-06,0.24589405953884125,0.040868859738111496,0.0003003073506988585,0.021700527518987656,0.002291369251906872,0.0021869922056794167,0.007349498104304075,0.0023687349166721106,0.0005829129950143397,0.2832357585430145,2.8850050512119196e-05,0.02524142898619175,0.0007268970366567373,0.17042526602745056,0.17251141369342804,0.006919142324477434,1.7313721400569193e-05,0.0008991282084025443
967,0.016829395666718483,1.122248522733571e-05,0.03317834064364433,0.021650802344083786,0.00014121065032668412,0.028265533968806267,0.010525297373533249,0.00029793684370815754,0.005456141661852598,0.001044483738951385,0.0017826398834586143,0.6078065633773804,1.5588813766953535e-05,0.10588974505662918,0.002490564249455929,0.13065360486507416,0.030354758724570274,0.0022551286965608597,6.528972789965337e-06,0.0013380520977079868
968,0.002022963482886553,6.37938646832481e-05,8.259999958681874e-06,3.759120954782702e-05,0.9697375297546387,0.00030086495098657906,4.563735637930222e-05,0.005363152362406254,1.5287125279428437e-05,0.008596586063504219,0.0027009372133761644,5.233177216723561e-05,3.937299425160745e-06,0.000226276766625233,2.1367861336329952e-05,0.0006090612150728703,0.0006359588005580008,0.003066226141527295,0.0003584504302125424,0.006126708816736937
969,0.04639029875397682,6.497230060631409e-06,0.07655622065067291,0.040851838886737823,0.00017289114475715905,0.7231644988059998,0.0016541460063308477,0.0013060488272458315,0.002415336901322007,0.0014474348863586783,0.0009045053157024086,0.05604123696684837,0.00013572763418778777,0.03331022337079048,0.0008011746685951948,0.0045394632034003735,0.0019563098903745413,0.007925769314169884,3.088036100962199e-05,0.00038375050644390285
970,0.905702531337738,1.1975588677159976e-05,0.008318865671753883,0.017484789714217186,9.624974336475134e-05,0.02294781059026718,0.00028305104933679104,0.0005976345273666084,0.0006096508586779237,0.0005434422055259347,0.0004780827439390123,0.00037760462146252394,0.0001319661969318986,0.006402911152690649,0.0001605162542546168,0.020378688350319862,0.005847487132996321,0.009364629164338112,5.31199748365907e-06,0.0002517176908440888
971,0.00014739515609107912,3.1381118787976447e-06,2.4081971332634566e-06,4.4495304791780654e-06,0.0029557712841778994,1.5117615248527727e-06,3.2577747788309352e-06,0.4576290547847748,1.3133798120179563e-06,0.22180575132369995,0.015386806800961494,6.377570684890088e-07,6.107949502620613e-06,4.0439343138132244e-05,2.2572230591322295e-06,3.181636202498339e-05,0.0035604634322226048,0.29833894968032837,4.508636266109534e-06,6.879055581521243e-05
972,0.01264424342662096,5.591711669694632e-06,0.0024719987995922565,0.0013035311130806804,0.00017400115029886365,0.10155347734689713,0.000818223285023123,4.8830625019036233e-05,0.00038294115802273154,5.048345701652579e-05,5.616105772787705e-05,0.042282991111278534,1.8420483684167266e-05,0.0030377195216715336,0.0002732342982199043,0.8049029111862183,0.02882964350283146,0.00010885266965487972,2.0602024960680865e-05,0.0010125446133315563
973,0.022935116663575172,7.793953955115285e-06,0.058885883539915085,0.014213791117072105,0.00032797831227071583,0.05857063829898834,0.0013314016396179795,0.0015295838238671422,0.006404583808034658,0.0023581322748214006,0.0006459126016125083,0.23189686238765717,2.732763095991686e-05,0.016231738030910492,0.0012838898692280054,0.41377100348472595,0.16396357119083405,0.004965109750628471,1.197399524244247e-05,0.0006258743233047426
974,0.14315252006053925,0.00018421893764752895,0.0003794619988184422,0.001988982316106558,0.0005372304003685713,0.002623858628794551,0.0009746738360263407,0.0019890551920980215,0.0012254196917638183,0.003695844206959009,0.006450887769460678,0.007864229381084442,2.585016227385495e-05,0.01752210222184658,0.000695201859343797,0.5830060243606567,0.21106034517288208,0.014775548130273819,3.421358633204363e-05,0.0018111651297658682
975,0.0049482109025120735,0.00033408799208700657,1.3180907671994646e-06,3.268380169174634e-05,0.008592852391302586,7.961353549035266e-05,2.0966741431038827e-05,0.11537843197584152,4.258177796145901e-06,0.630564272403717,0.08175195008516312,4.936222467222251e-05,6.546991698996862e-06,0.0004144629056099802,6.224151547939982e-06,0.0006719926605001092,0.004649626091122627,0.15187181532382965,4.6524510253220797e-05,0.000563809007871896
976,0.0338488407433033,7.3583805715315975e-06,0.07178785651922226,0.05087529867887497,0.0003636351029854268,0.21354612708091736,0.0035759005695581436,0.0010780858574435115,0.007050999905914068,0.0017278818413615227,0.0013862065970897675,0.20931459963321686,0.0002215356653323397,0.12222009152173996,0.0024512375239282846,0.1827959418296814,0.09169867634773254,0.004996753763407469,3.652400482678786e-05,0.0010101813822984695
977,0.004323094617575407,1.0199690905210446e-06,0.6949161291122437,0.2072906643152237,2.813847822835669e-05,0.005757264327257872,0.0005844248225912452,0.00029872648883610964,0.001625100732780993,0.0004889608826488256,0.00018940033623948693,0.021206803619861603,8.403197170991916e-06,0.03757479786872864,0.0002071283379336819,0.01184272114187479,0.011883359402418137,0.0016738798003643751,1.929514382936759e-06,9.034608956426382e-05
978,8.547942707082257e-05,6.642371317866491e-06,7.520661142734753e-07,4.871329792877077e-07,0.00013242063869256526,1.599482175151934e-06,1.0809629884533933e-06,0.8532305955886841,4.755958400437521e-07,0.012285429053008556,0.004001227673143148,2.0787383618880995e-06,1.812140482115865e-07,5.656554094457533e-06,2.7482988684823795e-07,1.0349419426347595e-05,0.000931915536057204,0.12929312884807587,3.9800895024200145e-07,8.190664630092215e-06
979,0.05527045205235481,0.0001012654829537496,0.007896995171904564,0.006051170639693737,0.0385618656873703,0.003522452898323536,0.011889767833054066,0.02248203195631504,0.001317002228461206,0.0273385401815176,0.01861722022294998,0.11468696594238281,6.329530151560903e-05,0.03768441081047058,0.001391869387589395,0.333965539932251,0.052396297454833984,0.025424299761652946,0.0008549370104447007,0.24047768115997314
980,0.08378034830093384,1.2387058632157277e-05,0.22545231878757477,0.047159697860479355,0.00213365419767797,0.07444557547569275,0.0035771839320659637,0.005105027928948402,0.012584500014781952,0.012682913802564144,0.0018631148850545287,0.18948297202587128,3.1260078685591e-05,0.036918673664331436,0.004103515297174454,0.19365942478179932,0.0875457227230072,0.016021549701690674,7.614092464791611e-05,0.0033515256363898516
981,6.58919962006621e-05,2.7644600777421147e-05,7.951026782393456e-05,0.00012647444964386523,4.0610502765048295e-06,0.00039400995592586696,0.0012470486108213663,1.878251350717619e-05,0.0033006242010742426,4.5435503125190735e-05,1.884475386759732e-05,0.0005410529556684196,8.490821528539527e-06,0.0015981397591531277,0.9917528033256531,0.0005559295532293618,0.00013879549806006253,2.3499063900089823e-05,2.276725717820227e-05,2.885484900616575e-05
982,0.00010034283332061023,4.878925028606318e-05,6.251041668292601e-06,3.187655602232553e-05,0.003959746100008488,6.121932528913021e-06,7.697841283516027e-06,0.05148640647530556,2.927938339780667e-06,0.9116162657737732,0.013554074801504612,1.1779869964811951e-05,2.7863719878951088e-05,0.00027581272297538817,8.388896276301239e-06,2.4895784008549526e-05,0.00018343672854825854,0.018597720190882683,1.2289424375921953e-05,3.294756970717572e-05
983,0.0002693651185836643,1.0339230271938504e-07,0.9445430636405945,0.0461207740008831,4.818691650143592e-06,0.0006652303854934871,3.6483856092672795e-05,1.6226229490712285e-05,3.32569979946129e-05,1.3226360351836774e-05,6.831188329670113e-06,0.006343632936477661,1.597378968654084e-06,0.0004551268939394504,7.496599664591486e-06,0.000770287704654038,0.0005727768293581903,9.590047557139769e-05,5.433035994428792e-07,4.086157423444092e-05
984,0.0970466136932373,9.081232747121248e-06,0.011401977390050888,0.021682200953364372,0.0010992129100486636,0.005746263545006514,0.009518299251794815,0.018229959532618523,0.337665319442749,0.01609690673649311,0.004737054463475943,0.048323363065719604,1.529316978121642e-05,0.11092721670866013,0.07056928426027298,0.06301703304052353,0.12115814536809921,0.05969531834125519,6.141011544968933e-05,0.0029926698189228773
985,0.0019827450159937143,1.1802409062511288e-05,5.4226420616032556e-06,7.53763106331462e-06,0.001479163533076644,1.9093016817350872e-05,6.238054993445985e-06,0.3309970200061798,1.5177163277257932e-06,0.27624574303627014,0.011497114785015583,5.5843036534497514e-05,6.616045084228972e-06,9.523476182948798e-05,2.1537857719522435e-06,0.00020599486015271395,0.0012635322054848075,0.3759891390800476,5.495794994203607e-06,0.00011910409375559539
986,0.0004958294448442757,1.775287898908573e-07,0.0010538012720644474,0.9851765632629395,8.026689101825468e-06,6.992752605583519e-05,5.337831316865049e-05,7.474012818420306e-05,0.0002354939206270501,5.204215631238185e-05,7.200401887530461e-05,0.0002728382241912186,1.184609914162138e-06,0.00845377054065466,4.029240881209262e-05,0.0010438112076371908,0.0026334975846111774,0.00020603809389285743,1.1501040262373863e-06,5.479751780512743e-05
987,0.8950718641281128,2.050386683549732e-05,0.00018764578271657228,0.00032629675115458667,0.00023130359477363527,0.026209302246570587,3.7045861972728744e-05,0.0006380622508004308,6.105267675593495e-05,0.0005327695398591459,0.0004417052259668708,0.0012869294732809067,4.706099389295559e-06,0.0003794295771513134,7.171521428972483e-05,0.056301359087228775,0.012449354864656925,0.005500605795532465,4.861779416387435e-06,0.00024240478524006903
988,0.017129212617874146,1.2756054275087081e-05,0.6464642286300659,0.13306991755962372,0.00029434828320518136,0.031198229640722275,0.0026379472110420465,0.0001821976766223088,0.00033586868084967136,0.0006451569497585297,0.0004294576356187463,0.10866885632276535,1.6716621757950634e-06,0.025004183873534203,0.00017728740931488574,0.024744972586631775,0.006072094663977623,0.0007985447300598025,2.0006957129226066e-05,0.002099265344440937
989,0.6339167952537537,7.445929804816842e-05,0.0007506301044486463,0.003046998055651784,0.0019314221572130919,0.007535773795098066,0.0001871852728072554,0.062291134148836136,5.905091893509962e-05,0.059704504907131195,0.015420514158904552,0.004435017239302397,5.022595723858103e-05,0.017100896686315536,0.00017679858137853444,0.049159690737724304,0.04421044886112213,0.09946569055318832,2.630769813549705e-05,0.0004548639408312738
990,0.0058225179091095924,2.0898876300634583e-06,0.00016695488011464477,0.005514218937605619,7.156821084208786e-05,0.00060793396551162,0.0014477873919531703,0.0002379565266892314,0.001733129844069481,0.0017033604672178626,0.0007068785489536822,0.0012343109119683504,2.234428029623814e-05,0.9733045101165771,0.0014369417913258076,0.0036975585389882326,0.0016805832274258137,0.0004460404743440449,7.382794592558639e-06,0.00015497615095227957
991,0.012762137688696384,0.00012322021939326078,0.00013110696454532444,0.0002864300040528178,0.02157219685614109,0.0006699510850012302,0.0005224306369200349,0.1368323117494583,0.00035574098001234233,0.0648154690861702,0.025497321039438248,0.0031587800476700068,3.302190452814102e-05,0.0017448492581024766,0.0004975673509761691,0.005356956738978624,0.13720984756946564,0.5591118335723877,0.00040706421714276075,0.028910191729664803
992,0.0006915231351740658,2.250578972962103e-06,0.8392245769500732,0.008350961841642857,4.753612302010879e-05,0.005842472426593304,0.002683610888198018,3.0790219170739874e-05,1.5187024473561905e-05,5.0971102609764785e-05,3.170081618009135e-05,0.12907421588897705,2.860156428141636e-06,0.002166229533031583,1.2695698387688026e-05,0.010038088075816631,0.0012653121957555413,4.945804175804369e-05,5.095017513667699e-06,0.0004131371097173542
993,0.00033694165176711977,1.1359630661900155e-05,2.9683867978747003e-05,6.375922384904698e-05,7.299341177713359e-06,0.00042046670569106936,0.004153219051659107,3.084447234869003e-05,0.012459319084882736,0.00010464556544320658,3.697882857522927e-05,0.0014365779934450984,4.816917862626724e-05,0.0024493783712387085,0.9767957925796509,0.0010922340443357825,0.0004375361604616046,4.167303632129915e-05,1.631433769944124e-05,2.581351509434171e-05
994,0.0031550254207104445,8.889377568266355e-06,2.597538332338445e-05,0.0002680883917491883,0.004660735838115215,4.0626426198286936e-05,0.0003535092109814286,0.0900009423494339,0.00039194736746139824,0.8152580857276917,0.02470984309911728,5.8838319091591984e-05,2.566152579674963e-05,0.007827607914805412,0.0009640883654356003,0.00036046848981641233,0.0017330644186586142,0.04849671944975853,0.00010853527783183381,0.0015506824711337686
995,0.0023112185299396515,1.5172531675489154e-05,2.2231230104807764e-05,8.978243567980826e-05,0.001394182676449418,4.356293356977403e-05,5.465965296025388e-05,0.8268464803695679,9.637339098844677e-05,0.030172595754265785,0.011811734177172184,0.0007125017000362277,2.2729332158633042e-06,0.00032546857255510986,6.884212052682415e-05,0.0005346536636352539,0.006392274983227253,0.1186106875538826,2.0710445824079216e-05,0.0004721875593531877
996,0.02823433093726635,3.832252696156502e-05,0.011832095682621002,0.011627981439232826,0.0006952949333935976,0.02046634815633297,0.002783218864351511,0.0015729611041024327,0.0014940827386453748,0.0016174234915524721,0.0015933822141960263,0.3417493402957916,3.056716377614066e-05,0.032198723405599594,0.003242697101086378,0.35711362957954407,0.1784783899784088,0.003527347231283784,4.0408271161140874e-05,0.0016630219761282206
997,0.04357220605015755,3.34341821144335e-05,0.0008503393619321287,0.0005117306136526167,0.0001829771208576858,0.8464711904525757,0.00043313964852131903,0.00015037729463074356,0.00016773384413681924,0.00038766744546592236,0.00019570054428186268,0.03243192657828331,0.0004890402778983116,0.001616086345165968,0.0009341569384559989,0.06403286010026932,0.0067440783604979515,0.0005351167637854815,3.147435199934989e-05,0.00022806513879913837
998,2.3524346033809707e-05,7.322502369788708e-06,2.645261338329874e-05,7.545083644799888e-05,2.223784122179495e-06,0.00011707124212989584,0.0012708976864814758,3.1004717584437458e-06,0.009745764546096325,5.986012183711864e-06,6.891717930557206e-06,0.0003270275774411857,0.000164374869200401,0.0023790684062987566,0.9854562878608704,0.00023833273735363036,8.948223694460467e-05,4.483089924178785e-06,1.0375582860433497e-05,4.4818782043876126e-05
999,0.0003641863586381078,5.056434383732267e-05,3.980433575634379e-06,2.247584779979661e-05,0.0036715336609631777,2.4105362172122113e-05,8.520539995515719e-05,0.026106156408786774,8.492555025441106e-06,0.9350703954696655,0.025987425819039345,1.4081600966164842e-05,2.02723440452246e-05,0.000683931284584105,2.144687096006237e-05,0.00021710246801376343,0.0006852455553598702,0.006714062299579382,3.465783811407164e-05,0.000212578903301619
1000,0.16034841537475586,2.8655422283918597e-05,0.002937250304967165,0.0036291726864874363,0.0012488880893215537,0.010411057621240616,0.004446313716471195,0.007070195861160755,0.001804595929570496,0.02312619239091873,0.0054910616017878056,0.20201590657234192,0.00019632326439023018,0.07092035561800003,0.004456912167370319,0.20074285566806793,0.28337520360946655,0.01568751223385334,3.095306601608172e-05,0.002030912321060896
1001,0.42843344807624817,3.679840301629156e-05,0.00038200023118406534,0.0011963258730247617,0.0032126151490956545,0.014339505694806576,0.0005666310316883028,0.044946081936359406,0.0005463869892992079,0.07603580504655838,0.017910242080688477,0.0051783425733447075,0.00027074289391748607,0.00903566088527441,0.0008213629480451345,0.08242897689342499,0.11711800843477249,0.195703387260437,8.011383761186153e-05,0.0017548270989209414
1002,0.0010020968038588762,1.7822989320848137e-05,2.9285085929586785e-06,7.296077455976047e-06,0.009373681619763374,1.5597657693433575e-05,4.365540007711388e-05,0.030931217595934868,6.791120085836155e-06,0.9244793057441711,0.01672043651342392,1.8318099819225608e-06,1.063368563336553e-05,0.00020250682428013533,1.8948350771097466e-05,9.77501185843721e-05,0.00036209015524946153,0.01512052956968546,0.00016815229901112616,0.0014151345239952207
1003,0.0005458944360725582,1.1430387530708686e-05,0.00644260598346591,0.001488617155700922,2.377084456384182e-05,0.0010021886555477977,0.0022936160676181316,5.119525667396374e-05,0.0003935081767849624,2.6616649847710505e-05,4.244191222824156e-05,0.9276888370513916,6.463954832724994e-06,0.01368692796677351,0.00024094516993500292,0.030533112585544586,0.01518210768699646,0.000106419698568061,2.6200307274848456e-06,0.00022963713854551315
1004,0.41959691047668457,2.5274646759498864e-05,0.0022180157247930765,0.00389502989128232,0.004544917959719896,0.036176349967718124,0.0022047192323952913,0.014217295683920383,0.0004789787344634533,0.03624876216053963,0.013325007632374763,0.034829430282115936,0.00015539934975095093,0.021670861169695854,0.0009915995178744197,0.22997182607650757,0.14415933191776276,0.03182508796453476,0.00011128292680950835,0.0033514443784952164
1005,0.007277423981577158,3.5002012737095356e-05,0.00017598261183593422,0.0004139007069170475,0.5277304649353027,0.00021170059335418046,0.004960751160979271,0.005909142084419727,0.000450660299975425,0.029470300301909447,0.004959906917065382,7.818264566594735e-05,6.584024959011003e-06,0.010981510393321514,0.0006438754498958588,0.0018951353849843144,0.0022599201183766127,0.00602648826315999,0.026718253269791603,0.3697938621044159
1006,0.04179824888706207,0.0004956724587827921,1.4027600627741776e-05,8.901340333977714e-05,0.0035588950850069523,0.0003671477606985718,0.00011713241110555828,0.06026633456349373,5.2447488997131586e-05,0.015212570317089558,0.013866706751286983,0.00036176980938762426,8.766744031163398e-06,0.0006014686077833176,6.072560427128337e-05,0.005559331271797419,0.13904930651187897,0.7176547646522522,3.33484640577808e-05,0.0008309675031341612
1007,0.07559402287006378,2.772791231109295e-05,0.011466225609183311,0.01567266322672367,0.00021282465604599565,0.022053152322769165,0.0011990390485152602,0.0004995669587515295,0.0007233486394397914,0.000586821639444679,0.0007787687936797738,0.0693230926990509,1.6029573089326732e-05,0.030219361186027527,0.0007883606012910604,0.6150281429290771,0.15341590344905853,0.0018194678705185652,1.3535366633732338e-05,0.0005596405826508999
1008,0.07543881237506866,7.029090284049744e-06,0.020626038312911987,0.020562350749969482,0.0011818925850093365,0.05171886831521988,0.006540418602526188,0.002331688767299056,0.0025794089306145906,0.011972839012742043,0.005131910089403391,0.22408385574817657,0.0002502263232599944,0.13619360327720642,0.0022694705985486507,0.2276153266429901,0.2036847174167633,0.00541714346036315,6.772312190150842e-05,0.0023245085030794144
1009,0.08665505796670914,0.00046797835966572165,0.0022127910051494837,0.04762503132224083,0.0013255068333819509,0.06717213243246078,0.0077533661387860775,0.0043957047164440155,0.007024537771940231,0.0069976686500012875,0.009677467867732048,0.052211303263902664,3.727745934156701e-05,0.33336493372917175,0.004896288737654686,0.19410978257656097,0.15588060021400452,0.013421711511909962,0.00014502173871733248,0.004624069202691317
1010,0.011372130364179611,2.1327023205230944e-05,0.00021570366516243666,0.002400805475190282,0.01112876832485199,0.0014503310667350888,0.001565936952829361,0.048571206629276276,0.0012249113060534,0.7321792840957642,0.05878326669335365,0.005506032612174749,4.991411969967885e-06,0.05153704807162285,0.0035416276659816504,0.01424618624150753,0.014928857795894146,0.035660695284605026,0.00038051672163419425,0.005278104450553656
1011,0.19875068962574005,1.1748980796255637e-05,0.0034200127702206373,0.009142940863966942,0.0029594581574201584,0.014207541942596436,0.0015991737600415945,0.032680392265319824,0.0008403066894970834,0.0264256801456213,0.00882647279649973,0.022680556401610374,0.00038980928366072476,0.01910720393061638,0.0010184781858697534,0.14951848983764648,0.4386526048183441,0.06661446392536163,9.954797133104876e-05,0.0030522311571985483
1012,0.057861387729644775,9.553495146974456e-06,0.019204288721084595,0.03239523246884346,0.0015956009738147259,0.02240535244345665,0.022208770737051964,0.007101124618202448,0.1310356706380844,0.020031442865729332,0.004637133330106735,0.12250857055187225,0.0024361368268728256,0.20127812027931213,0.07558423280715942,0.1332090049982071,0.1267375946044922,0.01505778543651104,0.0001323117030551657,0.004566433373838663
1013,0.05662894248962402,7.533194730058312e-05,0.021795503795146942,0.06251957267522812,0.00800254475325346,0.011060829274356365,0.006300045643001795,0.028796162456274033,0.000848977011628449,0.05868791788816452,0.02671371027827263,0.06255483627319336,6.42752565909177e-05,0.4116984009742737,0.0015468643978238106,0.0655369833111763,0.0882098376750946,0.08419547230005264,0.0002409229491604492,0.00452179042622447
1014,0.07600778341293335,4.223183623253135e-06,0.07563386857509613,0.1018962636590004,0.00046425795881077647,0.04053165018558502,0.003411427605897188,0.0019499147310853004,0.006740852724760771,0.0038344969507306814,0.0031340010464191437,0.18865808844566345,0.000112922367407009,0.19783146679401398,0.008489799685776234,0.1872187703847885,0.09824574738740921,0.004558248911052942,2.7959487852058373e-05,0.0012469114735722542
1015,0.009191228076815605,2.5366551881234045e-07,0.26905518770217896,0.5902847051620483,4.407909364090301e-05,0.012498442083597183,0.0006323059787973762,0.00017525286239106208,0.0023178651463240385,0.0003249499131925404,0.0001249522902071476,0.035219281911849976,0.0003934388514608145,0.04160086810588837,0.0006620824569836259,0.02497680112719536,0.011673412285745144,0.0006575472070835531,2.7115024749946315e-06,0.00016320614668074995
1016,0.21361123025417328,0.00030633225105702877,0.0014331479324027896,0.002814296865835786,0.003010731190443039,0.005333916284143925,0.0006586689269170165,0.1336589753627777,0.0006283330731093884,0.054863810539245605,0.016874263063073158,0.00592916551977396,2.842341382347513e-05,0.006335387472063303,0.0006361310952343047,0.029328135773539543,0.058561600744724274,0.4636697769165039,7.562688551843166e-05,0.002240284811705351
1017,0.006448179949074984,8.436532880296e-06,0.008535384200513363,0.06719420850276947,0.00013255042722448707,0.003397067543119192,0.004630737472325563,0.0010494914604350924,0.14235199987888336,0.0013709041522815824,0.0008742285426706076,0.0034962024074047804,6.545590440509841e-05,0.2639002203941345,0.44939205050468445,0.02472895011305809,0.019210822880268097,0.0028225420974195004,3.657296110759489e-05,0.0003521144390106201
1018,0.23491448163986206,7.167834610299906e-06,0.03068397007882595,0.05619700253009796,0.001797300297766924,0.010243348777294159,0.007416125386953354,0.01983742229640484,0.008927515707910061,0.021514317020773888,0.0077150664292275906,0.06023743003606796,2.9400847779470496e-05,0.08351289480924606,0.00998254120349884,0.18843555450439453,0.20934879779815674,0.045513469725847244,6.566240335814655e-05,0.0036188606172800064
1019,0.7732021808624268,3.133785503450781e-05,0.0018447479233145714,0.0034830833319574594,0.00026502017863094807,0.017856180667877197,0.0004140213713981211,0.0016007963567972183,0.0013132869498804212,0.0018244185484945774,0.0009918090654537082,0.008782986551523209,4.098776480532251e-05,0.006658144760876894,0.0006098650628700852,0.13840743899345398,0.03414260223507881,0.008136320859193802,1.3240927728475071e-05,0.00038045280962251127
1020,0.14994454383850098,0.00021779671078547835,0.001082723611034453,0.03294620290398598,0.0013365907361730933,0.011259944178164005,0.005977559369057417,0.012840980663895607,0.07931222021579742,0.012329431250691414,0.013844496570527554,0.013997659087181091,2.451180807838682e-05,0.2983267605304718,0.22887738049030304,0.05315561965107918,0.056276991963386536,0.02522609755396843,0.0004047006368637085,0.0026012754533439875
1021,0.04772505536675453,5.646283625537762e-06,0.08325653523206711,0.19650521874427795,0.0006888122297823429,0.01858726143836975,0.007160976063460112,0.003928321413695812,0.06056693568825722,0.008616963401436806,0.0027468744665384293,0.09494932740926743,6.68933498673141e-05,0.30240556597709656,0.03709026053547859,0.07165545225143433,0.05545734986662865,0.007084873504936695,3.523633859003894e-05,0.0014597864355891943
1022,0.023097017779946327,3.642305955509073e-06,0.008587293326854706,0.022398212924599648,0.02631492353975773,0.0003548896056599915,0.0015867233742028475,0.0961817279458046,0.0024531595408916473,0.6784601211547852,0.027979612350463867,0.0037597951013594866,1.5264789908542298e-05,0.019107626751065254,0.0022100270725786686,0.008893725462257862,0.015380430035293102,0.050828270614147186,0.00037084531504660845,0.012014923617243767
1023,0.9393031001091003,9.801282430998981e-05,0.0002024638233706355,0.0005107330507598817,0.00019019009778276086,0.003999365493655205,0.0001025627861963585,0.002596596023067832,0.0002953277144115418,0.0018343603005632758,0.0012737077195197344,0.000181880546733737,3.982177804573439e-05,0.000789299258030951,0.00023684532789047807,0.008398057892918587,0.02003460004925728,0.019743578508496284,7.489800736948382e-06,0.00016133989265654236
1024,0.11888647824525833,3.5350589314475656e-05,0.008113380521535873,0.04234956204891205,0.007800879888236523,0.009760103188455105,0.018728241324424744,0.012805734761059284,0.17708662152290344,0.027511656284332275,0.011181240901350975,0.04741336777806282,0.0001284123136429116,0.16934844851493835,0.17128486931324005,0.09551188349723816,0.046508535742759705,0.021229038015007973,0.0008014725754037499,0.01351016853004694
1025,0.0736861303448677,1.3165878954168875e-05,0.060894668102264404,0.15275327861309052,0.0009683832759037614,0.019276494160294533,0.005182450171560049,0.004963584244251251,0.08641380816698074,0.01107043493539095,0.0033378887455910444,0.045226745307445526,5.291523484629579e-05,0.3280290961265564,0.024205733090639114,0.12411121279001236,0.05007772147655487,0.008102082647383213,7.518533675465733e-05,0.001555313472636044
1026,0.008591919206082821,3.0375662390724756e-05,0.0004937098710797727,0.005050803069025278,0.00015573704149574041,0.00057594059035182,0.002556765452027321,0.0010142725659534335,0.8365358710289001,0.003761171130463481,0.0012336928630247712,0.004399236757308245,1.153370067186188e-05,0.04124831780791283,0.08074760437011719,0.0049543846398591995,0.0066564190201461315,0.0015135720605030656,2.1591522454400547e-05,0.0004460890486370772
1027,0.023034336045384407,0.00012957064609508961,8.330253876920324e-06,2.6884952603722923e-05,0.0017335879383608699,0.00010151772585231811,4.780189919983968e-05,0.295411616563797,4.3844156607519835e-05,0.04365823417901993,0.009706619195640087,0.0001450267300242558,5.113613497087499e-06,0.00014689376985188574,7.422819908242673e-05,0.0011144066229462624,0.019359996542334557,0.6048861145973206,1.602834527147934e-05,0.0003490452654659748
1028,0.021556705236434937,2.2322192307910882e-05,0.004496519919484854,0.006823549047112465,0.00028452204423956573,0.013105618767440319,0.01658988557755947,0.00043913404806517065,0.1572231650352478,0.001134224934503436,0.001335169654339552,0.3511814475059509,5.2519553719321266e-05,0.06928642839193344,0.2419573813676834,0.08302292227745056,0.029127642512321472,0.0009531877003610134,9.581926860846579e-05,0.0013098203344270587
1029,0.032431378960609436,5.120150490256492e-06,0.10525087267160416,0.6364773511886597,0.000136614398797974,0.006011509336531162,0.0012336052022874355,0.000441397656686604,0.011961524374783039,0.0022390971425920725,0.0007315451512113214,0.020773088559508324,2.867752846213989e-05,0.14148157835006714,0.002553713507950306,0.02507149800658226,0.011783543974161148,0.0011810831492766738,9.505716661806218e-06,0.0001959960936801508
1030,0.0003750337054952979,0.9963549375534058,4.030538912047632e-05,4.864554648520425e-05,0.00019807153148576617,8.340526255778968e-05,5.997015250613913e-05,0.00026174509548582137,0.0002344053500564769,0.0004336162528488785,8.27200710773468e-05,0.00018799521785695106,2.6385505407233723e-06,0.00011441537935752422,0.00023182870063465089,0.000325678673107177,0.0002721920609474182,0.0002318523620488122,5.046661681262776e-05,0.0004093805910088122
1031,0.01071694865822792,8.611853991169482e-05,1.059853548213141e-05,7.253948569996282e-05,0.003299188567325473,0.0001226253225468099,5.8319532399764284e-05,0.3937627673149109,0.0002553929225541651,0.03606712818145752,0.014126107096672058,0.00016829720698297024,8.146749678417109e-06,0.00033494512899778783,0.0003110244288109243,0.0010111425071954727,0.0037622153759002686,0.5352712273597717,2.8717693567159586e-05,0.0005260978359729052
1032,0.06358183920383453,3.580640986911021e-05,0.005126026459038258,0.01601434499025345,0.005326804704964161,0.004966018255800009,0.012295997701585293,0.02548462152481079,0.32984811067581177,0.054044973105192184,0.016621660441160202,0.12526188790798187,7.46283185435459e-05,0.10298355668783188,0.11748898029327393,0.054942987859249115,0.037974536418914795,0.020943133160471916,0.00044250808423385024,0.006539543624967337
1033,0.33801594376564026,6.149827095214278e-05,0.005731805227696896,0.028535496443510056,0.0018281099619343877,0.019372258335351944,0.003276925068348646,0.01681419089436531,0.033078234642744064,0.027650421485304832,0.010242892429232597,0.00645811203867197,7.049856503726915e-05,0.043295715004205704,0.015260747633874416,0.2757975161075592,0.13457384705543518,0.03768189251422882,0.00012402146239764988,0.0021283801179379225
1034,0.007691040635108948,3.0527779017575085e-05,0.00040095721487887204,0.005884689744561911,0.0019360542064532638,0.00047638083924539387,0.011019948869943619,0.010878628119826317,0.07507232576608658,0.03254660218954086,0.009301736019551754,0.005339126102626324,0.0002197761059505865,0.7866730093955994,0.03045913390815258,0.0035394509322941303,0.0053743780590593815,0.010800364427268505,0.0001243060833076015,0.00223078322596848
1035,0.07199311256408691,0.00020464944827836007,0.0014134643133729696,0.0015068327775225043,0.0009746386203914881,0.015574210323393345,0.0006460443255491555,0.001827101456001401,0.0021514631807804108,0.002522438997402787,0.0026728855445981026,0.02553553320467472,8.883223199518397e-05,0.005511097609996796,0.0022526250686496496,0.7402164936065674,0.12004998326301575,0.003726647002622485,0.00011092778004240245,0.0010202855337411165
1036,0.05177468806505203,0.0001337703870376572,0.011325794272124767,0.010706915520131588,0.002339004073292017,0.021609066054224968,0.018195990473031998,0.0036003664135932922,0.17444734275341034,0.008230471983551979,0.005568290129303932,0.14660906791687012,0.0010333519894629717,0.06865377724170685,0.11803218722343445,0.18304544687271118,0.162127286195755,0.008727401494979858,0.0002678697055671364,0.00356904324144125
1037,0.0016545105027034879,3.6850269680144265e-05,0.00032670435030013323,0.00032955684582702816,0.0005317999166436493,0.0008475707145407796,0.006676585879176855,0.0006898012943565845,0.06618364155292511,0.0019595937337726355,0.0007556639611721039,0.006398607976734638,0.00015467696357518435,0.006876472383737564,0.8966191411018372,0.004233805928379297,0.0035557146184146404,0.0009299905505031347,0.0003530360700096935,0.0008855221676640213
1038,0.04659034684300423,0.0003880937001667917,0.006477133836597204,0.003973143640905619,0.08572889119386673,0.014522196725010872,0.029280902817845345,0.07956141233444214,0.014454713091254234,0.07932297885417938,0.03175642341375351,0.256708025932312,0.005832858383655548,0.0216550063341856,0.014088943600654602,0.07750304043292999,0.06598377972841263,0.10067305713891983,0.0018613031134009361,0.06363599002361298
1039,0.04943398758769035,0.00013784821203444153,0.23228836059570312,0.10398448258638382,0.0015689246356487274,0.06273926049470901,0.027207406237721443,0.0012976035941392183,0.010436874814331532,0.0031472179107367992,0.0016368936048820615,0.2042042464017868,0.005862781312316656,0.04333168640732765,0.004754160530865192,0.19217035174369812,0.04889187216758728,0.0037469046656042337,0.00019321618310641497,0.002964203944429755
1040,0.0015199003973975778,5.119757406646386e-05,0.00027633074205368757,0.00018067476048599929,0.8730115294456482,0.00023390060232486576,0.0024014790542423725,0.003010974731296301,0.00015982246259227395,0.01080179214477539,0.002154808957129717,0.0007272536167874932,8.110036287689582e-05,0.00066361267818138,0.00020936982764396816,0.0025248767342418432,0.001393777085468173,0.003532582428306341,0.0019624270498752594,0.0951019749045372
1041,0.00010340230801375583,0.9982653260231018,8.009399607544765e-05,2.8514550649560988e-05,9.559967293171212e-05,0.0003911434905603528,1.5725065168226138e-05,5.474927093018778e-05,1.560818236612249e-05,8.892898040357977e-05,1.547924694023095e-05,9.655349276727065e-05,1.7025859051500447e-05,2.2666239601676352e-05,4.551895472104661e-05,0.00018911973165813833,7.639816612936556e-05,8.567539043724537e-05,3.0910716304788366e-05,0.00027979581500403583
1042,0.0008204776095226407,8.293948667414952e-06,0.00030844617867842317,0.00013944307283964008,1.568556581332814e-05,0.9973382353782654,1.8810011169989593e-05,5.241009603196289e-06,3.359802576596849e-05,1.5092214198375586e-05,7.293393991858466e-06,0.0003755828947760165,1.375225019728532e-05,4.693293521995656e-05,5.789439092040993e-05,0.0007091729203239083,3.823999213636853e-05,2.7895930543309078e-05,4.544024250208167e-06,1.4994328921602573e-05
1043,0.008381510153412819,0.0001402361667715013,0.015413702465593815,0.0036982421297580004,0.0008470678003504872,0.005392695777118206,0.009771464392542839,0.0012920579174533486,0.013877836987376213,0.0013601292157545686,0.0008127272594720125,0.8270125389099121,0.0016258098185062408,0.009193450212478638,0.006305755116045475,0.06474293768405914,0.026337366551160812,0.0018189416732639074,5.919755494687706e-05,0.0019155084155499935
1044,0.0055179414339363575,3.962290793424472e-05,0.0012751775793731213,0.00044595845974981785,0.000252861762419343,0.9675759673118591,0.000522164162248373,0.00012910446093883365,0.0009757679072208703,0.00018456761608831584,0.00014486673171631992,0.00951619353145361,0.00046252671745605767,0.0010599136585369706,0.0013174230698496103,0.007487214636057615,0.0019406056962907314,0.00042663977365009487,4.311259908718057e-05,0.00068147003185004
1045,0.021274562925100327,0.00047988645383156836,0.0002643980551511049,0.0006581516354344785,0.010047107003629208,0.0010719591518864036,0.002396342810243368,0.05975228548049927,0.001538833137601614,0.02771134302020073,0.022568052634596825,0.005952327977865934,0.00029093417106196284,0.004685517866164446,0.001707367249764502,0.056512150913476944,0.6648000478744507,0.1127939224243164,0.00042062177089974284,0.005073584616184235
1046,0.0012683580862358212,3.6496778193395585e-05,0.0002239296300103888,8.637925930088386e-05,0.014417552389204502,0.00022429726959671825,0.8908776044845581,0.0004987959400750697,0.00012909354700241238,0.0013406575890257955,0.0007068226695992053,0.0033571659587323666,0.0003687485586851835,0.001449086586944759,0.00037132608122192323,0.0029525933787226677,0.0018996282014995813,0.0010019467445090413,0.00028955386369489133,0.07849917560815811
1047,0.0031737417448312044,0.00022554035240318626,8.203715879062656e-06,2.324573324585799e-05,0.015695692971348763,6.750191823812202e-05,0.00014948971511330456,0.21481189131736755,4.717267074738629e-05,0.5773338079452515,0.03344769403338432,1.4849996659904718e-05,0.00014841141819488257,0.0002761127252597362,9.087724902201444e-05,0.0006003117887303233,0.003136624349281192,0.1489037275314331,0.0002130190550815314,0.0016312976367771626
1048,0.006278491113334894,0.00011701926996465772,3.687453136080876e-05,0.0001499838544987142,0.02312881499528885,0.0001153451157733798,0.0004858577740378678,0.30291175842285156,0.000375075702322647,0.34558653831481934,0.05612197518348694,0.00036336181801743805,7.746209303149953e-05,0.0013179648667573929,0.0004329637158662081,0.001981037203222513,0.012865540571510792,0.24507677555084229,0.00023681110178586096,0.002339486265555024
1049,0.2093525379896164,0.00044934547622688115,0.0023876542691141367,0.0015396821545436978,0.0008620306034572423,0.016347721219062805,0.0012257382040843368,0.003978485241532326,0.0025644071865826845,0.0030346475541591644,0.002629291731864214,0.0112125463783741,0.0017358738696202636,0.003958879504352808,0.002952864859253168,0.47843414545059204,0.23568843305110931,0.020450785756111145,0.0001135631391662173,0.0010807091603055596
1050,0.005420710425823927,0.00010105872934218496,8.94705081009306e-05,7.746069604763761e-05,0.012471729889512062,7.104933320078999e-05,0.00021835921506863087,0.29719236493110657,0.00014945969451218843,0.4676562249660492,0.025233905762434006,0.00028495071455836296,0.0005789362476207316,0.0005244166241027415,0.00016332660743501037,0.001283437479287386,0.003507761051878333,0.18286384642124176,0.00018862259457819164,0.0019226664444431663
1051,0.20208004117012024,0.0014880335656926036,0.00031581305665895343,0.0003161721397191286,0.0023108506575226784,0.002806737320497632,0.0002581234148237854,0.13550499081611633,0.00020935441716574132,0.042161814868450165,0.008065927773714066,0.00026720669120550156,0.05648379027843475,0.0006274938932619989,0.0001662309659877792,0.012477458454668522,0.020360060036182404,0.5134531259536743,5.57090861548204e-05,0.000590840878430754
1052,0.1162085235118866,9.592367860022932e-05,0.09508664160966873,0.18341293931007385,0.0022305126767605543,0.0406387597322464,0.010530979372560978,0.01021534949541092,0.044517699629068375,0.012252642773091793,0.002910338342189789,0.050144389271736145,0.04475119709968567,0.09791412949562073,0.012299899011850357,0.16020134091377258,0.0822334960103035,0.028875496238470078,0.00026276387507095933,0.0052158585749566555
1053,0.04236644133925438,0.0001690824283286929,0.32141566276550293,0.11689849197864532,0.004010814242064953,0.05102106183767319,0.015414777211844921,0.0062309494242072105,0.013179494999349117,0.008989266119897366,0.002726239152252674,0.2112364023923874,0.00629779789596796,0.03543412685394287,0.005089714191854,0.09585560113191605,0.04174152389168739,0.011929549276828766,0.0002542997244745493,0.009738274849951267
1054,0.6074105501174927,0.0006312814657576382,0.010084628127515316,0.004630737937986851,0.004286855459213257,0.05212102457880974,0.004385084845125675,0.011911498382687569,0.0023827652912586927,0.021254079416394234,0.005506295710802078,0.017587516456842422,0.02189321257174015,0.006590452045202255,0.0018766206922009587,0.1303509920835495,0.058956921100616455,0.034305352717638016,0.0003259048971813172,0.0035070504527539015
1055,0.04868161305785179,2.6812011128640734e-05,0.02343987673521042,0.03745383396744728,0.005825250409543514,0.04577409103512764,0.006898379884660244,0.01068241149187088,0.007528926245868206,0.015793755650520325,0.0030343132093548775,0.01082010567188263,0.6712723970413208,0.016348818317055702,0.00356000242754817,0.04018058255314827,0.02254614420235157,0.019350914284586906,0.000463114061858505,0.010316368192434311
1056,0.1393790990114212,0.00012864713789895177,0.09018304944038391,0.14683596789836884,0.01269598864018917,0.03889906406402588,0.025967050343751907,0.016270624473690987,0.023474911227822304,0.034204792231321335,0.009887565858662128,0.138816699385643,0.05124387890100479,0.07070282101631165,0.014205973595380783,0.08012572675943375,0.04013906419277191,0.034967049956321716,0.0007764092879369855,0.031092656776309013
1057,0.01058725081384182,0.00013916664465796202,0.0008866320713423193,0.0004698854754678905,0.001022942247800529,0.9676469564437866,0.00032173513318412006,0.0017786568496376276,0.00015269589493982494,0.0017544938018545508,0.0005596757400780916,0.0024451948702335358,0.001999168423935771,0.00036741449730470777,0.0002138206036761403,0.004253474064171314,0.001446014386601746,0.003002262208610773,7.557460776297376e-05,0.000876402307767421
1058,0.01747019588947296,0.0002778009802568704,0.0003996055747848004,0.0007163891568779945,0.08152183890342712,0.0017796226311475039,0.0008786935941316187,0.24499832093715668,0.00031588092679157853,0.3290679454803467,0.08710747212171555,0.00159843685105443,0.0008039369131438434,0.0017520413966849446,0.0002817751665133983,0.007057234179228544,0.02658790908753872,0.18974624574184418,0.00044213159708306193,0.007194961421191692
1059,0.006035087630152702,8.001118112588301e-05,3.369471960468218e-05,9.257308556698263e-05,0.658309817314148,0.0007522102678194642,0.002078227698802948,0.0418892428278923,6.1007031035842374e-05,0.13389159739017487,0.05534586310386658,0.0004343125328887254,5.7541972637409344e-05,0.0006372958305291831,6.352966011036187e-05,0.002373318886384368,0.004504206590354443,0.0332430824637413,0.0006585234659723938,0.05945788696408272
1060,0.0014594763051718473,7.361850293818861e-05,5.1170804908906575e-06,6.39544805380865e-06,0.8997642397880554,0.00010667033347999677,0.00032802956411615014,0.012697122059762478,8.838151188683696e-06,0.03120660036802292,0.0038037276826798916,5.587614941759966e-05,2.5607863790355623e-05,6.128472159616649e-05,1.9859404346789233e-05,0.0003538792079780251,0.0005744900554418564,0.009562295861542225,0.0009323253761976957,0.03895373269915581
1061,0.04452631250023842,0.0014003801625221968,9.254062752006575e-05,0.00017888779984787107,0.1920529454946518,0.0029358069878071547,0.003529453882947564,0.08604490011930466,0.00019770515791606158,0.24703438580036163,0.18064431846141815,0.0020222575403749943,5.991138823446818e-05,0.002154097892343998,0.00040044690831564367,0.02408416010439396,0.0628620982170105,0.10626213252544403,0.0014334585284814239,0.042083218693733215
1062,0.00165121303871274,7.940238720038906e-05,0.0003206067776773125,0.00019745156168937683,0.003170868381857872,0.00099560699891299,0.9535667896270752,0.0006638912600465119,0.0004283576272428036,0.0028165748808532953,0.0012043928727507591,0.00046707261935807765,0.00018033907690551132,0.014120839536190033,0.001746456720866263,0.00579001335427165,0.003049804363399744,0.001299649360589683,0.00015595532022416592,0.008094610646367073
1063,0.08317036181688309,0.004697299562394619,0.0002530628989916295,0.00036795722553506494,0.18880802392959595,0.007715127430856228,0.01508056465536356,0.05363805964589119,0.0003458616847638041,0.06367914378643036,0.0364609956741333,0.006907441187649965,0.00012846490426454693,0.003596879541873932,0.0004924513632431626,0.05959602817893028,0.06503377854824066,0.09705494344234467,0.0015218305634334683,0.31145161390304565
1064,0.2796662747859955,0.000714047288056463,0.002224150113761425,0.003981149755418301,0.008038016967475414,0.057275936007499695,0.0052933222614228725,0.013686233200132847,0.006337396800518036,0.02852781116962433,0.017133623361587524,0.03160190209746361,0.0011295790318399668,0.03540647029876709,0.005180559121072292,0.3126773536205292,0.13422749936580658,0.05242898315191269,0.00038815970765426755,0.004081191495060921
1065,0.01355719193816185,0.00022345980687532574,0.00011844066466437653,0.00012540335592348129,0.4263453781604767,0.0004602246917784214,0.02091248333454132,0.06425236910581589,0.0002337092300876975,0.15473704040050507,0.026790527626872063,0.002029591938480735,0.0009434560197405517,0.0018159811152145267,0.0003521027392707765,0.006040814332664013,0.011074493639171124,0.07308337092399597,0.001142098568379879,0.19576001167297363
1066,0.08660800009965897,0.00015093639376573265,0.004749461077153683,0.013772405683994293,0.02661333605647087,0.0075010149739682674,0.008205757476389408,0.18393675982952118,0.02195522002875805,0.11259371787309647,0.01930791512131691,0.026102589443325996,0.006693338975310326,0.03357762098312378,0.013843628577888012,0.07087855786085129,0.10304686427116394,0.24233607947826385,0.0006577317253686488,0.017468001693487167
1067,0.018641619011759758,2.6695310225477442e-05,0.004520331043750048,0.009651492349803448,0.0007359692826867104,0.00637413514778018,0.0018569916719570756,0.0024748947471380234,0.008761866949498653,0.004347937181591988,0.0008751093992032111,0.005787988193333149,0.8877035975456238,0.010386944748461246,0.004394457209855318,0.015200858004391193,0.00986746046692133,0.007238329388201237,7.184235437307507e-05,0.0010807081125676632
1068,0.03959083557128906,0.00017055626085493714,0.02799546904861927,0.051994409412145615,0.01074226200580597,0.01990116387605667,0.016987910494208336,0.05807865783572197,0.15105420351028442,0.06327317655086517,0.00991691555827856,0.04944505915045738,0.013381192460656166,0.11443250626325607,0.07305792719125748,0.07268871366977692,0.10035670548677444,0.1088719442486763,0.0011040227254852653,0.016952531412243843
1069,0.047350067645311356,0.0003794672666117549,0.028182903304696083,0.09229130297899246,0.03037760965526104,0.03321794793009758,0.013052812777459621,0.09083376824855804,0.06599222868680954,0.06599769741296768,0.013873964548110962,0.03202115371823311,0.04028823599219322,0.05451260134577751,0.029837746173143387,0.0674469918012619,0.10015908628702164,0.16271041333675385,0.0017895303899422288,0.02967964857816696
1070,0.016185617074370384,0.0003459314757492393,0.003952014725655317,0.010872913524508476,0.27028802037239075,0.004711007699370384,0.013428316451609135,0.041431691497564316,0.009862962178885937,0.05291556939482689,0.013641851022839546,0.01264136377722025,0.010201170109212399,0.01325699221342802,0.011293486692011356,0.025164611637592316,0.03259594738483429,0.05510314926505089,0.07368019223213196,0.3284240663051605
1071,0.06144953891634941,0.0029021622613072395,0.004155205562710762,0.015441921539604664,0.127351775765419,0.019740160554647446,0.023995744064450264,0.09840802848339081,0.030159562826156616,0.08107534795999527,0.027174610644578934,0.016916600987315178,0.0021538014989346266,0.038405854254961014,0.0429081991314888,0.03745909035205841,0.06842418760061264,0.19014739990234375,0.00702322693541646,0.10470418632030487
1072,0.0366634838283062,0.001274067908525467,0.007230896502733231,0.02926255203783512,0.06314215809106827,0.006559046451002359,0.010490493848919868,0.12748107314109802,0.019752146676182747,0.11168310791254044,0.024906903505325317,0.1205364242196083,0.008339655585587025,0.034544993191957474,0.024398382753133774,0.05347485467791557,0.1005575880408287,0.14854232966899872,0.005163679365068674,0.06599145382642746
1073,0.015091986395418644,0.0012108510127291083,0.00014341215137392282,0.0006459340802393854,0.1509057730436325,0.0011749834520742297,0.001723752124235034,0.34607285261154175,0.000398393691284582,0.1020844355225563,0.02218812145292759,9.561173646943644e-05,0.000119316071504727,0.0012606147211045027,0.000838127569295466,0.0028123746160417795,0.008444513194262981,0.27623119950294495,0.0035372653510421515,0.06501897424459457
1074,0.018183227628469467,0.0003509131202008575,0.0023776190355420113,0.008190887980163097,0.03704578056931496,0.0016585250850766897,0.006957346107810736,0.11282602697610855,0.012436210177838802,0.05844295397400856,0.013805590569972992,0.006274029612541199,0.0014070942997932434,0.010249707847833633,0.011792472563683987,0.0493241548538208,0.49831998348236084,0.10498888045549393,0.003761878702789545,0.04160567745566368
1075,0.19035696983337402,0.003310700412839651,0.00014368524716701359,0.0003972764825448394,0.02981100045144558,0.008952281437814236,0.0009791901102289557,0.16259440779685974,0.0005398414214141667,0.15046167373657227,0.025348106399178505,0.001287480816245079,0.003554899711161852,0.002021204913035035,0.0009891587542369962,0.04889091104269028,0.06341210752725601,0.2997579574584961,0.00042352903983555734,0.006766133941709995
1076,0.055193305015563965,0.0008371657459065318,0.0021955999545753,0.007530559785664082,0.07886503636837006,0.03375966101884842,0.05159664526581764,0.04740988463163376,0.05989095941185951,0.05634952709078789,0.012158789671957493,0.018717721104621887,0.0004395997675601393,0.0333259142935276,0.15283210575580597,0.09835395216941833,0.08936149626970291,0.07408362627029419,0.0052980463951826096,0.12179896235466003
1077,0.1151316910982132,0.00039551276131533086,0.009196710772812366,0.016474416479468346,0.0034444588236510754,0.10732089728116989,0.011735482141375542,0.004509288351982832,0.11683845520019531,0.01373990811407566,0.007782232481986284,0.03696097061038017,0.136643186211586,0.058969929814338684,0.14291822910308838,0.1252315491437912,0.07452236115932465,0.012874002568423748,0.0006995024159550667,0.004607994109392166
1078,0.10756099969148636,0.0011398266069591045,5.305042213876732e-05,5.902144039282575e-05,0.000587820599321276,0.8661512136459351,6.144069629954174e-05,0.0010934610618278384,2.90712541755056e-05,0.0011016009375452995,0.0005788921844214201,0.00017793803999666125,0.0002546007453929633,8.823748794384301e-05,7.817996811354533e-05,0.011307972483336926,0.003783521009609103,0.005573423113673925,6.344237772282213e-05,0.00025558428023941815
1079,0.0063979849219322205,9.068268263945356e-05,9.950923413271084e-05,0.0007422924973070621,0.09353465586900711,0.0004933829186484218,0.0010437422897666693,0.3451979458332062,0.0019450391409918666,0.23688137531280518,0.02588522993028164,0.0004369288217276335,0.0003816016251221299,0.0028068472165614367,0.002565660048276186,0.0026845403481274843,0.011445807293057442,0.23459085822105408,0.0030353351030498743,0.029739683493971825
1080,0.00034885239438153803,0.9933294057846069,8.682723273523152e-05,0.00013420454342849553,0.00045817464706487954,0.00019889342365786433,7.94421648606658e-05,0.000577583268750459,0.00023435329785570502,0.0008548767073079944,0.00014263564662542194,0.00018545235798228532,0.0004572915786411613,0.00023907168360892683,0.00023197889095172286,0.0006310463068075478,0.0004534707113634795,0.0007787237991578877,6.0632697568507865e-05,0.0005168148782104254
1081,0.02979685552418232,0.0003704438859131187,0.00286397198215127,0.007325886748731136,0.04098666459321976,0.0025477334856987,0.012526549398899078,0.21493814885616302,0.04927646741271019,0.14952552318572998,0.01791723072528839,0.006681400816887617,0.0008520879782736301,0.025894541293382645,0.04012397676706314,0.0325426310300827,0.0196404866874218,0.30443739891052246,0.003410104662179947,0.038339655846357346
1082,0.057622432708740234,0.0006992858834564686,0.11206406354904175,0.12419270724058151,0.00929921492934227,0.055805571377277374,0.02408028580248356,0.003281397745013237,0.12975220382213593,0.040974006056785583,0.006694868206977844,0.23823870718479156,0.0010310139041393995,0.10174394398927689,0.03462284803390503,0.04148812219500542,0.0045021348632872105,0.006096949335187674,0.00036699234624393284,0.007436678744852543
1083,0.005686003714799881,0.00015485654876101762,0.029042307287454605,0.013422509655356407,0.0023260004818439484,0.6640003323554993,0.011250539682805538,0.0005721586639992893,0.046933162957429886,0.003950821235775948,0.00143466389272362,0.1390540897846222,0.00011889964662259445,0.014464333653450012,0.025700360536575317,0.024949369952082634,0.011328688822686672,0.0014203301398083568,0.00023190122738014907,0.003954996354877949
1084,0.015949588268995285,0.00016349043289665133,0.0021767376456409693,0.01074239145964384,0.03413373976945877,0.0024155545979738235,0.01226870995014906,0.2010999321937561,0.1503317505121231,0.06225701794028282,0.014537001959979534,0.013987986370921135,0.000139821830089204,0.025104310363531113,0.05945061892271042,0.014503608457744122,0.051082734018564224,0.2923022210597992,0.0020686271600425243,0.035279832780361176
1085,0.26307412981987,0.009970080107450485,0.0005012398469261825,0.0010830106912180781,0.05182842165231705,0.030262336134910583,0.003307415172457695,0.11013328284025192,0.0017342212377116084,0.09983356297016144,0.025702351704239845,0.003553201211616397,0.008665286935865879,0.004360514227300882,0.002513938583433628,0.04385915398597717,0.04866193234920502,0.25152724981307983,0.0024357549846172333,0.036985624581575394
1086,0.02354326657950878,0.0008771223365329206,0.00045165285700932145,0.0009326403378508985,0.26845625042915344,0.0070262146182358265,0.004445245023816824,0.12660007178783417,0.0015882633160799742,0.08710773289203644,0.013596717268228531,0.0008985538734123111,6.320250395219773e-05,0.002173504326492548,0.0040974547155201435,0.010273217223584652,0.010257890447974205,0.1285969614982605,0.01568599045276642,0.2933247983455658
1087,0.015309227630496025,0.0005240711034275591,0.00026473499019630253,0.001543803489767015,0.1554180085659027,0.001262993784621358,0.005703360307961702,0.2361668050289154,0.002018587663769722,0.12124478816986084,0.018254490569233894,0.0015000748680904508,0.0012567209778353572,0.0059454371221363544,0.004340767860412598,0.00830196775496006,0.019263941794633865,0.1754172146320343,0.006865521427243948,0.21939514577388763
1088,0.06943213939666748,0.0007483639637939632,0.002981070429086685,0.0032619743142277002,0.04159069061279297,0.008200762793421745,0.004395572002977133,0.07005994021892548,0.0021625387016683817,0.15820415318012238,0.018698709085583687,0.005620115902274847,0.3960046172142029,0.00715499185025692,0.0032560599502176046,0.050159718841314316,0.03886253014206886,0.09790510684251785,0.0019600267987698317,0.01933938078582287
1089,0.05360795184969902,0.0003226519620511681,0.025979740545153618,0.056356027722358704,0.009693429805338383,0.0133263124153018,0.01551857776939869,0.022792678326368332,0.2479907125234604,0.04090330749750137,0.008359943516552448,0.04007149860262871,0.03191889449954033,0.05643817037343979,0.11233603954315186,0.10014604777097702,0.10636609047651291,0.045427728444337845,0.000854991958476603,0.011581381782889366
1090,0.05265261232852936,0.00024618691531941295,0.11687279492616653,0.07200402766466141,0.009811199270188808,0.1755659431219101,0.027671528980135918,0.0060174912214279175,0.04322982579469681,0.008966987021267414,0.003268879372626543,0.19966688752174377,0.009020457975566387,0.04023211821913719,0.024789834395051003,0.1154579445719719,0.06438768655061722,0.01426754705607891,0.0006844051531516016,0.015178407542407513
1091,0.03820737451314926,0.0006143190548755229,0.03062986582517624,0.011552732437849045,0.008144313469529152,0.5088973045349121,0.01777440682053566,0.0041466220282018185,0.027953846380114555,0.010627429001033306,0.004644990433007479,0.1606803685426712,0.03280225768685341,0.02067514881491661,0.03103603981435299,0.04988957569003105,0.02206197939813137,0.008236482739448547,0.0013201074907556176,0.010100864805281162
1092,0.02007855474948883,0.000451054162112996,0.0010457924799993634,0.0019478061003610492,0.12489468604326248,0.0031668853480368853,0.007835368625819683,0.18216243386268616,0.006612330209463835,0.26124975085258484,0.04034852236509323,0.004635297693312168,0.0007129076984710991,0.009608399122953415,0.009727511554956436,0.01706290803849697,0.0326324887573719,0.19168679416179657,0.003809304442256689,0.08032828569412231
1093,0.04107226803898811,0.000718117575161159,5.7465891586616635e-05,0.000303366978187114,0.19004708528518677,0.006310593336820602,0.0021753045730292797,0.14530545473098755,0.0007184312562458217,0.2721672058105469,0.04910700395703316,0.00019923411309719086,0.0004100057703908533,0.0017637073760852218,0.001273444970138371,0.006730286870151758,0.00907131563872099,0.14944897592067719,0.01451180037111044,0.10860584676265717
1094,0.02766718715429306,0.0007883041980676353,0.0004853846621699631,0.002000026637688279,0.23568245768547058,0.006002658512443304,0.0063813780434429646,0.10587708652019501,0.0025382169988006353,0.07150615006685257,0.014317110180854797,0.0011352966539561749,0.00010680386913008988,0.0037211705930531025,0.0030670363921672106,0.010698980651795864,0.015996849164366722,0.13826324045658112,0.06585045903921127,0.2879093885421753
1095,0.026320679113268852,0.0012266195844858885,0.011303800158202648,0.01115494780242443,0.136041522026062,0.013994768261909485,0.05489785224199295,0.009223955683410168,0.11517290771007538,0.05559325963258743,0.009665991179645061,0.041566427797079086,0.009737176820635796,0.056858524680137634,0.06755378097295761,0.0930667445063591,0.059461917728185654,0.022406650707125664,0.0554666668176651,0.14928053319454193
1096,0.015158702619373798,0.000302205968182534,0.25565409660339355,0.01593833602964878,0.011607958935201168,0.0038554328493773937,0.00891938991844654,0.017794163897633553,0.022563736885786057,0.02309686318039894,0.00508537283167243,0.46491652727127075,0.0009240961517207325,0.014599793590605259,0.016601884737610817,0.03366919234395027,0.045163098722696304,0.02787860855460167,0.0008723255014047027,0.015397144481539726
1097,0.039539121091365814,0.00010611867037368938,0.04507290571928024,0.04427015408873558,0.004448363557457924,0.6463790535926819,0.005805061198771,0.005050322972238064,0.02677220292389393,0.009452947415411472,0.0017226478084921837,0.045214030891656876,0.0020691852550953627,0.013723651878535748,0.012582629919052124,0.06109360232949257,0.022537969052791595,0.0084096509963274,0.0002492637140676379,0.005498779471963644
1098,0.008107959292829037,3.907948121195659e-05,0.024332838132977486,0.020252887159585953,0.0039697433821856976,0.010268698446452618,0.004795338958501816,0.01394747570157051,0.04000314325094223,0.013797327876091003,0.002328549511730671,0.024580616503953934,0.005444236099720001,0.015087689273059368,0.01487434096634388,0.1831483393907547,0.5925272107124329,0.016989240422844887,0.00023735070135444403,0.005265833344310522
1099,0.04505529627203941,0.0005796874174848199,0.0635509118437767,0.05933589115738869,0.015033534727990627,0.05069625750184059,0.09038995206356049,0.012121135368943214,0.07609744369983673,0.021952714771032333,0.007516932673752308,0.08857537806034088,0.00028525880770757794,0.0731096938252449,0.05813173949718475,0.1567707657814026,0.11287450790405273,0.034772541373968124,0.0017119087278842926,0.03143424540758133
1100,0.01923532970249653,0.0022539705969393253,0.0012545323697850108,0.0010459069162607193,0.18518081307411194,0.008828775025904179,0.017426595091819763,0.022831400856375694,0.002552287420257926,0.0317351296544075,0.006758326664566994,0.002848515287041664,0.0008633831748738885,0.004306748975068331,0.0041190083138644695,0.025804618373513222,0.026353945955634117,0.035134509205818176,0.39265450835227966,0.2088082879781723
1101,0.04091419279575348,0.0005460437387228012,0.006368085276335478,0.012543714605271816,0.18451768159866333,0.01625504530966282,0.024721112102270126,0.12038091570138931,0.023827804252505302,0.07598917931318283,0.025861302390694618,0.004364246968179941,0.00032468311837874353,0.025908805429935455,0.029502023011446,0.05447601526975632,0.0701213926076889,0.1338610202074051,0.024900149554014206,0.12461285293102264
1102,0.04369344562292099,0.0003620607021730393,0.012416149489581585,0.014302551746368408,0.17448608577251434,0.011229310184717178,0.017474684864282608,0.022444872185587883,0.01529758796095848,0.05630255490541458,0.01180856954306364,0.023702135309576988,0.199616938829422,0.02522132731974125,0.013410487212240696,0.09366276115179062,0.07312506437301636,0.03307415917515755,0.011613997630774975,0.14675235748291016
1103,0.024658432230353355,7.155750063247979e-05,0.006487161852419376,0.0035522333346307278,0.0009222163935191929,0.020445208996534348,0.0013914135051891208,0.0008989558555185795,0.0034439440350979567,0.003223209176212549,0.00044519855873659253,0.010445269756019115,0.8332056403160095,0.003459351137280464,0.0018169591203331947,0.04686497896909714,0.034940481185913086,0.002545563504099846,7.517542690038681e-05,0.0011057298397645354
1104,0.05062250420451164,4.0646966226631775e-05,0.047673117369413376,0.04344244301319122,0.0016724204178899527,0.0315159410238266,0.004968803841620684,0.0021195237059146166,0.03205525502562523,0.006817449349910021,0.0011363410158082843,0.02999173291027546,0.5931615233421326,0.01800443045794964,0.011076025664806366,0.08321690559387207,0.0328068844974041,0.006250201258808374,0.00028398301219567657,0.0031414965633302927
1105,0.030280454084277153,0.0001641203707549721,0.0600641667842865,0.0332818441092968,0.03554607927799225,0.07793477922677994,0.05755973607301712,0.004416575655341148,0.07443062961101532,0.02380652353167534,0.004322483669966459,0.18781453371047974,0.0124310702085495,0.05553927645087242,0.14466069638729095,0.08055287599563599,0.056424178183078766,0.008759967982769012,0.002942868275567889,0.04906264692544937
1106,0.01862587407231331,0.00023010950826574117,0.025797713547945023,0.03399764373898506,0.004397163167595863,0.362809419631958,0.024023806676268578,0.004992598667740822,0.10159356892108917,0.008393378928303719,0.0038033705204725266,0.04854048788547516,0.009601334109902382,0.07307468354701996,0.16390374302864075,0.05216379091143608,0.04421193152666092,0.01155688427388668,0.000847126473672688,0.007431987207382917
1107,0.01355817448347807,0.00044582795817404985,0.0032338076271116734,0.004115269985049963,0.3083809018135071,0.004316356033086777,0.012287678197026253,0.09954557567834854,0.0055385772138834,0.08991201221942902,0.010450329631567001,0.005945808254182339,0.004231185186654329,0.009685428813099861,0.009798422455787659,0.0170647744089365,0.02326740138232708,0.09342091530561447,0.012858612462878227,0.27193984389305115
1108,0.00861832033842802,0.00024015488452278078,0.0019417359726503491,0.002291919430717826,0.2592952847480774,0.0013164931442588568,0.01241886056959629,0.09471077471971512,0.004463039338588715,0.067360058426857,0.0076644448563456535,0.003996147308498621,0.0011965609155595303,0.004335237666964531,0.006810782942920923,0.02568831667304039,0.04527213051915169,0.07076887041330338,0.01698395237326622,0.36462312936782837
1109,0.04467125982046127,0.00046844378812238574,0.041661955416202545,0.04594242945313454,0.07690631598234177,0.006335844285786152,0.022153988480567932,0.04251907020807266,0.03456752002239227,0.03580255061388016,0.007635258138179779,0.1313999444246292,0.02908402681350708,0.05099409073591232,0.02659626305103302,0.08167325705289841,0.07678176462650299,0.07433503866195679,0.00284334784373641,0.1676224023103714
1110,0.00979201216250658,6.66597843519412e-05,0.01689664088189602,0.007780051790177822,0.0016083564842119813,0.015532519668340683,0.002966952044516802,0.001463505206629634,0.009489774703979492,0.003072974970564246,0.0006703984690830112,0.02653946541249752,0.8520422577857971,0.007394641172140837,0.006153236608952284,0.021059945225715637,0.011806921102106571,0.002957700053229928,0.00015250574506353587,0.002550501609221101
1111,0.07283075898885727,0.00029284963966347277,0.05598994344472885,0.05675036460161209,0.01812373474240303,0.07980610430240631,0.018755171447992325,0.022843992337584496,0.06708236038684845,0.034651048481464386,0.0075953626073896885,0.07559166848659515,0.08174294978380203,0.05701031535863876,0.06994711607694626,0.12550589442253113,0.08592193573713303,0.049123525619506836,0.0013728460762649775,0.019055509939789772
1112,0.039736099541187286,0.00016274316294584423,0.03101767599582672,0.04252171888947487,0.035756804049015045,0.026152977719902992,0.011630109511315823,0.061736539006233215,0.042522966861724854,0.06594929844141006,0.009380937553942204,0.29325681924819946,0.050121184438467026,0.03599494695663452,0.028222981840372086,0.047478120774030685,0.061093226075172424,0.08316217362880707,0.002743037650361657,0.03135358914732933
1113,0.060203731060028076,0.00014953115896787494,0.03953306004405022,0.02982218563556671,0.03402426093816757,0.03399617224931717,0.0087958462536335,0.06786222010850906,0.04347500950098038,0.08240820467472076,0.009296797215938568,0.19066359102725983,0.08665904402732849,0.04121670871973038,0.0261467806994915,0.07073825597763062,0.05190074443817139,0.09281758219003677,0.002686419291421771,0.027600694447755814
1114,0.08530822396278381,0.00020878156647086143,0.03884406015276909,0.041537873446941376,0.03682826831936836,0.04949807748198509,0.009558302350342274,0.06391550600528717,0.039973434060811996,0.08177529275417328,0.010078271850943565,0.05046691745519638,0.05268637835979462,0.03247912600636482,0.022465242072939873,0.10973823815584183,0.14144372940063477,0.10590982437133789,0.002052317140623927,0.025229688733816147
1115,0.08351965993642807,0.00015748354780953377,0.09898843616247177,0.07591692358255386,0.014589300379157066,0.0858621820807457,0.010254209861159325,0.01526144240051508,0.062367334961891174,0.030430827289819717,0.004881333094090223,0.08264204859733582,0.05311385542154312,0.03446870669722557,0.02332092635333538,0.16172032058238983,0.11375675350427628,0.03284108266234398,0.0016959107015281916,0.014205665327608585
1116,0.03372930735349655,3.582027420634404e-05,0.06064784899353981,0.06180437281727791,0.0030739312060177326,0.046964019536972046,0.004598537459969521,0.00531061552464962,0.04111386463046074,0.009716571308672428,0.0020556184463202953,0.5585630536079407,0.028690004721283913,0.025401027873158455,0.01497464906424284,0.0513245165348053,0.036507196724414825,0.011105253361165524,0.0003580574120860547,0.004016444552689791
1117,0.034871093928813934,0.00039702217327430844,0.04496649280190468,0.04041316732764244,0.14852672815322876,0.04228602722287178,0.031030066311359406,0.029876703396439552,0.05770368129014969,0.07343783229589462,0.016728144139051437,0.07637607306241989,0.006587284617125988,0.05761471763253212,0.03503735736012459,0.07488680630922318,0.08145526796579361,0.04213421791791916,0.006294374819844961,0.09937216341495514
1118,0.03455159068107605,0.0005417354987002909,0.009018576703965664,0.006031925790011883,0.22784307599067688,0.011609132401645184,0.007727871183305979,0.1616927832365036,0.00480867363512516,0.15674279630184174,0.030144037678837776,0.011696446686983109,0.004361767787486315,0.008082877844572067,0.004317473154515028,0.01792030595242977,0.027885615825653076,0.16654588282108307,0.007175026927143335,0.10130045562982559
1119,0.010558702982962132,9.075943671632558e-05,0.0005067598540335894,0.0008768232655711472,0.23247092962265015,0.0022421099711209536,0.0017091520130634308,0.2837211787700653,0.0012336085783317685,0.19237644970417023,0.014660824090242386,0.0011259337188676,0.002587977098301053,0.001507784123532474,0.0014220362063497305,0.005925622768700123,0.029195908457040787,0.1624767780303955,0.005397041793912649,0.049909450113773346
1120,0.044524289667606354,0.00026273561525158584,0.009923901408910751,0.03379170969128609,0.06339333206415176,0.007590329274535179,0.014562886208295822,0.1501862108707428,0.037490274757146835,0.08078309893608093,0.013557936996221542,0.012120736762881279,0.009151972830295563,0.03267614543437958,0.03838822990655899,0.06508461385965347,0.1100471019744873,0.20856910943984985,0.004103048704564571,0.06378772109746933
1121,0.02661987394094467,0.00016252313798759133,0.0009484104812145233,0.0028565905522555113,0.10436022281646729,0.008381699211895466,0.001591224572621286,0.13332322239875793,0.0027311290614306927,0.46672987937927246,0.04370025172829628,0.0020082532428205013,0.015924176201224327,0.00498276436701417,0.0025852471590042114,0.012643025256693363,0.02570202946662903,0.12896239757537842,0.0010415486758574843,0.014742432162165642
1122,0.07744710892438889,0.0004439823387656361,0.06370583921670914,0.0797719731926918,0.009121171198785305,0.17211531102657318,0.011481795459985733,0.009875711984932423,0.04334116354584694,0.02070572040975094,0.005019598640501499,0.05112966522574425,0.023441866040229797,0.0409468449652195,0.027610836550593376,0.18870817124843597,0.1318686455488205,0.03028898872435093,0.0006794731016270816,0.012292668223381042
1123,0.05550478771328926,0.00026364976656623185,0.11855968087911606,0.06066316366195679,0.01172539684921503,0.048103347420692444,0.01631164364516735,0.018583260476589203,0.09747485816478729,0.018812011927366257,0.004488881677389145,0.11080797761678696,0.0641748458147049,0.049276772886514664,0.03538432717323303,0.12961235642433167,0.1034984365105629,0.044499803334474564,0.0003930085804313421,0.01185776386409998
1124,0.0007411669357679784,0.9852443933486938,0.0005014233756810427,0.000510900397785008,0.0027128260117024183,0.0006421796279028058,0.0001416357554262504,0.0010995198972523212,0.0002886331349145621,0.0018601242918521166,0.0002692150592338294,0.0003805843007285148,0.00039202996413223445,0.0003353854699525982,0.000214754298212938,0.0009428215562365949,0.0006332422490231693,0.0013664765283465385,0.00011792458826676011,0.0016042814822867513
1125,0.026807816699147224,3.8697002310073e-05,0.11642702668905258,0.04150492325425148,0.0007594253984279931,0.046428848057985306,0.003268562024459243,0.0007755063707008958,0.013262051157653332,0.0018776279175654054,0.0006966178771108389,0.06248879060149193,0.050437260419130325,0.01593940332531929,0.004216731525957584,0.5295835733413696,0.08266842365264893,0.002099912613630295,2.9044918846921064e-05,0.0006884254980832338
1126,0.06668072193861008,0.0006767218583263457,0.02105536125600338,0.027651265263557434,0.21704533696174622,0.020947977900505066,0.016542773693799973,0.035520851612091064,0.033323705196380615,0.04734272509813309,0.010813280940055847,0.029865918681025505,0.06067591533064842,0.03386494889855385,0.02851784974336624,0.09199546277523041,0.06668522953987122,0.07514085620641708,0.003744992660358548,0.11190210282802582
1127,0.039323654025793076,6.932432734174654e-05,0.07785268872976303,0.08132313191890717,0.009477193467319012,0.026703722774982452,0.030780937522649765,0.01789085939526558,0.11938346922397614,0.01113149058073759,0.004008593503385782,0.10727737098932266,0.02548319846391678,0.08444967865943909,0.05025485157966614,0.1434803605079651,0.11601082235574722,0.04466650262475014,0.00046453619142994285,0.009963709861040115
1128,0.07015684247016907,0.00028016045689582825,0.018802637234330177,0.029205791652202606,0.06870798021554947,0.0724397525191307,0.016365477815270424,0.06455628573894501,0.03087063692510128,0.07220502197742462,0.01582319661974907,0.024899637326598167,0.04256374016404152,0.03143328055739403,0.029919395223259926,0.08428426831960678,0.10387340933084488,0.11235055327415466,0.0037844160106033087,0.10747307538986206
1129,0.020328763872385025,2.95627487503225e-05,0.03485995531082153,0.026556069031357765,0.0015149153769016266,0.0289437398314476,0.00928639154881239,0.0015425633173435926,0.022220605984330177,0.002911214018240571,0.001141105662100017,0.03444601222872734,0.7019482851028442,0.022619791328907013,0.012308120727539062,0.04642719775438309,0.02598152868449688,0.0043086279183626175,0.00021161108452361077,0.002412626286968589
1130,0.06262993067502975,9.823449363466352e-05,0.03900981694459915,0.06223577260971069,0.03904680535197258,0.024508953094482422,0.027560589835047722,0.03749978914856911,0.073664590716362,0.04744069278240204,0.00975917000323534,0.05919775739312172,0.0764477476477623,0.07296141237020493,0.054150234907865524,0.09441681951284409,0.09951524436473846,0.07175841927528381,0.0030112084932625294,0.04508417844772339
1131,0.11588501185178757,0.00014258208102546632,0.023783348500728607,0.026972617954015732,0.03629416227340698,0.06567148119211197,0.009202522225677967,0.08075769245624542,0.022387685254216194,0.07888415455818176,0.014120649546384811,0.03681572899222374,0.07739454507827759,0.04127287119626999,0.019980276003479958,0.08467729389667511,0.07545270770788193,0.1581667810678482,0.0018572513945400715,0.030277838930487633
1132,0.0024895179085433483,6.17960222371039e-06,0.01930641010403633,0.010218799114227295,0.0001927275152411312,0.0028202671092003584,0.0005608340143226087,0.000437722890637815,0.0044414266012609005,0.0006781851407140493,0.00014488038141280413,0.9243042469024658,0.01655368134379387,0.003560944925993681,0.0009853097144514322,0.00787587184458971,0.003979467786848545,0.0010726216714829206,2.055230834230315e-05,0.0003497024008538574
1133,0.09150471538305283,0.00016777454584371299,0.10017270594835281,0.11760541051626205,0.019668737426400185,0.05444343015551567,0.01067604124546051,0.014557247050106525,0.042456675320863724,0.019421380013227463,0.006722813472151756,0.08191380649805069,0.007222568616271019,0.07168719917535782,0.022858021780848503,0.15565750002861023,0.11099310219287872,0.0417197123169899,0.002053096191957593,0.028495952486991882
1134,0.005823718383908272,1.4142608051770367e-05,0.0038118932861834764,0.005178047344088554,0.0038969269953668118,0.0015001207357272506,0.00047249780618585646,0.0103820925578475,0.0033532315865159035,0.005443257745355368,0.000696686445735395,0.002654386917129159,0.006406676489859819,0.00342936790548265,0.0012439698912203312,0.23356513679027557,0.6980262398719788,0.011676408350467682,0.00011759173503378406,0.002307017333805561
1135,0.05222811922430992,5.2657502237707376e-05,0.05361807718873024,0.046762414276599884,0.06750907003879547,0.016296375542879105,0.009115232154726982,0.18704138696193695,0.03248308226466179,0.09291290491819382,0.007452112156897783,0.036607176065444946,0.006124535109847784,0.033413659781217575,0.014949467964470387,0.02071860060095787,0.02705504558980465,0.23706117272377014,0.0035002040676772594,0.05509288236498833
1136,0.04539743438363075,0.00012636618339456618,0.033514831215143204,0.04775264114141464,0.10201308876276016,0.01782234013080597,0.005821978207677603,0.14765146374702454,0.01803726516664028,0.10534214228391647,0.0070835743099451065,0.018792476505041122,0.07997970283031464,0.023318754509091377,0.01106270495802164,0.05919748917222023,0.052102431654930115,0.12321959435939789,0.00776891503483057,0.09399120509624481
1137,0.048477474600076675,4.6426117478404194e-05,0.06411361694335938,0.2135983556509018,0.006652762647718191,0.011446659453213215,0.009189523756504059,0.04548903554677963,0.05640808865427971,0.025159360840916634,0.00514282425865531,0.0498126745223999,0.021254034712910652,0.08140896260738373,0.015058264136314392,0.04962539300322533,0.18610189855098724,0.09775765240192413,0.0002730362175498158,0.012979847379028797
1138,0.04356743022799492,5.7446894061286e-05,0.1317787915468216,0.11668586730957031,0.03398972749710083,0.029287731274962425,0.00680171325802803,0.06858229637145996,0.03225663676857948,0.062283843755722046,0.006755398120731115,0.06236879900097847,0.07978379726409912,0.05098855867981911,0.01134249847382307,0.07436218857765198,0.06331408023834229,0.09015334397554398,0.0014867844292894006,0.03414981812238693
1139,0.03005618415772915,5.084688018541783e-05,0.02811526134610176,0.03870554268360138,0.04962632432579994,0.019028546288609505,0.00651924405246973,0.1321745067834854,0.05696035176515579,0.07834796607494354,0.004626247566193342,0.05018344894051552,0.1091572642326355,0.028795655816793442,0.014624669216573238,0.09020877629518509,0.07286901026964188,0.13472987711429596,0.003660314017906785,0.0515480563044548
1140,0.04735931381583214,4.777734284289181e-05,0.025395642966032028,0.030679309740662575,0.03809110075235367,0.02078138291835785,0.003932693973183632,0.19804321229457855,0.05340888723731041,0.19213613867759705,0.013225443661212921,0.025710392743349075,0.06357918679714203,0.032485231757164,0.015223023481667042,0.030856851488351822,0.05310552194714546,0.13587027788162231,0.0010250172344967723,0.019040048122406006
1141,0.08871152997016907,2.7970132578047924e-05,0.07770388573408127,0.09543973952531815,0.04241788759827614,0.03320504352450371,0.005550764966756105,0.08092217147350311,0.10834142565727234,0.06649991124868393,0.008387021720409393,0.04191610589623451,0.04625173285603523,0.06267727166414261,0.017375122755765915,0.07699782401323318,0.05691342055797577,0.07245472818613052,0.00123917730525136,0.01696273311972618
1142,0.030679456889629364,1.862592762336135e-05,0.3887118995189667,0.09929608553647995,0.007574701681733131,0.0179933812469244,0.003840303048491478,0.03306042030453682,0.04137341305613518,0.022724108770489693,0.0031623488757759333,0.08923208713531494,0.010930607095360756,0.04731263965368271,0.007027026265859604,0.08563341200351715,0.0566592775285244,0.044487807899713516,0.0005254493444226682,0.009750773198902607
1143,0.025721458718180656,3.830069545074366e-05,0.04718253016471863,0.02703593298792839,0.14100492000579834,0.01825471594929695,0.002206080360338092,0.196464404463768,0.009747293777763844,0.17635111510753632,0.017021987587213516,0.03704197704792023,0.02636764943599701,0.011300511658191681,0.00453766668215394,0.032715849578380585,0.031988564878702164,0.11093751341104507,0.016125449910759926,0.06795141845941544
1144,0.04195171967148781,1.8978576918016188e-05,0.2259577214717865,0.11330998688936234,0.009333373047411442,0.03644362464547157,0.00422440841794014,0.025299301370978355,0.06605540961027145,0.02225661464035511,0.0027616461738944054,0.057933807373046875,0.18839585781097412,0.04442799463868141,0.007765545044094324,0.05907893180847168,0.05199329927563667,0.03622036427259445,0.0003855699033010751,0.00618019700050354
1145,0.12401324510574341,2.1884212401346304e-05,0.09664782136678696,0.0997166633605957,0.008329087868332863,0.036592740565538406,0.005212933290749788,0.031049024313688278,0.22085994482040405,0.031966887414455414,0.002887460170313716,0.055882520973682404,0.02154921367764473,0.07974645495414734,0.02706913836300373,0.06828796118497849,0.04881211742758751,0.03205179423093796,0.0007731965160928667,0.00852343812584877
1146,0.08393078297376633,2.8698195819742978e-05,0.01053723506629467,0.014558445662260056,0.07210888713598251,0.011030766181647778,0.0020509413443505764,0.22407804429531097,0.012213297188282013,0.1861710250377655,0.01495824009180069,0.012824298813939095,0.005544901359826326,0.02131957933306694,0.0062962984666228294,0.03025929257273674,0.05159446969628334,0.18771927058696747,0.00536965299397707,0.04739820957183838
1147,0.04069007933139801,2.7424472136772238e-05,0.12250304967164993,0.09595532715320587,0.04650149121880531,0.03342068940401077,0.0036438382230699062,0.02948181889951229,0.07305615395307541,0.038513004779815674,0.006938498001545668,0.1152026578783989,0.00505704153329134,0.16887256503105164,0.018889423459768295,0.06674360483884811,0.0598452091217041,0.027772868052124977,0.0057972501963377,0.041083697229623795
1148,0.14202521741390228,1.8994838683283888e-05,0.17853814363479614,0.23391006886959076,0.00738205062225461,0.019806936383247375,0.0015683794626966119,0.03428376838564873,0.05253902077674866,0.024274857714772224,0.0030004214495420456,0.04499909281730652,0.026150256395339966,0.04974967613816261,0.00678027980029583,0.07902620732784271,0.05258999764919281,0.038422975689172745,0.00023734116984996945,0.00468797329813242
1149,0.030362920835614204,7.461691438948037e-06,0.2803407311439514,0.3265666961669922,0.006397878751158714,0.02220628224313259,0.0015734442276880145,0.018362456932663918,0.03134237229824066,0.01676700823009014,0.003687410382553935,0.060201190412044525,0.0012512754183262587,0.06992165744304657,0.008171862922608852,0.06227701157331467,0.03738195076584816,0.013886374421417713,0.0009663986274972558,0.008324135094881058
1150,0.09656020253896713,0.00021224762895144522,0.0012887545162811875,0.0030488839838653803,0.06799594312906265,0.002349001821130514,0.0006807571044191718,0.18234066665172577,0.001883335062302649,0.216901034116745,0.04959705099463463,0.005789340008050203,0.00031065649818629026,0.011213692836463451,0.004388964734971523,0.016369523480534554,0.027038611471652985,0.255487322807312,0.008631491102278233,0.0479104220867157
1151,0.030461866408586502,1.0923527952400036e-05,0.4838162958621979,0.2689179480075836,0.0017608918715268373,0.013782852329313755,0.0018060730071738362,0.008888227865099907,0.021025195717811584,0.010260826908051968,0.0019692908972501755,0.0629241093993187,0.007602705620229244,0.025358524173498154,0.005362177733331919,0.02822493202984333,0.018207872286438942,0.007103087846189737,0.00019399529264774173,0.00231841579079628
1152,0.07397473603487015,1.1763737347791903e-05,0.17511482536792755,0.37836840748786926,0.0012008266057819128,0.014727948233485222,0.001235479605384171,0.008026031777262688,0.05898066982626915,0.013144666329026222,0.0008999284473247826,0.11992542445659637,0.002150066429749131,0.06273863464593887,0.008478882722556591,0.04013868048787117,0.0297243595123291,0.009622855111956596,0.00013182144903112203,0.0013955009635537863
1153,0.05814114585518837,3.185280002071522e-05,0.008511782623827457,0.0315789170563221,0.1736174076795578,0.005345757119357586,0.006417054682970047,0.16363391280174255,0.030367031693458557,0.18575626611709595,0.014915824867784977,0.01380588673055172,0.001534381415694952,0.04248908534646034,0.015063406899571419,0.014761833474040031,0.020182447507977486,0.05203726515173912,0.024723419919610023,0.13707774877548218
1154,0.02613021805882454,8.179933502105996e-05,0.025536218658089638,0.05087243393063545,0.1408451348543167,0.013302966021001339,0.007133213337510824,0.07373680174350739,0.03780626505613327,0.2165631204843521,0.027102893218398094,0.09409377723932266,0.0011560535058379173,0.027930203825235367,0.02339998073875904,0.026040267199277878,0.024956557899713516,0.040944747626781464,0.0343039408326149,0.10805792361497879
1155,0.23230840265750885,1.6815969502204098e-05,0.026800056919455528,0.0994996502995491,0.0033595990389585495,0.15365615487098694,0.004659553989768028,0.008745227009057999,0.13034993410110474,0.012206302024424076,0.0012862045550718904,0.05621267855167389,0.028914112597703934,0.06829750537872314,0.019373008981347084,0.08498051762580872,0.043398041278123856,0.022054903209209442,0.00015145303041208535,0.0037206013221293688
1156,0.0021534734405577183,6.161005330795888e-06,0.03012649156153202,0.02025357261300087,0.00018855955568142235,0.007496691774576902,0.00029610993806272745,0.0008245826466009021,0.00303091062232852,0.0007732327794656157,0.00013197971566114575,0.9080882668495178,0.0020881029777228832,0.0035072157625108957,0.00041655736276879907,0.011063607409596443,0.008585050702095032,0.00074064388172701,9.303372280555777e-06,0.0002163832396036014
1157,0.08108451217412949,8.833831088850275e-05,0.03020406700670719,0.024773800745606422,0.10340374708175659,0.02685079351067543,0.007478866260498762,0.13217876851558685,0.02389361709356308,0.0703263208270073,0.010943925008177757,0.026025954633951187,0.0009088724036701024,0.06229749694466591,0.01618620939552784,0.11039438843727112,0.07880063354969025,0.11419373005628586,0.005484376102685928,0.0744774118065834
1158,0.001630000420846045,8.545478522137273e-06,0.0055976686999201775,0.005514433141797781,0.0008377438643947244,0.0037586919497698545,0.000735630514100194,0.0026258875150233507,0.010172678157687187,0.0011414506006985903,0.00015299970982596278,0.007823009975254536,0.009461194276809692,0.004509275313466787,0.0010597585933282971,0.4396049678325653,0.5013202428817749,0.0033639080356806517,4.910980351269245e-05,0.0006310591124929488
1159,0.03139438107609749,4.6780758566455916e-05,0.024074381217360497,0.031496308743953705,0.05548480525612831,0.017509136348962784,0.0010073763551190495,0.29008692502975464,0.01200766209512949,0.24652743339538574,0.012362881563603878,0.01716621406376362,0.0033266653772443533,0.014721565879881382,0.0037290388718247414,0.026422614231705666,0.04297660291194916,0.14934146404266357,0.0018844262231141329,0.018427837640047073
1160,0.030907489359378815,7.574512710561976e-05,0.05278748646378517,0.038119103759527206,0.045484088361263275,0.05499015375971794,0.003767085960134864,0.17139171063899994,0.03131655603647232,0.09048525989055634,0.004418996162712574,0.036120180040597916,0.09881430864334106,0.023256059736013412,0.006005530245602131,0.1042390689253807,0.07672099024057388,0.11540959775447845,0.00209897686727345,0.01356774102896452
1161,0.039799194782972336,2.599141043901909e-05,0.13307487964630127,0.09152688086032867,0.01376019325107336,0.03292928263545036,0.01007385365664959,0.06153268739581108,0.08507044613361359,0.030143490061163902,0.0031310587655752897,0.07813560962677002,0.036346349865198135,0.0470946729183197,0.006415891461074352,0.12273507565259933,0.11421794444322586,0.08622071892023087,0.00036356732016429305,0.007393285166472197
1162,0.009834389202296734,4.292785160942003e-05,0.00836293213069439,0.007806887850165367,0.14696408808231354,0.007397395092993975,0.0008128026966005564,0.3969644010066986,0.004344551358371973,0.1673305779695511,0.006372504401952028,0.0058564175851643085,0.018981823697686195,0.004327795002609491,0.001515876967459917,0.014214197173714638,0.02194357104599476,0.15081728994846344,0.003195693716406822,0.022906038910150528
1163,0.00865862611681223,1.6272684661089443e-05,0.5344744920730591,0.0393727570772171,0.004724240396171808,0.01396360993385315,0.006154436618089676,0.014184831641614437,0.0318048931658268,0.006798551417887211,0.000754543230868876,0.17108705639839172,0.017189348116517067,0.019953813403844833,0.0029253035318106413,0.05813351273536682,0.044969022274017334,0.02077247016131878,0.00020616823167074472,0.0038487573619931936
1164,0.0019601171370595694,2.0922812836943194e-05,0.0010394498240202665,0.0008116738172248006,0.19873878359794617,0.001809517154470086,0.00019774130487348884,0.11008478701114655,0.0006751478649675846,0.615411639213562,0.006744396407157183,0.0007485930109396577,0.005711113568395376,0.0005739766056649387,0.000338388403179124,0.002012804849073291,0.005103627219796181,0.027084430679678917,0.00675208680331707,0.014178277924656868
1165,0.006583597045391798,2.489152211637702e-05,0.010451963171362877,0.008619394153356552,0.012879726476967335,0.43338826298713684,0.0007318269344978034,0.038508396595716476,0.007321368437260389,0.02141280099749565,0.0018828499596565962,0.0061259400099515915,0.332185298204422,0.004097473341971636,0.002576954662799835,0.05347819626331329,0.03533800318837166,0.022204147651791573,0.00027882104041054845,0.0019064191728830338
1166,0.008209846913814545,1.2275827430130448e-05,0.5260632038116455,0.014759154058992863,0.007095709443092346,0.0063800630159676075,0.0006902695167809725,0.006418948527425528,0.005441841669380665,0.006232688669115305,0.0006937358411960304,0.3417694568634033,0.018893469125032425,0.004098836332559586,0.001064784242771566,0.030925074592232704,0.010256011970341206,0.007725990377366543,0.0013562755193561316,0.0019060531631112099
1167,0.0011997222900390625,1.1657313734758645e-05,0.0006813984364271164,0.00028467137599363923,0.11321864277124405,0.000537155952770263,0.00013530829164665192,0.09469219297170639,0.00016604107804596424,0.735913872718811,0.007418632507324219,0.0006011081277392805,0.0015217125182971358,0.0002693491114769131,0.00011082555283792317,0.0010422299383208156,0.0036332292947918177,0.02193685621023178,0.006062885280698538,0.010556459426879883
1168,0.06719854474067688,3.643320451374166e-05,0.040346331894397736,0.0538613498210907,0.012480470351874828,0.01763259619474411,0.0034624123945832253,0.01011080015450716,0.028230154886841774,0.018001487478613853,0.0021336369682103395,0.013149496167898178,0.06245813146233559,0.020499635487794876,0.007456478197127581,0.45695221424102783,0.16853134334087372,0.01126022543758154,0.0005146745825186372,0.005679258145391941
1169,0.18256235122680664,3.785894296015613e-05,0.08317065984010696,0.08707395195960999,0.03520847111940384,0.040600161999464035,0.00668344646692276,0.029112542048096657,0.06722984462976456,0.04093063995242119,0.00469588628038764,0.03522298485040665,0.002491878578439355,0.05090022087097168,0.012157929129898548,0.175149068236351,0.055605776607990265,0.07241663336753845,0.006253564730286598,0.012489529326558113
1170,0.002768459264189005,8.497077033098321e-06,0.00018986972281709313,0.00011670502863125876,0.07030408829450607,0.00040500328759662807,0.00011126983736176044,0.16877682507038116,0.00024683235096745193,0.6968464255332947,0.010497946292161942,0.00025529219419695437,0.0002493145293556154,0.00026433117454871535,0.00018387316958978772,0.0006423737504519522,0.0009664485696703196,0.02936851978302002,0.008669974282383919,0.0091177336871624
1171,0.01408177800476551,5.658012014464475e-06,0.01025373861193657,0.03424304351210594,0.0020153294317424297,0.008685494773089886,0.0009216877515427768,0.008561651222407818,0.008460290729999542,0.013150230050086975,0.002800255548208952,0.8310805559158325,0.0011918589007109404,0.01766272448003292,0.002027644542977214,0.019970685243606567,0.014212192967534065,0.008104674518108368,0.00024333091278094798,0.0023255120031535625
1172,0.12524105608463287,3.305936115793884e-05,0.1520533263683319,0.2127031683921814,0.009422818198800087,0.013498601503670216,0.002168725011870265,0.02477559633553028,0.022019343450665474,0.025466546416282654,0.006172633729875088,0.05179731920361519,7.860591722419485e-05,0.16017943620681763,0.006325912661850452,0.11896729469299316,0.039822787046432495,0.0251668281853199,0.0006388197070918977,0.003459775820374489
1173,0.004574474412947893,4.8002157200244255e-06,0.003970320802181959,0.004433058202266693,0.0005468779127113521,0.0008726554224267602,0.00015627522952854633,0.0016533894231542945,0.002029930241405964,0.003100820817053318,0.0008063642890192568,0.0021944015752524137,0.00016009564569685608,0.004480865318328142,0.0006708887522108853,0.39779311418533325,0.570934534072876,0.0011844137916341424,0.00010892978752963245,0.0003225144755560905
1174,0.0033923033624887466,1.5142922165978234e-05,0.0005349708953872323,0.0002561846631579101,0.04083295911550522,0.0004697131516877562,0.00012666166003327817,0.20213501155376434,0.0003207047120667994,0.6964402794837952,0.018418269231915474,0.0008011931204237044,4.6187731641111895e-05,0.000505197502207011,0.00028508141986094415,0.0014631184749305248,0.0015315996715798974,0.027208592742681503,0.0023350240662693977,0.0028788470663130283
1175,0.14829668402671814,2.7917065381188877e-05,0.09312623739242554,0.15151290595531464,0.018644535914063454,0.03563178703188896,0.005840804893523455,0.07040078938007355,0.02724013663828373,0.07100450992584229,0.009583803825080395,0.053048182278871536,0.0009611609857529402,0.07658413797616959,0.010959076695144176,0.09272267669439316,0.0534030944108963,0.06166050210595131,0.001943135168403387,0.01740245148539543
1176,0.08450565487146378,1.2620760571735445e-05,0.2756248116493225,0.36435410380363464,0.0016734452219679952,0.010787570849061012,0.004273076541721821,0.004567309748381376,0.03880804404616356,0.00808449275791645,0.0014982301509007812,0.09152525663375854,0.0002977728727273643,0.037831228226423264,0.017202965915203094,0.03741006925702095,0.011617532931268215,0.007043037563562393,0.00037969331606291234,0.0024934248067438602
1177,0.009162125177681446,4.719841672340408e-05,0.00012026817421428859,5.5741285905241966e-05,0.03012118861079216,0.00013596779899671674,0.00022335608082357794,0.1020166426897049,7.902121433289722e-05,0.8085936903953552,0.019609613344073296,0.001246423227712512,2.1298434148775414e-05,0.000571215758100152,6.354148354148492e-05,0.0007725966279394925,0.0011010351590812206,0.016914943233132362,0.0018904049647971988,0.007249752059578896
1178,0.0017659515142440796,5.388798854255583e-06,0.004759795498102903,0.0035190812777727842,0.0008682198240421712,0.003490212606266141,0.0001732653909130022,0.0015165656805038452,0.0022535258904099464,0.003110575955361128,0.0011642405297607183,0.006651763804256916,3.59055120497942e-05,0.017976269125938416,0.0008777364855632186,0.5188344120979309,0.43143343925476074,0.000770207610912621,0.0002030745381489396,0.0005896795773878694
1179,0.16920092701911926,4.3309108150424436e-05,0.11915057897567749,0.09591435641050339,0.002280993852764368,0.04424651339650154,0.008267351426184177,0.008902131579816341,0.13934579491615295,0.015419728122651577,0.005144533701241016,0.134526327252388,0.0022720361594110727,0.07399315387010574,0.03991750255227089,0.08550138771533966,0.040158193558454514,0.011717709712684155,0.0003155968151986599,0.003675141604617238
1180,0.018136020749807358,1.097643416869687e-05,0.07564074546098709,0.6815453171730042,0.0007326253689825535,0.003899054601788521,0.0043858070857822895,0.008757384493947029,0.011753746308386326,0.005368186626583338,0.0034583956003189087,0.021081488579511642,9.66216903179884e-05,0.10124406218528748,0.006006372626870871,0.020508455112576485,0.02547982893884182,0.008681724779307842,0.0002589095092844218,0.002950510010123253
1181,0.007816833443939686,8.936413360061124e-05,1.846489612944424e-05,0.00011318241740809754,0.033629387617111206,0.000269027630565688,0.0002105788153130561,0.4296662211418152,0.00022333653760142624,0.4157907962799072,0.023651449009776115,0.00031431709066964686,7.0722207965445705e-06,0.0008297285530716181,0.00030505823087878525,0.0013221654808148742,0.002381834900006652,0.0751190334558487,0.002380565507337451,0.005859255325049162
1182,0.02289692871272564,1.2345709365035873e-05,0.5813562273979187,0.2331514060497284,0.0017843139357864857,0.008462285622954369,0.001964353024959564,0.008580931462347507,0.011173010803759098,0.009251573123037815,0.0017900679958984256,0.053420860320329666,0.0002379117941018194,0.02575116790831089,0.002236353000625968,0.01636379212141037,0.011071252636611462,0.008103564381599426,0.0003246941778343171,0.0020633749663829803
1183,0.060739923268556595,6.555999425472692e-05,0.12083201110363007,0.1388351321220398,0.008434933610260487,0.021905848756432533,0.062079593539237976,0.011929753236472607,0.1396680474281311,0.012012677267193794,0.0022503111977130175,0.0971892699599266,0.00017482831026427448,0.0424029640853405,0.14399051666259766,0.062371257692575455,0.020449332892894745,0.013465658761560917,0.0028903696220368147,0.038303133100271225
1184,0.00645821588113904,4.315672049415298e-05,4.334803088568151e-05,4.386478030937724e-05,0.02465721033513546,0.0001370065292576328,0.00016949653218034655,0.07851729542016983,4.265783718437888e-05,0.8421889543533325,0.013157978653907776,0.00028756813844665885,2.3534887532150606e-06,0.0007629279862158,5.554952076636255e-05,0.00024587297230027616,0.000357067707227543,0.0161677747964859,0.007758619263768196,0.008900023065507412
1185,0.04290688410401344,4.731915032607503e-05,0.05368093401193619,0.1102917417883873,0.00837777554988861,0.04136143997311592,0.010960645973682404,0.021182963624596596,0.09741156548261642,0.03060321696102619,0.007944198325276375,0.16782298684120178,0.0007334807305596769,0.09862976521253586,0.039565157145261765,0.10208927094936371,0.12963667511940002,0.017028512433171272,0.0027122555766254663,0.01700923964381218
1186,0.04930756986141205,4.9081561883213e-05,0.1337663233280182,0.36521661281585693,0.006086551584303379,0.04516925290226936,0.0031742691062390804,0.025949344038963318,0.05504925921559334,0.027926655486226082,0.004108085762709379,0.06233092397451401,0.0005105814780108631,0.07699134200811386,0.013496910221874714,0.04544447734951973,0.04325263947248459,0.03667839244008064,0.0005499614053405821,0.004932778421789408
1187,0.019752074033021927,3.65197665814776e-05,0.006474354770034552,0.03828305006027222,0.02255331352353096,0.0016485067317262292,0.002357130404561758,0.1726193130016327,0.020786847919225693,0.19473612308502197,0.04377976804971695,0.007507168222218752,6.0686335928039625e-05,0.054327767342329025,0.014475706964731216,0.06242619454860687,0.2617587745189667,0.049253612756729126,0.012837632559239864,0.014319140464067459
1188,0.06449006497859955,0.00020848236454185098,0.0016682461136952043,0.007463967893272638,0.0176656823605299,0.013098813593387604,0.0031742427963763475,0.26815366744995117,0.011366571299731731,0.21454088389873505,0.03887314349412918,0.020426470786333084,0.0002496133092790842,0.029538176953792572,0.005590551998466253,0.06133846938610077,0.054225701838731766,0.17406637966632843,0.0008746910025365651,0.01298375055193901
1189,0.06434670835733414,6.321851833490655e-05,0.03691906854510307,0.02901756949722767,0.012413768097758293,0.04936038330197334,0.022898923605680466,0.03620058670639992,0.2489943653345108,0.034018658101558685,0.006246412638574839,0.0970122441649437,0.00435571139678359,0.06696171313524246,0.10956370830535889,0.07388868927955627,0.055522073060274124,0.03982560336589813,0.001327286008745432,0.011055661365389824
1190,0.05063305050134659,0.0001130725140683353,0.035522978752851486,0.06370516121387482,0.011000477708876133,0.06213546171784401,0.028570078313350677,0.03262685239315033,0.15486082434654236,0.03723694384098053,0.00866676028817892,0.11067299544811249,0.0029540606774389744,0.10884397476911545,0.052807409316301346,0.11968035995960236,0.06429782509803772,0.0373619869351387,0.0016852680128067732,0.016614435240626335
1191,0.013777528889477253,6.068762013455853e-05,2.401282290520612e-05,4.4953467295272276e-05,0.03697929158806801,0.00037276282091625035,0.00015730485029052943,0.20935313403606415,7.000787445576862e-05,0.6490014791488647,0.024646630510687828,0.0002413341135252267,5.053608401794918e-05,0.00034279204555787146,0.00010280985588906333,0.0006202164804562926,0.0022841168101876974,0.04802970588207245,0.004155606031417847,0.009680847637355328
1192,0.0028905938379466534,5.571448582486482e-06,0.0022014123387634754,0.007696790620684624,0.00021550114615820348,0.0037509389221668243,0.0009225906105712056,0.0007277982658706605,0.008144430816173553,0.0013385211350396276,0.000523253926075995,0.2533620595932007,0.00019067169341724366,0.009792936034500599,0.004246931057423353,0.2647974193096161,0.43791550397872925,0.0006526194047182798,3.0382678232854232e-05,0.0005932219210080802
1193,0.06786790490150452,0.00010295724496245384,0.05105948448181152,0.05653916299343109,0.002834080019965768,0.023364555090665817,0.00442095659673214,0.013130010105669498,0.11991573125123978,0.013553549535572529,0.0035363819915801287,0.055924344807863235,0.0002427873114356771,0.3891293704509735,0.0197428148239851,0.12852975726127625,0.03313412517309189,0.014212544076144695,0.000300607702229172,0.0024504216853529215
1194,0.005545360967516899,2.292157478223089e-05,0.0013948335545137525,0.0025118952617049217,0.001346740173175931,0.0016729998169466853,0.001686591887846589,0.004604713525623083,0.008978884667158127,0.006547923199832439,0.0018835830269381404,0.006088235415518284,0.00010024275252362713,0.010588029399514198,0.0038743694312870502,0.3043389618396759,0.6329513788223267,0.0032404076773673296,0.0006810578051954508,0.0019396767020225525
1195,0.015650438144803047,3.445189940975979e-05,0.0005747349350713193,0.0007652784115634859,0.022762708365917206,0.002688054461032152,0.00047693162923678756,0.2662194073200226,0.002452398417517543,0.5875082612037659,0.02180357649922371,0.0016979965148493648,0.00016544545360375196,0.0014517023228108883,0.0015228771371766925,0.004201232921332121,0.0036859798710793257,0.0537431426346302,0.004019452724605799,0.008574063889682293
1196,0.09228627383708954,6.969102832954377e-05,0.030806759372353554,0.04232453554868698,0.012138675898313522,0.04191293567419052,0.02820555865764618,0.05982493236660957,0.18626032769680023,0.045868005603551865,0.00490915821865201,0.08513480424880981,0.015670040622353554,0.057521820068359375,0.042130544781684875,0.09470480680465698,0.0715394914150238,0.0661889910697937,0.0019570409785956144,0.020537646487355232
1197,0.09072257578372955,6.713376933475956e-05,0.048558108508586884,0.07199399173259735,0.020183680579066277,0.02940276451408863,0.03825430944561958,0.02564966306090355,0.1477678418159485,0.03535354882478714,0.007557632401585579,0.08972212672233582,0.008825266733765602,0.0918709859251976,0.0557166151702404,0.074686199426651,0.06662801653146744,0.032473620027303696,0.024036308750510216,0.04051568731665611
1198,0.01934860460460186,6.372817733790725e-05,0.00044768277439288795,0.00075713632395491,0.04547367990016937,0.0008692565024830401,0.0002909688919316977,0.1228373795747757,0.00036485132295638323,0.702523946762085,0.025157777592539787,0.0007873362046666443,0.0015184686053544283,0.0015589718241244555,0.00040756832459010184,0.0027869127225130796,0.0022957490291446447,0.03063647262752056,0.030313555151224136,0.011555943638086319
1199,0.05883731693029404,7.783977343933657e-05,0.06203664094209671,0.1223924309015274,0.009962107986211777,0.05023139715194702,0.009476521983742714,0.08263401687145233,0.09737308323383331,0.04962211847305298,0.013311146758496761,0.05538775399327278,0.008446772582828999,0.10277729481458664,0.03863278776407242,0.10765054821968079,0.06389383971691132,0.047683924436569214,0.0031361852306872606,0.016429534181952477
1200,0.05179154872894287,6.848780321888626e-05,0.07334624975919724,0.13151581585407257,0.013602805323898792,0.03687932342290878,0.01450180821120739,0.01576492004096508,0.16185960173606873,0.02794882282614708,0.0058687892742455006,0.11269056797027588,0.0016852135304361582,0.08736734092235565,0.05143020302057266,0.060024846345186234,0.07414022088050842,0.016065053641796112,0.04529231786727905,0.01814737543463707
1201,0.019040340557694435,7.147279393393546e-05,0.0006758926319889724,0.0013040659250691533,0.07963480055332184,0.0010779176373034716,0.0013722410658374429,0.10244141519069672,0.005131741054356098,0.2461416870355606,0.02144704945385456,0.0012550967512652278,0.00033033054205588996,0.005716010928153992,0.0041679139249026775,0.0030706634279340506,0.0031050704419612885,0.022845733910799026,0.4376935064792633,0.04347127676010132
1202,0.12315424531698227,7.18805895303376e-05,0.012025319039821625,0.05092699080705643,0.015478702262043953,0.006560560315847397,0.004841187037527561,0.2009449601173401,0.029825782403349876,0.19643688201904297,0.02903500758111477,0.014862080104649067,0.0016725286841392517,0.04984510689973831,0.01178539264947176,0.026545394212007523,0.023146267980337143,0.17910747230052948,0.0031376054976135492,0.020592359825968742
1203,0.02588287927210331,0.0001658454566495493,0.06679073721170425,0.06569478660821915,0.03548867255449295,0.04223516583442688,0.022434236481785774,0.025106819346547127,0.27972790598869324,0.0283078420907259,0.005923268385231495,0.06997740268707275,0.01057927031069994,0.0527762845158577,0.08064965158700943,0.03909042850136757,0.037733111530542374,0.022786296904087067,0.05665159970521927,0.03198552876710892
1204,0.014754672534763813,0.00013736012624576688,0.000823956448584795,0.0010653651552274823,0.10677096247673035,0.0012482503661885858,0.001593966968357563,0.16945014894008636,0.0028143548406660557,0.2648134231567383,0.0242304690182209,0.0016573156462982297,0.0008665723144076765,0.002211543032899499,0.0019760127179324627,0.002311673015356064,0.004849783144891262,0.06409087777137756,0.2753381133079529,0.05898411199450493
1205,0.15715940296649933,0.00028848322108387947,0.016234178096055984,0.0562279187142849,0.05224214866757393,0.05373247712850571,0.008681264705955982,0.07082449644804001,0.0314939059317112,0.16710761189460754,0.02651367336511612,0.024774231016635895,0.009640329517424107,0.05328398570418358,0.013166775926947594,0.09098950028419495,0.05283881723880768,0.07357962429523468,0.007365139201283455,0.033852193504571915
1206,0.04491575062274933,0.0007591787725687027,0.05284615606069565,0.05903066694736481,0.03257694095373154,0.03845040127635002,0.015166434459388256,0.024915849789977074,0.21527314186096191,0.02702084556221962,0.011749917641282082,0.03380866348743439,0.025794588029384613,0.05570930242538452,0.03683437407016754,0.06657621264457703,0.07239583879709244,0.026786072179675102,0.14006087183952332,0.019320981577038765
1207,0.032467179000377655,0.005734828766435385,0.009142030961811543,0.015141171403229237,0.10493393987417221,0.015737488865852356,0.017112579196691513,0.06061593070626259,0.022223226726055145,0.12232349067926407,0.026429370045661926,0.019160283729434013,0.007531085051596165,0.01936827227473259,0.01110155414789915,0.02815990336239338,0.024894265457987785,0.031381938606500626,0.2734406590461731,0.1530933529138565
1208,0.06098843738436699,0.003080327995121479,0.005040851421654224,0.008782941848039627,0.10435207933187485,0.015877922996878624,0.00783739984035492,0.09494524449110031,0.034501947462558746,0.28969961404800415,0.06382308900356293,0.02478323131799698,0.005145840346813202,0.02139817737042904,0.015325933694839478,0.06287864595651627,0.0581468902528286,0.08339452743530273,0.00907135009765625,0.030916791409254074
1209,0.02887471206486225,0.00024477497208863497,0.04115324839949608,0.027636859565973282,0.007142513990402222,0.040599457919597626,0.12300945073366165,0.012668473646044731,0.2150648534297943,0.016745159402489662,0.004456476308405399,0.12278222292661667,0.016446495428681374,0.052441079169511795,0.0681062564253807,0.10755012929439545,0.07465438544750214,0.023258624598383904,0.00321018579415977,0.013937141746282578
1210,0.026715710759162903,0.00036021307460032403,0.004201597534120083,0.005563115701079369,0.06950666010379791,0.004881846718490124,0.005517652258276939,0.18064427375793457,0.02029546909034252,0.16386403143405914,0.0305305365473032,0.009526502341032028,0.032592058181762695,0.01649465039372444,0.005381669383496046,0.009308144450187683,0.09462010860443115,0.10960511863231659,0.1336231231689453,0.07676146924495697
1211,0.025935176759958267,0.00022360245930030942,0.00808060821145773,0.004238774534314871,0.004594698082655668,0.01326550543308258,0.07394932955503464,0.00985550694167614,0.01157816406339407,0.011384383775293827,0.0025923997163772583,0.17108191549777985,0.5438779592514038,0.012135530821979046,0.0034548488911241293,0.04253540560603142,0.016558213159441948,0.005948436912149191,0.012859049253165722,0.0258446354418993
1212,0.004604147747159004,0.0001168148301076144,0.001936671556904912,0.001478523132391274,0.018129244446754456,0.006340394727885723,0.001586860860697925,0.041781213134527206,0.006426339503377676,0.038973618298769,0.004584903363138437,0.0049890377558767796,0.0063115693628787994,0.0024639666080474854,0.0024173432029783726,0.006410553120076656,0.013596491888165474,0.01918547786772251,0.807136595249176,0.01152679231017828
1213,0.007662944030016661,7.02580509823747e-05,0.001423153793439269,0.022687459364533424,0.04702027887105942,0.011845760978758335,0.020616423338651657,0.006939223036170006,0.008253803476691246,0.019329044967889786,0.004081736318767071,0.009179402142763138,0.018263040110468864,0.03568204864859581,0.0017618685960769653,0.008528799749910831,0.007606044877320528,0.004132153000682592,0.2559129297733307,0.5089998841285706
1214,0.2945058345794678,0.0010010265978053212,0.0006346076843328774,0.003531031310558319,0.05963277071714401,0.12389197200536728,0.003357282839715481,0.08319954574108124,0.007406181190162897,0.07151930034160614,0.01775219291448593,0.0007538474746979773,0.0006815989618189633,0.007722418289631605,0.0007802756736055017,0.009160286746919155,0.016981707885861397,0.1730218529701233,0.023964930325746536,0.10050015896558762
1215,0.014083812944591045,0.0011097706155851483,0.0009612080757506192,0.0015264921821653843,0.0259874165058136,0.027037305757403374,0.003194056451320648,0.11009912192821503,0.012834117747843266,0.045708637684583664,0.005131211597472429,0.004110714420676231,0.01293918676674366,0.009088756516575813,0.006339888088405132,0.007253960240632296,0.011339278891682625,0.03576193377375603,0.5284054279327393,0.13708512485027313
1216,0.09612733870744705,0.002054577460512519,0.0002468258608132601,0.0002972752845380455,0.05073920637369156,0.10183750092983246,0.00021441103308461607,0.2268536537885666,5.06183278048411e-05,0.2927810549736023,0.008502948097884655,0.0003104696224909276,0.005451790988445282,0.00014724573702551425,4.872710633208044e-05,0.005500915460288525,0.01107519119977951,0.17187519371509552,0.009291943162679672,0.016590489074587822
1217,0.19545915722846985,0.011658472940325737,0.00031558770569972694,0.0006639100611209869,0.02219819650053978,0.12267877906560898,6.532880070153624e-05,0.19934627413749695,4.788462683791295e-05,0.235613614320755,0.01402792613953352,0.00021057878620922565,0.024007948115468025,0.0001655593659961596,2.2558046111953445e-05,0.03443051502108574,0.02522903122007847,0.1006365716457367,0.006342302542179823,0.006877172738313675
1218,0.048553187400102615,0.00777787808328867,3.773471689783037e-05,0.00010314213432138786,0.013982860371470451,0.05707145109772682,1.2055841580149718e-05,0.548240602016449,1.5353578419308178e-05,0.10579081624746323,0.004617211874574423,6.870537617942318e-05,0.0018810827750712633,3.6058710975339636e-05,1.4198873032000847e-05,0.019593531265854836,0.011943248100578785,0.17909586429595947,0.000587356451433152,0.0005736592574976385
1219,0.16031956672668457,0.007831773720681667,0.00033799675293266773,0.00038625611341558397,0.07613211870193481,0.2688908874988556,0.00011860140511998907,0.20196610689163208,7.932288281153888e-05,0.07269372045993805,0.004979544319212437,0.0009845824679359794,0.020488332957029343,0.00023088821035344154,3.139018008369021e-05,0.03507319092750549,0.023722659796476364,0.11354582756757736,0.008042316883802414,0.004142255522310734
1220,0.075174480676651,0.014482889324426651,9.265671542380005e-05,0.00015440872812177986,0.06966499984264374,0.14121034741401672,2.9685388653888367e-05,0.21367128193378448,3.0359085940290242e-05,0.33967962861061096,0.005423945840448141,0.00016393352416343987,0.004807366523891687,8.161010191543028e-05,1.0309457138646394e-05,0.010160190984606743,0.005708042532205582,0.11839114129543304,0.0005975733511149883,0.000462125928606838
1221,0.13189959526062012,0.012043322436511517,0.00035431073047220707,0.0006603554356843233,0.1098405197262764,0.11007561534643173,6.643728556809947e-05,0.12615586817264557,9.396119276061654e-05,0.2703121602535248,0.011134049855172634,0.0005145008908584714,0.006411097012460232,0.00023974182840902358,2.0051946194143966e-05,0.03398602828383446,0.03171921893954277,0.14641883969306946,0.002395631279796362,0.00565654132515192
1222,0.13563750684261322,0.02234474942088127,0.0001348117511952296,0.00030828159651719034,0.07464034110307693,0.21301224827766418,0.0001101236921385862,0.21911460161209106,4.197635644231923e-05,0.1034252792596817,0.009074771776795387,0.000636219629086554,0.018430903553962708,0.0003427371848374605,1.622486706764903e-05,0.033415280282497406,0.02212785743176937,0.145019993185997,0.0011651169043034315,0.0009979306487366557
1223,0.09617515653371811,0.009716920554637909,0.00015807266754563898,0.0009262084495276213,0.07424566894769669,0.03859858959913254,8.329733100254089e-05,0.2936570346355438,2.6450044970260933e-05,0.1566629707813263,0.00870922114700079,0.0005738724721595645,0.004234056454151869,0.0007851417758502066,7.225979970826302e-06,0.014514319598674774,0.02038622833788395,0.27745670080184937,0.0013154776534065604,0.0017650946974754333
1224,0.07054099440574646,0.006330548319965601,9.62005797191523e-05,7.84325020504184e-05,0.17684978246688843,0.024096500128507614,5.2792300266446546e-05,0.21846595406532288,6.386394670698792e-05,0.24493150413036346,0.00720934197306633,0.0003051160310860723,0.00219063856638968,8.665052155265585e-05,1.2726317436317913e-05,0.009091474115848541,0.019326498731970787,0.21801155805587769,0.0009737420477904379,0.0012829613406211138
1225,0.05284271761775017,0.009856623597443104,0.00010201238910667598,0.0001032903091982007,0.15506282448768616,0.014878999441862106,2.718627729336731e-05,0.20050443708896637,5.222780237090774e-05,0.35284143686294556,0.013334745541214943,0.0004979300429113209,0.0005587816704064608,0.00010753775859484449,1.3836296602676157e-05,0.010740290395915508,0.022009192034602165,0.16309960186481476,0.001728458795696497,0.0016366849886253476
1226,0.04916393384337425,0.011050629429519176,9.665107791079208e-05,0.00023809279082342982,0.05114195495843887,0.018437683582305908,0.00010227341408608481,0.4407106339931488,8.093942597042769e-05,0.16163524985313416,0.012217920273542404,0.0012760510435327888,0.008627216331660748,0.0003519686288200319,1.9019205865333788e-05,0.0107661671936512,0.02220456674695015,0.208717480301857,0.0016268083127215505,0.0015330511378124356
1227,0.09651565551757812,0.011396151967346668,2.599978142825421e-05,4.8666068323655054e-05,0.05946230888366699,0.03612615913152695,2.4432942154817283e-05,0.29564401507377625,2.9329206881811842e-05,0.20422518253326416,0.008131365291774273,0.00010164240666199476,0.000860448635648936,6.469848449341953e-05,1.37900469781016e-05,0.011807580478489399,0.017702054232358932,0.2536412477493286,0.0017156845424324274,0.0024615770671516657
1228,0.03913096338510513,0.015326551161706448,1.8127815565094352e-05,4.0365677705267444e-05,0.10406555980443954,0.020098986104130745,1.615569090063218e-05,0.2755051255226135,4.722075391327962e-05,0.3588709235191345,0.02041517198085785,0.0001485084358137101,0.0014905160060152411,5.518518082681112e-05,2.8467266020015813e-05,0.0069270059466362,0.019702859222888947,0.13679958879947662,0.0006751471664756536,0.0006358015234582126
1229,0.051553599536418915,0.0207984521985054,2.3020125809125602e-05,3.804313746513799e-05,0.07354056090116501,0.03489035367965698,3.4389009670121595e-05,0.3388839364051819,0.00010285213647875935,0.25579965114593506,0.01627061329782009,0.0005782230873592198,0.012704497203230858,8.010804594960064e-05,3.828488115686923e-05,0.016281140968203545,0.015593120828270912,0.16062447428703308,0.00156606815289706,0.0005967724719084799
1230,0.03990202397108078,0.07714337110519409,5.335136302164756e-05,8.460339449811727e-05,0.07235442847013474,0.023725291714072227,0.00020463239343371242,0.258565753698349,0.0025382579769939184,0.24216492474079132,0.04049757868051529,0.0017179094720631838,0.0013690831838175654,0.00047859144979156554,0.001465311273932457,0.01593615859746933,0.020854754373431206,0.18319138884544373,0.01168504822999239,0.006063684821128845
1231,0.06680034101009369,0.07728088647127151,3.239539364585653e-05,5.647114812745713e-05,0.10415291041135788,0.03968252241611481,0.00044770812382921576,0.19418230652809143,0.007972896099090576,0.24553203582763672,0.02595651149749756,0.0009376685484312475,0.002756476402282715,0.00044522350071929395,0.0031727151945233345,0.014950687997043133,0.032130345702171326,0.1394415944814682,0.018835866823792458,0.025228844955563545
1232,0.02044478990137577,0.3162037432193756,6.12722069490701e-05,6.51190712233074e-05,0.059782858937978745,0.006075479090213776,0.000247764284722507,0.24854083359241486,0.0016483737854287028,0.14682233333587646,0.025901008397340775,0.0007415602449327707,0.0003688909055199474,0.00028460827888920903,0.0009959740564227104,0.00718354806303978,0.017778031527996063,0.13305430114269257,0.006791788153350353,0.0070045567117631435
1233,0.03544464334845543,0.4783751666545868,0.00029177454416640103,0.00018661159265320748,0.05985119193792343,0.01968778856098652,0.0014946849551051855,0.09177608042955399,0.012510757893323898,0.12767837941646576,0.033646248281002045,0.005128998775035143,0.002378299832344055,0.0014080831315368414,0.006755341775715351,0.02575566992163658,0.015558876097202301,0.05037390813231468,0.016302358359098434,0.015392468310892582
1234,0.03384002298116684,0.2536870241165161,0.00021688168635591865,0.00034732502535916865,0.07200217992067337,0.022496605291962624,0.0031589053105562925,0.046509042382240295,0.13400691747665405,0.0747424066066742,0.0362921878695488,0.006144099403172731,0.0004760783922392875,0.0066917757503688335,0.09914598613977432,0.02841974049806595,0.01949090138077736,0.06302926689386368,0.05095873028039932,0.04834101349115372
1235,0.030754733830690384,0.3126310110092163,0.0003700148081406951,0.0004327879869379103,0.09856956452131271,0.0472247377038002,0.0025765690952539444,0.058971475809812546,0.06389450281858444,0.16490764915943146,0.03148411214351654,0.005850555375218391,0.00161536387167871,0.0029497183859348297,0.041241634637117386,0.020982177928090096,0.017030181363224983,0.05541583150625229,0.01777462661266327,0.025317063555121422
1236,0.013987966813147068,0.3226713240146637,0.0030516579281538725,0.0014780930941924453,0.10653050988912582,0.16617818176746368,0.0029642616864293814,0.02567312680184841,0.09280362725257874,0.07191568613052368,0.017774149775505066,0.01669333316385746,0.010381544940173626,0.0034029341768473387,0.04836298152804375,0.028270548209547997,0.02611416019499302,0.025105388835072517,0.006489951629191637,0.01014682836830616
1237,0.02555719017982483,0.06867111474275589,0.007256906945258379,0.0018239103956148028,0.011714661493897438,0.4395669996738434,0.004788991995155811,0.00534515967592597,0.09332437068223953,0.010344848968088627,0.005940286908298731,0.07456089556217194,0.011589466594159603,0.011234808713197708,0.07638972997665405,0.10748638212680817,0.026473432779312134,0.010347866453230381,0.0033124203328043222,0.004266467411071062
1238,0.04927618056535721,0.4575362205505371,0.0004762044409289956,0.00036722279037348926,0.06314429640769958,0.0575224868953228,0.0009576486772857606,0.05293096601963043,0.022761406376957893,0.10313459485769272,0.02308744564652443,0.0048593683168292046,0.02347411774098873,0.002266707830131054,0.020411472767591476,0.02249039337038994,0.019740881398320198,0.06031973659992218,0.011210242286324501,0.00402718223631382
1239,0.020303845405578613,0.3473348617553711,0.0003653747553471476,0.0003445000620558858,0.15726201236248016,0.03403526917099953,0.0007152801263146102,0.08230127394199371,0.0120859919115901,0.18920695781707764,0.041353948414325714,0.0025528273545205593,0.0018685793038457632,0.0015239136992022395,0.010899201966822147,0.011827332898974419,0.013883328065276146,0.051535580307245255,0.010852162726223469,0.009742663241922855
1240,0.09174268692731857,0.1001504585146904,0.004453204572200775,0.0024921854492276907,0.013515742495656013,0.2940501570701599,0.0054251570254564285,0.006076802499592304,0.07301652431488037,0.014931261539459229,0.00784989632666111,0.03504202514886856,0.013524139299988747,0.013797790743410587,0.07435682415962219,0.19270426034927368,0.03218821808695793,0.011608256958425045,0.004991891793906689,0.008079886436462402
1241,0.05094914138317108,0.44255590438842773,0.0010432417038828135,0.0005676677101291716,0.047972407191991806,0.06133461743593216,0.0027074397075921297,0.02473241277039051,0.06407808512449265,0.06114698573946953,0.020080624148249626,0.014341674745082855,0.0057882945984601974,0.00423771608620882,0.054781947284936905,0.0568230077624321,0.024137305095791817,0.029496008530259132,0.022494187578558922,0.01072413194924593
1242,0.026413995772600174,0.2870666980743408,0.0003906728234142065,0.00024267206026706845,0.14637932181358337,0.013230177573859692,0.00037563458317890763,0.10635852068662643,0.004758085589855909,0.27128076553344727,0.045965440571308136,0.002017843071371317,0.0007125138072296977,0.0007747001945972443,0.005005930084735155,0.010620447807013988,0.008941931650042534,0.059647444635629654,0.0067980289459228516,0.00301439524628222
1243,0.06425930559635162,0.3107350766658783,0.0014825987163931131,0.0014476737705990672,0.05785704404115677,0.055648040026426315,0.0038329020608216524,0.021484818309545517,0.11282545328140259,0.03961452841758728,0.014159420505166054,0.009174114093184471,0.008604093454778194,0.008004944771528244,0.1373222917318344,0.07053809612989426,0.034773390740156174,0.028066417202353477,0.007027892395853996,0.013136623427271843
1244,0.04877133667469025,0.19159330427646637,0.010879481211304665,0.00408967537805438,0.015996849164366722,0.08500610291957855,0.005995796527713537,0.011325571686029434,0.12251760065555573,0.01949666254222393,0.010906773619353771,0.06903617084026337,0.00722561776638031,0.013662639074027538,0.09678982198238373,0.21281619369983673,0.044858261942863464,0.013019959442317486,0.005008322186768055,0.010998598299920559
1245,0.03232482448220253,0.5042660236358643,0.0008362120715901256,0.0004909453564323485,0.03847675025463104,0.015598365105688572,0.0012375731021165848,0.06021161749958992,0.025344857946038246,0.16745170950889587,0.04248723015189171,0.004884466528892517,0.004532889928668737,0.002284006215631962,0.018061526119709015,0.02231537736952305,0.012694818899035454,0.035649072378873825,0.006144360173493624,0.004700961522758007
1246,0.025733478367328644,0.4391239583492279,0.0016926982207223773,0.001044885371811688,0.18689095973968506,0.027454035356640816,0.0012597499880939722,0.04504679888486862,0.019202958792448044,0.1055445745587349,0.020853901281952858,0.006660982966423035,0.003750682109966874,0.002838535699993372,0.01780938357114792,0.029727481305599213,0.01904364675283432,0.034911707043647766,0.00599626312032342,0.005409314762800932
1247,0.05286576226353645,0.21176089346408844,0.011636923998594284,0.004913147073239088,0.023224595934152603,0.11687614768743515,0.007951471954584122,0.010924426838755608,0.088713139295578,0.02357001230120659,0.0073851775377988815,0.05324019119143486,0.027954697608947754,0.014857981353998184,0.07455328106880188,0.1843855381011963,0.05373591557145119,0.01778367906808853,0.004041065461933613,0.009618906304240227
1248,0.0371522381901741,0.16458091139793396,0.009426556527614594,0.00540511216968298,0.03779011592268944,0.13016358017921448,0.006229732651263475,0.025777218863368034,0.12600350379943848,0.03210435062646866,0.009126669727265835,0.025992391631007195,0.02599024772644043,0.011614210903644562,0.148095965385437,0.14059655368328094,0.029296087101101875,0.022713899612426758,0.005616748705506325,0.006311730016022921
1249,0.022631317377090454,0.39282336831092834,0.006661223713308573,0.0040664272382855415,0.12288164347410202,0.044962186366319656,0.004299386404454708,0.046094030141830444,0.0591769777238369,0.058470092713832855,0.013594793155789375,0.018062371760606766,0.006425456143915653,0.0073676761239767075,0.059976428747177124,0.06500013917684555,0.020133238285779953,0.030740389600396156,0.00809209793806076,0.008529875427484512
1250,0.03774581477046013,0.15298742055892944,0.021258153021335602,0.020357253029942513,0.023070262745022774,0.06431122124195099,0.012431727722287178,0.010903185233473778,0.2830062210559845,0.019698362797498703,0.007734929211437702,0.048997972160577774,0.013523207977414131,0.022544801235198975,0.12908615171909332,0.08786133676767349,0.015873031690716743,0.015051309950649738,0.003974226303398609,0.009561942890286446
