,A,C,D,E,F,G,H,I,K,L,M,N,P,Q,R,S,T,V,W,Y
1,0.00034296189551241696,8.476929360767826e-05,1.919226997415535e-05,2.384901927143801e-05,0.001458400278352201,4.9075773858930916e-05,4.6355529775610194e-05,0.0004896773025393486,3.7525354855461046e-05,0.0017536362865939736,0.9939537644386292,5.398732173489407e-05,0.00019486481323838234,4.600224201567471e-05,2.8729953555739485e-05,0.00023703888291493058,0.00016471224080305547,0.0006730133318342268,9.515220153843984e-05,0.00024066722835414112
2,0.00907170120626688,0.0010561259696260095,0.0007883012876845896,0.0013946454273536801,0.23690466582775116,0.002560837659984827,0.002366381697356701,0.1017550677061081,0.003841047640889883,0.48281437158584595,0.005499856546521187,0.005646060686558485,0.0009034730028361082,0.0013631124747917056,0.004007239360362291,0.008052709512412548,0.0030245475936681032,0.014651818200945854,0.10176195204257965,0.012531153857707977
3,0.05047613009810448,0.01039369311183691,0.00034018862061202526,0.00175377051346004,0.09559903293848038,0.016043340787291527,0.00678447587415576,0.13287965953350067,0.0054024625569581985,0.3839438259601593,0.003896721638739109,0.003755592741072178,0.02017606981098652,0.00822147075086832,0.0067319744266569614,0.03470730409026146,0.022596538066864014,0.0946812704205513,0.0677698403596878,0.03384106978774071
4,0.018404196947813034,0.003478117287158966,2.9032058591837995e-05,0.000114661299448926,0.24560578167438507,0.0021047377958893776,0.0009679730283096433,0.07022152096033096,0.00012781527766492218,0.5610483288764954,0.0015728581929579377,0.00029294073465280235,0.0035520298406481743,0.0007464843802154064,9.056366980075836e-05,0.005867582745850086,0.004310243763029575,0.04037691280245781,0.026799876242876053,0.01428536232560873
5,0.03136485442519188,0.00655014393851161,1.5211706340778619e-05,2.404644874332007e-05,0.21234522759914398,0.0029164464212954044,0.00022400023590307683,0.04961516708135605,2.1975161871523596e-05,0.6223651170730591,0.002575687365606427,0.000145270285429433,0.0007490032003261149,0.00028640986420214176,3.283279147581197e-05,0.007919387891888618,0.00640734052285552,0.037539925426244736,0.012986800633370876,0.00591286551207304
6,0.06332775950431824,0.015903638675808907,1.3178802873881068e-05,2.676447002158966e-05,0.18626296520233154,0.002418006304651499,0.00036118668504059315,0.07186249643564224,3.492452742648311e-05,0.5470376014709473,0.004265534225851297,0.00025349491625092924,0.0004900674684904516,0.0005537038668990135,5.895878712181002e-05,0.014590905979275703,0.012325718998908997,0.06610668450593948,0.00590552156791091,0.008199801668524742
7,0.016711382195353508,0.006695848889648914,8.316533239849377e-06,1.1014602023351472e-05,0.19811862707138062,0.0009228233247995377,0.0001290836517000571,0.11610947549343109,1.4766037566005252e-05,0.5746563076972961,0.0037138687912374735,0.00013191712787374854,0.0001041825016727671,0.0001457908801967278,1.976275962078944e-05,0.005143557675182819,0.006175471469759941,0.06370951980352402,0.003614522283896804,0.0038613115902990103
8,0.010065115988254547,0.002154770540073514,1.1920114957320038e-05,1.2145947039243765e-05,0.10634791105985641,0.00047966718557290733,7.702918810537085e-05,0.15389101207256317,1.846381746872794e-05,0.6495968699455261,0.0024890631902962923,0.00011277986050117761,0.0004568920121528208,0.0001337731519015506,3.4364144084975123e-05,0.0031773094087839127,0.003987816162407398,0.06326820701360703,0.00210687262006104,0.0015744240954518318
9,0.05575485900044441,0.006963867694139481,0.0047318581491708755,0.004040311556309462,0.00230206735432148,0.15617194771766663,0.016669398173689842,0.0019184258999302983,0.01126184407621622,0.0047782668843865395,0.0002445799473207444,0.02912404015660286,0.4105280041694641,0.04153059795498848,0.016451843082904816,0.15787114202976227,0.06499288231134415,0.011704611591994762,0.0002896062796935439,0.0026659625582396984
10,0.02184378169476986,0.007489119656383991,4.4012529542669654e-05,0.0001361056201858446,0.28082337975502014,0.002239172114059329,0.0015309874434024096,0.054606761783361435,0.0003717999788932502,0.5186418890953064,0.0035984970163553953,0.00016198820958379656,0.0003533637209329754,0.0013181680114939809,0.0009789647301658988,0.012699753977358341,0.009800105355679989,0.04801879823207855,0.0074911052361130714,0.027841944247484207
11,0.2338441163301468,0.028572896495461464,2.3020013031782582e-05,2.933379619207699e-05,0.00498834066092968,0.008080759085714817,0.00014909722085576504,0.13572953641414642,1.7874159311759286e-05,0.0318114273250103,0.00046121785999275744,8.337547478731722e-05,9.432967635802925e-05,0.00013177108485251665,3.867883424391039e-05,0.0359078012406826,0.038039203733205795,0.480673223733902,0.000188875274034217,0.0011295713484287262
12,0.15441776812076569,0.01450904831290245,0.002633978147059679,0.0035067154094576836,0.1601599156856537,0.011268078349530697,0.018152618780732155,0.022104671224951744,0.008859370835125446,0.17776958644390106,0.005384777672588825,0.019357439130544662,0.00021821321570314467,0.021570850163698196,0.013766678050160408,0.17938992381095886,0.043639276176691055,0.03930502384901047,0.02274700440466404,0.0812329426407814
13,0.2060154527425766,0.08480537682771683,0.0002284390211571008,0.0004871883138548583,0.002706858329474926,0.1800338625907898,0.0003076637221965939,0.0013933733571320772,7.330792868742719e-05,0.01756955124437809,0.0011610753135755658,0.0017404549289494753,0.0349530428647995,0.002993063535541296,0.00010249741899315268,0.3931555151939392,0.061355020850896835,0.01044803112745285,0.00011082518904004246,0.0003485670022200793
14,0.08552927523851395,0.002681756392121315,0.0252565648406744,0.025081787258386612,0.09918244183063507,0.016581809148192406,0.00874172244220972,0.08540313690900803,0.022692184895277023,0.1367144137620926,0.006865639239549637,0.02568000741302967,0.00030710228020325303,0.08049669861793518,0.016259560361504555,0.0663142129778862,0.07260382175445557,0.13878409564495087,0.01129306759685278,0.07352080941200256
15,0.03328070417046547,0.02340114861726761,0.01324925571680069,0.010504797101020813,0.1843079775571823,0.016928639262914658,0.009098627604544163,0.09013793617486954,0.013690982945263386,0.13945579528808594,0.005485814996063709,0.028785817325115204,0.015553225763142109,0.025731490924954414,0.01837960071861744,0.060136277228593826,0.06899017095565796,0.08765988796949387,0.049091123044490814,0.1061246246099472
16,0.03817759454250336,0.008317825384438038,0.010828224942088127,0.010238070040941238,0.14202164113521576,0.031734321266412735,0.009810908697545528,0.07172562927007675,0.013978926464915276,0.12874485552310944,0.005462567787617445,0.024702755734324455,0.05343300849199295,0.029966147616505623,0.01909339427947998,0.05859926715493202,0.07207421958446503,0.11560124158859253,0.020950425416231155,0.1345333755016327
17,0.0331711545586586,0.011740005575120449,0.08122140914201736,0.029585065320134163,0.04018713906407356,0.025249149650335312,0.01062916312366724,0.030430868268013,0.03291824087500572,0.05576677620410919,0.0037431803066283464,0.2906802296638489,0.06073187664151192,0.03356577455997467,0.028885608538985252,0.06752339750528336,0.06674247980117798,0.043111901730298996,0.00802811048924923,0.046081237494945526
18,0.05935285612940788,0.030136337503790855,0.021589787676930428,0.02211511880159378,0.1066448986530304,0.046159498393535614,0.00813369546085596,0.12120718508958817,0.016576716676354408,0.12229596078395844,0.007591526955366135,0.01012271735817194,0.01643941178917885,0.02829006128013134,0.019689591601490974,0.0733877420425415,0.06148279458284378,0.1398836076259613,0.013642437756061554,0.07525340467691422
19,0.039313435554504395,0.010943214409053326,0.03210637345910072,0.02893034927546978,0.05163602530956268,0.04353061690926552,0.008846140466630459,0.04639715328812599,0.033540088683366776,0.05683891102671623,0.004494172055274248,0.042413875460624695,0.06523676216602325,0.03354894369840622,0.02640407532453537,0.10383999347686768,0.26423782110214233,0.05306361988186836,0.01223011501133442,0.04243778437376022
20,0.05210481584072113,0.02535357140004635,0.06614373624324799,0.034142106771469116,0.07288789004087448,0.04616915434598923,0.012902118265628815,0.06555982679128647,0.020760225132107735,0.10455630719661713,0.007370990235358477,0.08645010739564896,0.016993660479784012,0.03470014035701752,0.022170787677168846,0.08403245359659195,0.08178545534610748,0.078423872590065,0.016684293746948242,0.07080167531967163
21,0.04908551275730133,0.03481873497366905,0.024862036108970642,0.022425096482038498,0.09119074046611786,0.04150969162583351,0.010507282800972462,0.09387809783220291,0.017539989203214645,0.11355909705162048,0.0066116973757743835,0.03381515294313431,0.07820888608694077,0.02420154958963394,0.017232879996299744,0.06893633306026459,0.07767727226018906,0.09909632802009583,0.023533450439572334,0.07129726558923721
22,0.044395845383405685,0.02234612964093685,0.051233500242233276,0.03396325558423996,0.09074977785348892,0.04483449086546898,0.013695883564651012,0.08928092569112778,0.01702539622783661,0.10372898727655411,0.007392140105366707,0.04147735983133316,0.06345871835947037,0.03095603547990322,0.016624724492430687,0.06646867841482162,0.06623174250125885,0.09448336809873581,0.01375008374452591,0.08789389580488205
23,0.04370148107409477,0.03709402680397034,0.05342170223593712,0.03830017149448395,0.08208638429641724,0.04792643338441849,0.012276817113161087,0.07540539652109146,0.02399895153939724,0.09585315734148026,0.006777727045118809,0.04708290845155716,0.06250614672899246,0.030529605224728584,0.01982075162231922,0.06853323429822922,0.07679250836372375,0.08548864722251892,0.017921853810548782,0.07447268813848495
24,0.03973305970430374,0.05509470775723457,0.03182366490364075,0.021847302094101906,0.09559343755245209,0.03281762823462486,0.011801252141594887,0.09202123433351517,0.022155744954943657,0.13882245123386383,0.007990413345396519,0.05323239788413048,0.047707103192806244,0.028150854632258415,0.022352030500769615,0.055089130997657776,0.07071269303560257,0.07246045023202896,0.0203306432813406,0.08025360107421875
25,0.038885463029146194,0.03223976865410805,0.04185941442847252,0.023542990908026695,0.09354116022586823,0.043304335325956345,0.01664549671113491,0.08790691941976547,0.02680201269686222,0.11605920642614365,0.008496749214828014,0.04970507696270943,0.05298621580004692,0.032298680394887924,0.025705788284540176,0.06484179198741913,0.07021298259496689,0.087544284760952,0.012979244813323021,0.07443498075008392
26,0.05222884938120842,0.025591818615794182,0.03950515389442444,0.030966779217123985,0.10070962458848953,0.04489798843860626,0.011085310950875282,0.0849633440375328,0.02539491280913353,0.10934263467788696,0.008296496234834194,0.0419895239174366,0.05052604153752327,0.030272478237748146,0.023075953125953674,0.07210743427276611,0.06274924427270889,0.09913657605648041,0.013700680807232857,0.07345136255025864
27,0.03653014078736305,0.02610643208026886,0.034096330404281616,0.03296753391623497,0.08619184792041779,0.07799189537763596,0.012679916806519032,0.07651076465845108,0.025071676820516586,0.09699355065822601,0.008993532508611679,0.11212132126092911,0.03801867738366127,0.03103899583220482,0.021862557157874107,0.06389100849628448,0.057685449719429016,0.07957299053668976,0.013135289773344994,0.06853288412094116
28,0.04215534031391144,0.0507802776992321,0.029268154874444008,0.023726066574454308,0.1018911823630333,0.051565252244472504,0.010564969852566719,0.07976923137903214,0.023697517812252045,0.10407634824514389,0.008211695589125156,0.04094322398304939,0.06716671586036682,0.029154721647500992,0.01989123597741127,0.06786647439002991,0.06623139977455139,0.07774113118648529,0.026301253587007523,0.07898826897144318
29,0.03895435482263565,0.03564680740237236,0.0329023078083992,0.02863393723964691,0.0970035269856453,0.040700338780879974,0.012341485358774662,0.06962435692548752,0.030324619263410568,0.09556282311677933,0.009588596411049366,0.10856478661298752,0.04082494229078293,0.033167868852615356,0.029679011553525925,0.05899544060230255,0.056412652134895325,0.07960052788257599,0.0204317644238472,0.0810314491391182
30,0.05767669156193733,0.04292066767811775,0.04476095736026764,0.03620930388569832,0.0747193992137909,0.058721039444208145,0.017464494332671165,0.058296989649534225,0.030259162187576294,0.09109020978212357,0.010859602130949497,0.04435756430029869,0.04865317419171333,0.03624042123556137,0.027458656579256058,0.07361022382974625,0.07148116081953049,0.08389360457658768,0.013840594328939915,0.07747866958379745
31,0.041574444621801376,0.05011548474431038,0.04615223407745361,0.03277917578816414,0.05107845738530159,0.0519137978553772,0.012910298071801662,0.0654253214597702,0.025061164051294327,0.0791364461183548,0.009463931433856487,0.15955497324466705,0.04338962584733963,0.030970770865678787,0.02355651929974556,0.0639035552740097,0.06446774303913116,0.07703414559364319,0.011527137830853462,0.05997611954808235
32,0.033206574618816376,0.04726048558950424,0.033012278378009796,0.025888456031680107,0.06890681385993958,0.036648478358983994,0.0082424720749259,0.06458666920661926,0.022676894441246986,0.07818163186311722,0.006179268937557936,0.035948704928159714,0.029832476750016212,0.023353299126029015,0.016424894332885742,0.12503252923488617,0.21266910433769226,0.06535351276397705,0.01681377924978733,0.049773044884204865
33,0.04535160958766937,0.047487419098615646,0.04070147126913071,0.03741561993956566,0.07218118757009506,0.05159987509250641,0.01554359495639801,0.08415649086236954,0.0245326180011034,0.10212434828281403,0.010668073780834675,0.03895607590675354,0.03809509426355362,0.031175898388028145,0.023951131850481033,0.0636398047208786,0.06599031388759613,0.10611854493618011,0.017332524061203003,0.08296755701303482
34,0.04998799413442612,0.05999009311199188,0.04937268793582916,0.028704743832349777,0.07770876586437225,0.056324303150177,0.017127161845564842,0.05816328898072243,0.025477327406406403,0.08841006457805634,0.01055584941059351,0.061903439462184906,0.043790724128484726,0.029708189889788628,0.0261218324303627,0.07421808689832687,0.06486480683088303,0.08279164135456085,0.01586291193962097,0.07890807837247849
35,0.04984838515520096,0.07015885412693024,0.04984695836901665,0.04234032332897186,0.0650746151804924,0.03614148497581482,0.017424719408154488,0.06452395766973495,0.024303946644067764,0.08393482118844986,0.012098786421120167,0.04853914678096771,0.03360660374164581,0.03308624029159546,0.023722829297184944,0.0682668685913086,0.11183217167854309,0.08436991274356842,0.012942550703883171,0.06792603433132172
36,0.03732052072882652,0.07862108945846558,0.03887453302741051,0.02962183579802513,0.09603768587112427,0.036640238016843796,0.013017159886658192,0.09110328555107117,0.02531353197991848,0.09174742549657822,0.010399224236607552,0.03996109589934349,0.03579624742269516,0.026157667860388756,0.022092346101999283,0.054297346621751785,0.06544425338506699,0.09618113934993744,0.01925026997923851,0.09211087226867676
37,0.03572721779346466,0.07334965467453003,0.028859060257673264,0.02584134414792061,0.10647650808095932,0.024417294189333916,0.01199324894696474,0.0976337268948555,0.02525666542351246,0.13502906262874603,0.010533660650253296,0.03291740268468857,0.030266491696238518,0.028887595981359482,0.022099973633885384,0.049602773040533066,0.050975993275642395,0.09795762598514557,0.022169597446918488,0.0899975597858429
38,0.03752255439758301,0.06895846873521805,0.037508800625801086,0.02477133460342884,0.08518866449594498,0.05668555572628975,0.016995372250676155,0.0790412649512291,0.021387580782175064,0.11057090759277344,0.008826945908367634,0.04366454854607582,0.022489001974463463,0.027489731088280678,0.02602381445467472,0.07040183991193771,0.0833863839507103,0.08274906128644943,0.010985706932842731,0.08534552901983261
39,0.04880855232477188,0.04470030218362808,0.060902778059244156,0.043355949223041534,0.056776102632284164,0.0896071195602417,0.015596902929246426,0.03931281715631485,0.04592486843466759,0.058870214968919754,0.007448828779160976,0.08034802973270416,0.044226307421922684,0.04092917963862419,0.03117753379046917,0.09189899265766144,0.07493295520544052,0.05755983293056488,0.009900186210870743,0.0577145479619503
40,0.053143423050642014,0.025741878896951675,0.062282364815473557,0.04383183270692825,0.0641588568687439,0.07165397703647614,0.014312328770756721,0.059311643242836,0.021969525143504143,0.08794881403446198,0.011503111571073532,0.06503698974847794,0.042091432958841324,0.03437161445617676,0.02077890746295452,0.08252314478158951,0.06951913982629776,0.09599821269512177,0.012284258380532265,0.061531540006399155
41,0.0586121566593647,0.05085257440805435,0.040399402379989624,0.029689179733395576,0.0642794519662857,0.11165136098861694,0.015872837975621223,0.05343448370695114,0.03138791024684906,0.0810936987400055,0.011360099539160728,0.05535660684108734,0.04192360118031502,0.03459011763334274,0.032494328916072845,0.08036622405052185,0.06878512352705002,0.07470791786909103,0.010220048017799854,0.05291641503572464
42,0.040504761040210724,0.0593591146171093,0.044036734849214554,0.03507477790117264,0.04445784166455269,0.05073568597435951,0.012272259220480919,0.06684905290603638,0.029807068407535553,0.0728982537984848,0.009996834211051464,0.054869137704372406,0.05369727686047554,0.03338811919093132,0.02682848647236824,0.09644387662410736,0.11958672851324081,0.08368788659572601,0.0119695495814085,0.0535268560051918
43,0.034647416323423386,0.055055197328329086,0.03361497446894646,0.02525666542351246,0.08504882454872131,0.03757018223404884,0.01176982931792736,0.08316225558519363,0.02047903649508953,0.10870659351348877,0.010464834049344063,0.11847155541181564,0.03592167794704437,0.024856436997652054,0.017790405079722404,0.05718997120857239,0.059645652770996094,0.08103495836257935,0.017873844131827354,0.08142998069524765
44,0.03987325727939606,0.02869824692606926,0.033362314105033875,0.024925509467720985,0.05186853185296059,0.04435165226459503,0.012279262766242027,0.06107410788536072,0.024758275598287582,0.06608621776103973,0.010165522806346416,0.24493356049060822,0.03465481847524643,0.024624796584248543,0.02134517952799797,0.06617418676614761,0.05890894681215286,0.08339203149080276,0.008415838703513145,0.06010198965668678
45,0.057185884565114975,0.022085368633270264,0.03948989883065224,0.02432093396782875,0.09229837357997894,0.06831128150224686,0.013873869553208351,0.08274487406015396,0.02095968835055828,0.09893744438886642,0.015270889736711979,0.04902949184179306,0.03922878950834274,0.025081904605031013,0.021312568336725235,0.066253662109375,0.0632607564330101,0.1133817508816719,0.01261728536337614,0.07434777170419693
46,0.06250742077827454,0.03013632632791996,0.042376067489385605,0.035054761916399,0.08998223394155502,0.05778656154870987,0.015092369168996811,0.07380103319883347,0.023535219952464104,0.0893847793340683,0.013541284948587418,0.04519648849964142,0.04416259005665779,0.029564304277300835,0.026015382260084152,0.06638459861278534,0.06874856352806091,0.10677478462457657,0.012110888957977295,0.06783759593963623
47,0.04589519649744034,0.04302965849637985,0.04411515220999718,0.03583964332938194,0.07830075174570084,0.0451158843934536,0.013722280040383339,0.07729938626289368,0.029249222949147224,0.09738879650831223,0.010163838043808937,0.044819895178079605,0.043059561401605606,0.03239450231194496,0.027204791083931923,0.07789637893438339,0.07423961162567139,0.09668035060167313,0.01426229439675808,0.06931447982788086
48,0.03512424975633621,0.05510146543383598,0.039849501103162766,0.02667105942964554,0.08084288984537125,0.03347054123878479,0.011126380413770676,0.07875840365886688,0.026630893349647522,0.10002436488866806,0.009152230806648731,0.1298009753227234,0.037449415773153305,0.027333548292517662,0.022705094888806343,0.06668383628129959,0.06296800076961517,0.07868830859661102,0.013096430338919163,0.06451566517353058
49,0.03273541107773781,0.030765235424041748,0.033329788595438004,0.02646903321146965,0.05640663579106331,0.0384584441781044,0.010733446106314659,0.06266415119171143,0.026514723896980286,0.0784488320350647,0.009299972094595432,0.2353622019290924,0.04003957659006119,0.027354642748832703,0.02221548929810524,0.06831333786249161,0.06445611268281937,0.07331644743680954,0.00827403087168932,0.05483775958418846
50,0.046177592128515244,0.0265491995960474,0.040220219641923904,0.03932523354887962,0.07490451633930206,0.06389417499303818,0.015294784680008888,0.06346676498651505,0.031094813719391823,0.08166082948446274,0.008802955970168114,0.05489667132496834,0.07206735014915466,0.038161903619766235,0.027702458202838898,0.0950021892786026,0.0769926980137825,0.07865569740533829,0.010017856024205685,0.05510568246245384
51,0.04175519198179245,0.029125945642590523,0.08271000534296036,0.050990696996450424,0.03767501562833786,0.09303371608257294,0.018710551783442497,0.02355736307799816,0.04946042224764824,0.03199932351708412,0.005143458489328623,0.09496035426855087,0.06042972952127457,0.04284800589084625,0.03713901340961456,0.11141807585954666,0.08835352957248688,0.042228054255247116,0.006882956717163324,0.05156897380948067
52,0.0527900829911232,0.027311330661177635,0.06980330497026443,0.056190796196460724,0.0462908037006855,0.08753159642219543,0.016629096120595932,0.03621014580130577,0.04785868152976036,0.04419299215078354,0.008842469193041325,0.07037725299596786,0.04506561532616615,0.0438556969165802,0.03634345158934593,0.10006853938102722,0.09578627347946167,0.0616985447704792,0.00731645617634058,0.045829255133867264
53,0.050612922757864,0.0221062283962965,0.06574977189302444,0.05289521813392639,0.045506905764341354,0.0662185400724411,0.020455433055758476,0.03975381702184677,0.03944025933742523,0.06331892311573029,0.011926175095140934,0.06276360899209976,0.08438561856746674,0.04376787692308426,0.035678427666425705,0.08534055203199387,0.08905542641878128,0.05804537609219551,0.009993885643780231,0.05297881364822388
54,0.04232500493526459,0.03708044812083244,0.0459282360970974,0.04185771197080612,0.06210654228925705,0.06251237541437149,0.015977030619978905,0.08112490922212601,0.03294915333390236,0.08610949665307999,0.012883982621133327,0.04553671553730965,0.03863953426480293,0.0377550907433033,0.02992950938642025,0.07008013129234314,0.07327669113874435,0.10475155711174011,0.010695581324398518,0.0684707835316658
55,0.039269234985113144,0.05638346076011658,0.04422200098633766,0.04442917928099632,0.05350157618522644,0.03820494934916496,0.015606422908604145,0.05895340442657471,0.04155929386615753,0.07188838720321655,0.010001406073570251,0.05454705283045769,0.06121791526675224,0.044136736541986465,0.03357619419693947,0.08096684515476227,0.09136691689491272,0.08654438704252243,0.010987400077283382,0.06263049691915512
56,0.05208246037364006,0.02842830680310726,0.03784628212451935,0.034927356988191605,0.0697910264134407,0.0565108023583889,0.01789228245615959,0.09136585146188736,0.0310258436948061,0.1074036955833435,0.014019763097167015,0.04208977520465851,0.034288495779037476,0.033691588789224625,0.02655632607638836,0.06655047088861465,0.07138654589653015,0.1133875921368599,0.009704609401524067,0.06104404479265213
57,0.05679057538509369,0.014476878568530083,0.03927076235413551,0.046752557158470154,0.05324651300907135,0.06145983934402466,0.02423691563308239,0.051861777901649475,0.031884174793958664,0.0770118236541748,0.015332531183958054,0.04608192294836044,0.05386725440621376,0.04476961866021156,0.03522400185465813,0.08259636908769608,0.09195786714553833,0.10058343410491943,0.009760478511452675,0.06282713264226913
58,0.058176636695861816,0.027890127152204514,0.08481831848621368,0.050837960094213486,0.04067734256386757,0.07749251276254654,0.01656690239906311,0.04571797326207161,0.040707066655159,0.07263463735580444,0.011721417307853699,0.04056866466999054,0.061259567737579346,0.0423990860581398,0.03496528044342995,0.09880874305963516,0.0698237195611,0.07146110385656357,0.00752478139474988,0.045941419899463654
59,0.05920575559139252,0.02002486027777195,0.05857197940349579,0.03940288722515106,0.04098151624202728,0.10028482228517532,0.01751212775707245,0.040024153888225555,0.03723069652915001,0.05547643452882767,0.007619985844939947,0.07430702447891235,0.08423157036304474,0.034541718661785126,0.028932154178619385,0.0978858694434166,0.07668809592723846,0.0580877810716629,0.00910716038197279,0.05987870693206787
60,0.06186888739466667,0.012223336845636368,0.052960239350795746,0.05596579238772392,0.03871491551399231,0.10081078112125397,0.019830796867609024,0.026366587728261948,0.05303264036774635,0.047234032303094864,0.008146049454808235,0.06510954350233078,0.049595728516578674,0.05157516896724701,0.037239864468574524,0.10082018375396729,0.09211266785860062,0.057220689952373505,0.008733676746487617,0.060431405901908875
61,0.03313955292105675,0.00744553841650486,0.0630512684583664,0.040225811302661896,0.02391696348786354,0.06384940445423126,0.013802127912640572,0.018452107906341553,0.044134486466646194,0.025906100869178772,0.0055944304913282394,0.35169628262519836,0.04989296570420265,0.029424147680401802,0.030660854652523994,0.07557191699743271,0.060201890766620636,0.02829311043024063,0.004362537059932947,0.030371662229299545
62,0.06404625624418259,0.01347582507878542,0.06009000167250633,0.0546453595161438,0.03705063462257385,0.12122811377048492,0.016141576692461967,0.037614211440086365,0.0494345985352993,0.043122004717588425,0.008248773403465748,0.08504296839237213,0.013541638851165771,0.0536729171872139,0.0336877703666687,0.11991430819034576,0.08650197833776474,0.05815241485834122,0.006117107346653938,0.03826333209872246
63,0.028374383226037025,0.005365659948438406,0.038117676973342896,0.0307028666138649,0.02035907842218876,0.03955419361591339,0.010569876991212368,0.018600519746541977,0.03591134771704674,0.026456056162714958,0.0049546221271157265,0.04323822632431984,0.032592207193374634,0.027557991445064545,0.023205630481243134,0.2623036205768585,0.29721057415008545,0.024895722046494484,0.004287600051611662,0.02573501691222191
64,0.06596165150403976,0.010573546402156353,0.06084859371185303,0.05977162346243858,0.039790261536836624,0.07851233333349228,0.02999717928469181,0.04046017676591873,0.042241066694259644,0.06360307335853577,0.01365034282207489,0.06191660091280937,0.012007015757262707,0.045935969799757004,0.039798084646463394,0.11585386842489243,0.08108482509851456,0.06984566897153854,0.009354179725050926,0.058785852044820786
65,0.04640849679708481,0.01253093034029007,0.030056120827794075,0.030393492430448532,0.0929301530122757,0.041312698274850845,0.01858358457684517,0.09206391870975494,0.027272328734397888,0.09675751626491547,0.013520666398108006,0.040818750858306885,0.02866092510521412,0.029300564900040627,0.026718487963080406,0.06952472776174545,0.08491075038909912,0.11960051953792572,0.016907086595892906,0.08171824365854263
66,0.062327735126018524,0.009668533690273762,0.050130508840084076,0.061227910220623016,0.05458430200815201,0.05118444934487343,0.018767626956105232,0.05048011988401413,0.04102608561515808,0.06759551167488098,0.013875696808099747,0.051342617720365524,0.03698611259460449,0.04586632177233696,0.041235875338315964,0.08076384663581848,0.10074781626462936,0.08001790940761566,0.013340745121240616,0.06882036477327347
67,0.0412297360599041,0.013247407041490078,0.03732532635331154,0.04176666960120201,0.07953497767448425,0.04418294504284859,0.01574915088713169,0.0755356177687645,0.031700290739536285,0.09358032792806625,0.012525195255875587,0.08105270564556122,0.05052679777145386,0.035340603440999985,0.033880770206451416,0.06887827068567276,0.06235932186245918,0.09301555901765823,0.01899583637714386,0.06956635415554047
68,0.042105622589588165,0.02004883624613285,0.03912128880620003,0.03905476629734039,0.09178947657346725,0.03846731781959534,0.014218460768461227,0.08388443291187286,0.03364117071032524,0.09104015678167343,0.010814174078404903,0.039812520146369934,0.048292770981788635,0.0321761891245842,0.028014540672302246,0.06455260515213013,0.06911001354455948,0.09795359522104263,0.019811930134892464,0.09608466923236847
69,0.039503540843725204,0.012431212700903416,0.06622028350830078,0.035904284566640854,0.06851527839899063,0.03504834696650505,0.015112126246094704,0.06412586569786072,0.0313233956694603,0.0808369368314743,0.010858431458473206,0.13358613848686218,0.046482693403959274,0.030369332060217857,0.029555654153227806,0.06809999793767929,0.06197530776262283,0.07760519534349442,0.01219972688704729,0.08024121075868607
70,0.04738815873861313,0.011996597982943058,0.039788976311683655,0.03979020565748215,0.09959010034799576,0.04308921471238136,0.01968156360089779,0.06230127438902855,0.029981309548020363,0.09213825315237045,0.010327903553843498,0.04895820841193199,0.04266143590211868,0.029096873477101326,0.024751150980591774,0.07851716130971909,0.07986302673816681,0.07650959491729736,0.020148657262325287,0.10341478139162064
71,0.059545230120420456,0.01514842826873064,0.03358897939324379,0.04061184450984001,0.07846193015575409,0.03720056638121605,0.009843412786722183,0.07151177525520325,0.04430206120014191,0.0862162634730339,0.009166166186332703,0.04532605782151222,0.06561324000358582,0.03350818529725075,0.02758081629872322,0.07814517617225647,0.078365258872509,0.10763993114233017,0.016054389998316765,0.06216162070631981
72,0.04278933256864548,0.01331618707627058,0.05208690091967583,0.03061225265264511,0.06392479687929153,0.046470317989587784,0.011090840213000774,0.060253042727708817,0.03472694382071495,0.06676868349313736,0.007838616147637367,0.209621861577034,0.03932132571935654,0.023234035819768906,0.023889072239398956,0.07477647066116333,0.06422945111989975,0.06825003027915955,0.013374995440244675,0.05341823026537895
73,0.05714261159300804,0.012137975543737411,0.03286685422062874,0.07534235715866089,0.07656631618738174,0.0421634167432785,0.01143588125705719,0.09342215210199356,0.03190179169178009,0.07115013897418976,0.008888588286936283,0.03285350650548935,0.011299289762973785,0.05071283504366875,0.019519036635756493,0.07909349352121353,0.09268100559711456,0.12295586615800858,0.010736418887972832,0.06712117046117783
74,0.03382476046681404,0.01358194462954998,0.023227354511618614,0.02753838524222374,0.08310315012931824,0.030437856912612915,0.007217111065983772,0.08473905920982361,0.02104184590280056,0.08700592070817947,0.010415489785373211,0.03025948815047741,0.028087927028536797,0.021689213812351227,0.01675012893974781,0.09674299508333206,0.2103383094072342,0.08091090619564056,0.03222915157675743,0.06085028871893883
75,0.044035404920578,0.01367551926523447,0.013932392932474613,0.014607582241296768,0.11784394830465317,0.018378665670752525,0.010749847628176212,0.15523135662078857,0.017000356689095497,0.17787542939186096,0.016549227759242058,0.01770116202533245,0.012668774463236332,0.019338222220540047,0.01968039572238922,0.03236306086182594,0.043782152235507965,0.1455506980419159,0.023955758661031723,0.08507254719734192
76,0.03480624780058861,0.023743975907564163,0.02279178611934185,0.025032207369804382,0.06524038314819336,0.019502662122249603,0.013910634443163872,0.1059737429022789,0.032383937388658524,0.1010691225528717,0.010112329386174679,0.03138647973537445,0.032268743962049484,0.027987034991383553,0.03259211406111717,0.0743233859539032,0.12409042567014694,0.11832800507545471,0.018759511411190033,0.08568514138460159
77,0.03213272988796234,0.015430308878421783,0.018983028829097748,0.018589939922094345,0.15481442213058472,0.024671176448464394,0.009845780208706856,0.14029322564601898,0.01456034928560257,0.1355154663324356,0.012963770888745785,0.025576073676347733,0.027862001210451126,0.014744512736797333,0.015130938030779362,0.049994003027677536,0.06098656356334686,0.10453861206769943,0.022295653820037842,0.10106148570775986
78,0.04526525363326073,0.012054705992341042,0.05263718590140343,0.05429083853960037,0.07105690240859985,0.040878571569919586,0.01195374596863985,0.07462522387504578,0.03153304010629654,0.0935351774096489,0.010958357714116573,0.04688429832458496,0.04419449344277382,0.033258046954870224,0.027578627690672874,0.08431830257177353,0.08863775432109833,0.09199173748493195,0.014275929890573025,0.07006362080574036
79,0.050412293523550034,0.01092318445444107,0.031717073172330856,0.02717248909175396,0.08895424753427505,0.0606294646859169,0.015505895018577576,0.10044528543949127,0.028603114187717438,0.13752254843711853,0.014502100646495819,0.04235765337944031,0.03146830573678017,0.027843009680509567,0.027147283777594566,0.06525988131761551,0.057673919945955276,0.10682002454996109,0.010626188479363918,0.06440876424312592
80,0.05401008203625679,0.010540257208049297,0.03720803186297417,0.03780481591820717,0.07870300859212875,0.053322963416576385,0.01393609307706356,0.07636689394712448,0.041567832231521606,0.0943632423877716,0.013399627059698105,0.045884545892477036,0.04433783143758774,0.039887260645627975,0.036606937646865845,0.07294072955846786,0.07310817390680313,0.10478039085865021,0.01101583894342184,0.060207877308130264
81,0.051316216588020325,0.012503794394433498,0.0523768775165081,0.03729293867945671,0.06278698146343231,0.05004416033625603,0.01395791582763195,0.07219328731298447,0.04352683946490288,0.10084334015846252,0.011828011833131313,0.07101262360811234,0.04713999480009079,0.03678877651691437,0.033063337206840515,0.08090043812990189,0.07480135560035706,0.08072052896022797,0.011624444276094437,0.0552707202732563
82,0.04821337014436722,0.010634342208504677,0.033131420612335205,0.029382457956671715,0.08307883143424988,0.04868216812610626,0.01584705151617527,0.09847857058048248,0.04314768686890602,0.11067720502614975,0.014168424531817436,0.04507491737604141,0.04216241464018822,0.035491954535245895,0.03128513693809509,0.06391394138336182,0.0730074867606163,0.09453325718641281,0.009692730382084846,0.06939085572957993
83,0.04766004905104637,0.009542398154735565,0.030457325279712677,0.03715594857931137,0.0674128457903862,0.03671008348464966,0.01966337114572525,0.07486648857593536,0.05301573872566223,0.09585098922252655,0.01682671159505844,0.04463674873113632,0.028173495084047318,0.04046124219894409,0.04835209622979164,0.07362813502550125,0.08261449635028839,0.10379732400178909,0.011605662293732166,0.07756289839744568
84,0.049378205090761185,0.012042039074003696,0.03941156342625618,0.042817387729883194,0.07338785380125046,0.05619889125227928,0.012193763628602028,0.07066445052623749,0.041177622973918915,0.10855672508478165,0.012557895854115486,0.05800160765647888,0.04479695484042168,0.03541486710309982,0.03502673655748367,0.08202695846557617,0.07560883462429047,0.07945297658443451,0.014680417254567146,0.05659765750169754
85,0.05712336674332619,0.010314611718058586,0.044065844267606735,0.051949772983789444,0.04385368525981903,0.0657055675983429,0.014894302934408188,0.050633504986763,0.07108147442340851,0.057802457362413406,0.010600210167467594,0.05402645841240883,0.0687275230884552,0.04197924584150314,0.04486582800745964,0.08756093680858612,0.08644240349531174,0.07775447517633438,0.007806913461536169,0.05280517786741257
86,0.054833002388477325,0.012779289856553078,0.07761093974113464,0.05190032348036766,0.0463491715490818,0.08429598808288574,0.018038645386695862,0.03333708643913269,0.047896191477775574,0.049259550869464874,0.0095430389046669,0.09248905628919601,0.051134318113327026,0.046895548701286316,0.04029535874724388,0.10401398688554764,0.07011912763118744,0.04913847893476486,0.008036423474550247,0.052028100937604904
87,0.04170333966612816,0.008136793039739132,0.03328918293118477,0.024834442883729935,0.04416344687342644,0.05202070251107216,0.01068777497857809,0.036923643201589584,0.03757071495056152,0.05317101255059242,0.00884112436324358,0.04252401366829872,0.03988654911518097,0.024798128753900528,0.030747894197702408,0.1725633144378662,0.24402153491973877,0.04857250675559044,0.00868687778711319,0.036851052194833755
88,0.046445686370134354,0.015916608273983,0.04216830059885979,0.03581467270851135,0.08537925779819489,0.04393930360674858,0.016431812196969986,0.07494808733463287,0.047892455011606216,0.09001962840557098,0.015400804579257965,0.04916154220700264,0.031259022653102875,0.03555094450712204,0.03813576698303223,0.07032743841409683,0.0735490471124649,0.09241645783185959,0.018032483756542206,0.07720392942428589
89,0.05636003613471985,0.01583307422697544,0.028355341404676437,0.028118614107370377,0.07937600463628769,0.04081832617521286,0.017467070370912552,0.07595311850309372,0.0362059623003006,0.10793497413396835,0.0167424064129591,0.0374058336019516,0.035876743495464325,0.03313591703772545,0.038065895438194275,0.07114127278327942,0.07431424409151077,0.0981747955083847,0.018278157338500023,0.09043704718351364
90,0.042249374091625214,0.013991021551191807,0.022009138017892838,0.02739870734512806,0.08914311230182648,0.031668320298194885,0.014388822950422764,0.08319257944822311,0.03323990851640701,0.09917692840099335,0.016792386770248413,0.10699454694986343,0.0241100937128067,0.028802890330553055,0.03690246120095253,0.06722996383905411,0.0666925236582756,0.097051702439785,0.01582699827849865,0.08313436061143875
91,0.06113358959555626,0.011685802601277828,0.038980331271886826,0.03778188303112984,0.06771863251924515,0.05625775456428528,0.01795123517513275,0.06335931271314621,0.0390363372862339,0.08728821575641632,0.015835007652640343,0.0466165617108345,0.038020212203264236,0.03585069254040718,0.033886075019836426,0.07940814644098282,0.07635977119207382,0.08819522708654404,0.01717647723853588,0.08745498955249786
92,0.0489751398563385,0.008898070082068443,0.05324968695640564,0.048328280448913574,0.061776693910360336,0.05475553125143051,0.0194719061255455,0.05017458647489548,0.052577875554561615,0.06901787966489792,0.01176529098302126,0.06152377277612686,0.062150366604328156,0.03817138820886612,0.048746492713689804,0.07552023231983185,0.07602847367525101,0.07489532232284546,0.015873149037361145,0.0680948942899704
93,0.04727226495742798,0.013733072206377983,0.059364959597587585,0.03166875243186951,0.0885738879442215,0.049970369786024094,0.012729634530842304,0.06280618906021118,0.04025621712207794,0.0911615863442421,0.011475643143057823,0.06541995704174042,0.052991241216659546,0.027218539267778397,0.02916208654642105,0.08364167809486389,0.07780474424362183,0.0762569010257721,0.014027358964085579,0.06446044892072678
94,0.03994007781147957,0.011940544471144676,0.07768524438142776,0.047088928520679474,0.045732565224170685,0.054144833236932755,0.013928892090916634,0.03747609630227089,0.03237126022577286,0.05949436128139496,0.008597733452916145,0.16098405420780182,0.06760013848543167,0.03357449546456337,0.027484247460961342,0.09519482403993607,0.07283611595630646,0.05054209753870964,0.010028769262135029,0.05334893986582756
95,0.04552709311246872,0.011532675474882126,0.06727460771799088,0.04559174180030823,0.045628052204847336,0.09333378076553345,0.01799938455224037,0.03654559329152107,0.05642835795879364,0.0440589003264904,0.008233349770307541,0.10005880147218704,0.05841526389122009,0.037803858518600464,0.03877528756856918,0.1088118925690651,0.07661326229572296,0.04264718294143677,0.008132744580507278,0.056582290679216385
96,0.04680312052369118,0.010930691845715046,0.08427627384662628,0.059175796806812286,0.043322693556547165,0.08535526692867279,0.013599758967757225,0.0405101478099823,0.03757627308368683,0.05994980037212372,0.009684867225587368,0.08643696457147598,0.06839042901992798,0.04330964386463165,0.034830350428819656,0.09353496879339218,0.07843419909477234,0.04982961714267731,0.009685162454843521,0.044357653707265854
97,0.05041194707155228,0.0107209337875247,0.0767795741558075,0.05987060070037842,0.04723473638296127,0.09541458636522293,0.015851041302084923,0.039277561008930206,0.051755137741565704,0.06239509582519531,0.010577915236353874,0.06739357858896255,0.05569412559270859,0.047198500484228134,0.03701281175017357,0.08750199526548386,0.07713919878005981,0.057982854545116425,0.01119072176516056,0.03859073296189308
98,0.04909222945570946,0.016340678557753563,0.05875522270798683,0.05498971417546272,0.05428058281540871,0.07785997539758682,0.011687181890010834,0.05584294721484184,0.04913002625107765,0.07371426373720169,0.008700307458639145,0.06584116816520691,0.053160570561885834,0.043227747082710266,0.03324682638049126,0.08530499041080475,0.07823214679956436,0.07599788159132004,0.010318425484001637,0.04427042976021767
99,0.0284122247248888,0.009210831485688686,0.03536318615078926,0.02868548594415188,0.03807510435581207,0.03577407822012901,0.010332552716135979,0.034775618463754654,0.031911108642816544,0.049088139086961746,0.005343794822692871,0.04383755475282669,0.04212751239538193,0.026986515149474144,0.021045474335551262,0.21432717144489288,0.2607811391353607,0.03732265159487724,0.00801341887563467,0.03858058154582977
100,0.04758411645889282,0.011766979470849037,0.07563027739524841,0.04214705154299736,0.045777399092912674,0.07103976607322693,0.021573055535554886,0.03315645828843117,0.053668610751628876,0.05169006809592247,0.008515836670994759,0.1047944575548172,0.05312078818678856,0.041232042014598846,0.0458989143371582,0.1105460599064827,0.0728735402226448,0.0449347160756588,0.008852316997945309,0.05519150197505951
101,0.05855236575007439,0.008856804110109806,0.04580776393413544,0.03368465602397919,0.07164903730154037,0.07412882149219513,0.020620500668883324,0.04839451238512993,0.04286415874958038,0.08171941339969635,0.015083422884345055,0.06480493396520615,0.047884825617074966,0.03806595876812935,0.03880453109741211,0.09410857409238815,0.07121492922306061,0.06499773263931274,0.013486204668879509,0.06526383757591248
102,0.06137697771191597,0.011613783426582813,0.04305657744407654,0.03840404003858566,0.08127974718809128,0.0537516251206398,0.019642723724246025,0.06523586809635162,0.04097256436944008,0.0823340192437172,0.016858670860528946,0.05372299253940582,0.03434146195650101,0.03656535595655441,0.04244944453239441,0.07373878359794617,0.06920814514160156,0.08576717227697372,0.017910970374941826,0.0717635303735733
103,0.059431951493024826,0.017698505893349648,0.03766540810465813,0.031533382833004,0.07125367969274521,0.04971885681152344,0.02068260870873928,0.0684322714805603,0.04547971114516258,0.08096560090780258,0.017176387831568718,0.0527300164103508,0.03388362377882004,0.033841244876384735,0.04409920424222946,0.0793192908167839,0.07291524112224579,0.07948845624923706,0.021394120529294014,0.08228500187397003
104,0.03821874409914017,0.014206649735569954,0.03686799854040146,0.02606876753270626,0.05273858457803726,0.036667194217443466,0.013850333169102669,0.04931247606873512,0.03497633710503578,0.06182566657662392,0.010230996645987034,0.2840878963470459,0.046781424432992935,0.02452450804412365,0.03147290274500847,0.06232399120926857,0.05301341041922569,0.055376578122377396,0.0100511210039258,0.0574004128575325
105,0.04205379635095596,0.00905240885913372,0.04165441542863846,0.03689901903271675,0.03932773321866989,0.04779784008860588,0.015341661870479584,0.03230391815304756,0.04675082117319107,0.047247011214494705,0.008708410896360874,0.28645575046539307,0.04345168173313141,0.03537996858358383,0.03880263492465019,0.0688789039850235,0.059928130358457565,0.0424920953810215,0.008581637404859066,0.04888861998915672
106,0.05625028908252716,0.013761112466454506,0.039685044437646866,0.03583172336220741,0.07760658860206604,0.06272285431623459,0.016345089301466942,0.05985182151198387,0.050150066614151,0.07582138478755951,0.014949299395084381,0.05756329745054245,0.04103551059961319,0.03560904040932655,0.038624536246061325,0.07721178233623505,0.06842554360628128,0.07790016382932663,0.016760654747486115,0.08388889580965042
107,0.04709678143262863,0.023437293246388435,0.049098797142505646,0.037315987050533295,0.06140640750527382,0.04779685661196709,0.016961365938186646,0.05878188833594322,0.058494213968515396,0.07333341240882874,0.010100594721734524,0.0634704977273941,0.053766507655382156,0.034864459186792374,0.04347279295325279,0.0842801034450531,0.07955373823642731,0.07793142646551132,0.012721391394734383,0.06610926240682602
108,0.04559501260519028,0.02946329489350319,0.039566054940223694,0.031172920018434525,0.08467132598161697,0.040852054953575134,0.012383787892758846,0.06981520354747772,0.04892725497484207,0.0843409076333046,0.009245632216334343,0.07558053731918335,0.04961531609296799,0.025732645764946938,0.03231236711144447,0.07702123373746872,0.06937076151371002,0.07385582476854324,0.01595994457602501,0.08451098203659058
109,0.04500831663608551,0.022756826132535934,0.06727883964776993,0.03985300287604332,0.06784740835428238,0.044264912605285645,0.014185153879225254,0.06120015308260918,0.041941508650779724,0.08101341873407364,0.00941348634660244,0.07252391427755356,0.058996886014938354,0.034483350813388824,0.028971437364816666,0.0895601212978363,0.08227131515741348,0.0679863691329956,0.01075667329132557,0.059681009501218796
110,0.04178670793771744,0.029943523928523064,0.04283469542860985,0.035452865064144135,0.06618305295705795,0.06968451291322708,0.010252805426716805,0.049013637006282806,0.04158223792910576,0.08530078083276749,0.009647226892411709,0.14865979552268982,0.05920623987913132,0.027506303042173386,0.03196675702929497,0.07366820424795151,0.06071840971708298,0.05312144756317139,0.011905497871339321,0.051556166261434555
111,0.0534885935485363,0.030274510383605957,0.04300372675061226,0.03869349882006645,0.05649946630001068,0.051890794187784195,0.01215097401291132,0.047834884375333786,0.07347802817821503,0.06614623218774796,0.008502323180437088,0.06852450966835022,0.05160392075777054,0.044309839606285095,0.045521434396505356,0.09939531236886978,0.08878343552350998,0.06340929865837097,0.009567837230861187,0.04691289737820625
112,0.041230592876672745,0.02799811027944088,0.03983965888619423,0.02985266223549843,0.06005377322435379,0.04581213742494583,0.015305755659937859,0.058823149651288986,0.04430707171559334,0.07200021296739578,0.009872631169855595,0.15260809659957886,0.0541074275970459,0.031677648425102234,0.03789348900318146,0.07243719696998596,0.07316789776086807,0.06157056987285614,0.01001631747931242,0.061418358236551285
113,0.05754879117012024,0.021849513053894043,0.04831848293542862,0.03567164018750191,0.04840497672557831,0.06362556666135788,0.023587804287672043,0.039675597101449966,0.07374900579452515,0.05415279045701027,0.010430432856082916,0.0797753855586052,0.06275609135627747,0.04058360680937767,0.05749121680855751,0.08705749362707138,0.06944260001182556,0.05643223598599434,0.00943051464855671,0.06001024693250656
114,0.05262621119618416,0.01824147067964077,0.04851163923740387,0.04715970531105995,0.04244270920753479,0.05737323313951492,0.027426505461335182,0.031203757971525192,0.07708839327096939,0.05211973935365677,0.012326715514063835,0.0735832005739212,0.05620456114411354,0.05338918790221214,0.06964552402496338,0.08888279646635056,0.07567179203033447,0.043233178555965424,0.010000070556998253,0.06286056339740753
115,0.06243029236793518,0.025527598336338997,0.023946400731801987,0.021980764344334602,0.10405364632606506,0.043572600930929184,0.01919412612915039,0.07645642757415771,0.033647604286670685,0.11031125485897064,0.019305510446429253,0.035524871200323105,0.03514450043439865,0.028091570362448692,0.03744702786207199,0.05597580224275589,0.06003944203257561,0.10113261640071869,0.020758505910634995,0.08545126765966415
116,0.060405418276786804,0.022464247420430183,0.026075754314661026,0.03910234943032265,0.0793548971414566,0.031036727130413055,0.019200708717107773,0.05552316829562187,0.05783456191420555,0.08331342786550522,0.015393402427434921,0.039664242416620255,0.022309135645627975,0.04638739302754402,0.05784901976585388,0.07239437103271484,0.08792988210916519,0.08264036476612091,0.01862078346312046,0.08249282836914062
117,0.05614057928323746,0.018816698342561722,0.020855046808719635,0.02213802933692932,0.1208721473813057,0.030433334410190582,0.01315397210419178,0.09177389740943909,0.03289656341075897,0.13283540308475494,0.019205233082175255,0.03151901438832283,0.031919803470373154,0.027942515909671783,0.03427729383111,0.05614315718412399,0.05786458030343056,0.1069692000746727,0.015881389379501343,0.07835650444030762
118,0.05485959351062775,0.02256843075156212,0.019104324281215668,0.031223127618432045,0.08967600017786026,0.04204012081027031,0.01678679697215557,0.05690036714076996,0.05321671441197395,0.08059422671794891,0.012614559382200241,0.03782825917005539,0.043322645127773285,0.04299316555261612,0.04989190399646759,0.07606960088014603,0.07630523294210434,0.07903888821601868,0.02131079137325287,0.0936506986618042
119,0.056397996842861176,0.012347699142992496,0.08019595593214035,0.039119478315114975,0.048987243324518204,0.055784672498703,0.02654591016471386,0.02279372699558735,0.05481370911002159,0.047954633831977844,0.009577427059412003,0.10294277220964432,0.03253486752510071,0.04380444064736366,0.051400307565927505,0.10412636399269104,0.08620215952396393,0.04549583047628403,0.008451336063444614,0.07051891088485718
120,0.0506104975938797,0.012487230822443962,0.04122859239578247,0.03888445720076561,0.04004097729921341,0.037758927792310715,0.013179522939026356,0.0412532277405262,0.03669114410877228,0.09416080266237259,0.0180175993591547,0.1576659232378006,0.0794806256890297,0.028439030051231384,0.0331311896443367,0.06778930872678757,0.1029525101184845,0.055803216993808746,0.006053531542420387,0.04436594620347023
121,0.09631127119064331,0.02851109951734543,0.06047895923256874,0.066708505153656,0.03783877566456795,0.07762772589921951,0.01275775395333767,0.04935945197939873,0.07844416797161102,0.0632261335849762,0.010313577018678188,0.07366957515478134,0.017697835341095924,0.05905630812048912,0.04345175251364708,0.06135790795087814,0.04123534634709358,0.07948121428489685,0.00546838017180562,0.03699745237827301
122,0.040401641279459,0.01056385226547718,0.04546254128217697,0.03642692416906357,0.02170773781836033,0.05572717636823654,0.007479832973331213,0.020042233169078827,0.045252397656440735,0.03553127497434616,0.005174873862415552,0.05942067131400108,0.03396138548851013,0.03023315593600273,0.025974232703447342,0.16554902493953705,0.30599093437194824,0.028830187395215034,0.004651476163417101,0.02161208540201187
123,0.06615332514047623,0.01625419780611992,0.09106990694999695,0.06105024740099907,0.03161308169364929,0.09626010060310364,0.024498088285326958,0.02681715600192547,0.06598644703626633,0.044066980481147766,0.009764058515429497,0.09733500331640244,0.02814568765461445,0.04817090556025505,0.04530905932188034,0.10347705334424973,0.06337939202785492,0.042868614196777344,0.005754857324063778,0.03201897814869881
124,0.06534969806671143,0.011900530196726322,0.06682842969894409,0.13510799407958984,0.02218928001821041,0.02845834381878376,0.013951926492154598,0.02762111835181713,0.08369045704603195,0.03926260024309158,0.006710442714393139,0.05707398056983948,0.039064545184373856,0.07767169922590256,0.035560790449380875,0.10707343369722366,0.11258159577846527,0.04223553091287613,0.0037756324745714664,0.02388552948832512
125,0.050149183720350266,0.010089604184031487,0.04980478063225746,0.051723662763834,0.044597502797842026,0.03853170573711395,0.01273807417601347,0.04513078182935715,0.050618257373571396,0.06294701993465424,0.01069918368011713,0.05527423322200775,0.06519542634487152,0.041379526257514954,0.0338229238986969,0.09558096528053284,0.1795765459537506,0.0552411787211895,0.011353987269103527,0.03553586080670357
126,0.05500910058617592,0.01494484394788742,0.0480307973921299,0.06518840044736862,0.05511818826198578,0.04697099328041077,0.019243307411670685,0.044671110808849335,0.05187780037522316,0.08649716526269913,0.014207357540726662,0.044888630509376526,0.025828227400779724,0.0507219173014164,0.04036010056734085,0.08813399821519852,0.09139412641525269,0.07496915012598038,0.011287215165793896,0.07065040618181229
127,0.07367919385433197,0.009887478314340115,0.09152180701494217,0.047829654067754745,0.028494728729128838,0.12964275479316711,0.023258475586771965,0.015621822327375412,0.06536654382944107,0.03184822201728821,0.007893003523349762,0.07251881808042526,0.08532516658306122,0.04259048402309418,0.057234395295381546,0.10168353468179703,0.04834049567580223,0.025067968294024467,0.006674739066511393,0.035513631999492645
128,0.054234959185123444,0.012790112756192684,0.05676103010773659,0.044340964406728745,0.038877665996551514,0.0641336664557457,0.020826075226068497,0.040020108222961426,0.07230958342552185,0.05049550160765648,0.011536202393472195,0.07587314397096634,0.049011923372745514,0.045600514858961105,0.05686429142951965,0.10692761093378067,0.09071606397628784,0.05474470183253288,0.009249173104763031,0.04468000307679176
129,0.05471373349428177,0.021172795444726944,0.05827965959906578,0.05161359906196594,0.0629521980881691,0.06567580252885818,0.021723074838519096,0.05396629497408867,0.051915496587753296,0.07129364460706711,0.015300871804356575,0.05920305475592613,0.0614105723798275,0.03724413737654686,0.03752843290567398,0.07762224972248077,0.06261874735355377,0.07205034792423248,0.009996517561376095,0.05371128395199776
130,0.053821172565221786,0.014760020188987255,0.09052834659814835,0.044671375304460526,0.04022509232163429,0.09486708790063858,0.020407183095812798,0.03072875179350376,0.04770583286881447,0.05433133244514465,0.010703075677156448,0.09602248668670654,0.07073630392551422,0.03740907460451126,0.038869909942150116,0.09143061935901642,0.06379028409719467,0.0478428415954113,0.008097691461443901,0.043043870478868484
131,0.04893583431839943,0.011829421855509281,0.06313084810972214,0.04041716828942299,0.044762711971998215,0.09534573554992676,0.01533850934356451,0.04445274919271469,0.06464088708162308,0.05989045649766922,0.010983042418956757,0.08808668702840805,0.05553886666893959,0.03640846908092499,0.04070679470896721,0.09136166423559189,0.07999540865421295,0.05326886475086212,0.008404195308685303,0.04649614542722702
132,0.04774486646056175,0.01703314296901226,0.08218394964933395,0.05217471718788147,0.03200588375329971,0.09231288731098175,0.01755327545106411,0.03642234578728676,0.06294847279787064,0.04704023897647858,0.009091726504266262,0.07435955107212067,0.062240082770586014,0.04102683812379837,0.04520513489842415,0.09256432950496674,0.07418514043092728,0.054955512285232544,0.009303221479058266,0.04964086785912514
133,0.04092252999544144,0.015697114169597626,0.05920431390404701,0.0438520573079586,0.049181271344423294,0.060753390192985535,0.016004245728254318,0.05218150466680527,0.07301393896341324,0.061091262847185135,0.010633978992700577,0.088290736079216,0.050512898713350296,0.04025661200284958,0.04108739644289017,0.09023489058017731,0.08950208127498627,0.060342542827129364,0.009577902033925056,0.04765189811587334
134,0.04702957719564438,0.020451193675398827,0.04450690373778343,0.04312623292207718,0.05518078804016113,0.05493542179465294,0.014665493741631508,0.05874652788043022,0.06381090730428696,0.078533835709095,0.009968976490199566,0.05756692215800285,0.05701864883303642,0.03811191767454147,0.04300767928361893,0.08455825597047806,0.08294031769037247,0.07677490264177322,0.012224829755723476,0.056829940527677536
135,0.05087001621723175,0.014723092317581177,0.051123734563589096,0.04080085828900337,0.07217820733785629,0.0655110776424408,0.01617233268916607,0.05494651570916176,0.052973296493291855,0.07555756717920303,0.013105278834700584,0.05645385757088661,0.06049066409468651,0.03363998979330063,0.04165912792086601,0.0864722952246666,0.06827700883150101,0.07149461656808853,0.011691808700561523,0.061852794140577316
136,0.054601117968559265,0.01558472029864788,0.04186427965760231,0.03900519385933876,0.06529746204614639,0.05531161278486252,0.016841497272253036,0.0763910636305809,0.05000418424606323,0.0944366306066513,0.014548522420227528,0.05458073690533638,0.04027479514479637,0.043409913778305054,0.036090459674596786,0.07857917994260788,0.07317475974559784,0.08423471450805664,0.01162975374609232,0.05413151904940605
137,0.04138419032096863,0.015465974807739258,0.030319450423121452,0.02568262256681919,0.06536370515823364,0.04065113887190819,0.011561446823179722,0.07647617161273956,0.039912376552820206,0.08434458076953888,0.013037730939686298,0.0393780879676342,0.027648093178868294,0.023250117897987366,0.027135100215673447,0.08714423328638077,0.18163391947746277,0.08681388199329376,0.01538344006985426,0.0674058347940445
138,0.04386844485998154,0.03091326728463173,0.03850838169455528,0.031669411808252335,0.07154630869626999,0.029017679393291473,0.012000896967947483,0.0913308709859848,0.053428295999765396,0.09871209412813187,0.012631495483219624,0.05911498889327049,0.02990611083805561,0.029579302296042442,0.041067466139793396,0.07660814374685287,0.07209151238203049,0.09905204176902771,0.015608027577400208,0.06333314627408981
139,0.04635658860206604,0.05423876643180847,0.027959158644080162,0.02869275026023388,0.09780647605657578,0.03859584778547287,0.010991363786160946,0.09638567268848419,0.04350370541214943,0.08951286226511002,0.01046130433678627,0.04070347920060158,0.0484272725880146,0.02194342203438282,0.02905144914984703,0.04992598295211792,0.058796368539333344,0.09632042050361633,0.022402575239539146,0.08791358023881912
140,0.04038558527827263,0.039444442838430405,0.029815245419740677,0.027585329487919807,0.1010279580950737,0.02937985025346279,0.013150648213922977,0.10465709865093231,0.030475832521915436,0.11596184968948364,0.01564263179898262,0.03831184655427933,0.03548483923077583,0.02738180011510849,0.026140717789530754,0.05168856307864189,0.06093885004520416,0.11214623600244522,0.01977279596030712,0.08059924095869064
141,0.04529896378517151,0.040102314203977585,0.025364885106682777,0.02609439566731453,0.10627153515815735,0.03360063582658768,0.008734115399420261,0.09106359630823135,0.026962697505950928,0.13224796950817108,0.014935122802853584,0.03378664702177048,0.08000766485929489,0.020016714930534363,0.023470032960176468,0.06276708096265793,0.049946129322052,0.08891383558511734,0.020508598536252975,0.06989908218383789
142,0.04122880473732948,0.04194445535540581,0.02336483635008335,0.0268256738781929,0.10147909075021744,0.033927761018276215,0.011778613552451134,0.07920563966035843,0.04106134921312332,0.12091751396656036,0.01429093349725008,0.040839359164237976,0.05525527149438858,0.02994423918426037,0.040093932300806046,0.06238563358783722,0.05471407622098923,0.08359932899475098,0.025542644783854485,0.07159166783094406
143,0.042514752596616745,0.04990239813923836,0.026022184640169144,0.02206076867878437,0.1148797869682312,0.043573107570409775,0.011234342120587826,0.07867564260959625,0.023412447422742844,0.11908183246850967,0.016389522701501846,0.04644777625799179,0.03329018875956535,0.02403421700000763,0.026121288537979126,0.0620739609003067,0.07520746439695358,0.08134081959724426,0.022662896662950516,0.081064872443676
144,0.04760096222162247,0.06162627413868904,0.0277116596698761,0.022462131455540657,0.09776946902275085,0.04981274530291557,0.01161393616348505,0.08457712084054947,0.02635372057557106,0.11883708089590073,0.019520888105034828,0.052133120596408844,0.0445442833006382,0.021869167685508728,0.027425449341535568,0.057080481201410294,0.05124898627400398,0.08785457164049149,0.022173210978507996,0.06777675449848175
145,0.05896371603012085,0.06112416461110115,0.026625683531165123,0.029617084190249443,0.09179214388132095,0.050937071442604065,0.013458985835313797,0.10504984110593796,0.040530234575271606,0.09774842113256454,0.01771826483309269,0.04172638803720474,0.03205736353993416,0.032758064568042755,0.03509388491511345,0.04263715818524361,0.03316771984100342,0.10220269113779068,0.01841919496655464,0.06836254894733429
146,0.027134792879223824,0.033311691135168076,0.018729543313384056,0.014290647581219673,0.09002560377120972,0.02010437101125717,0.006781045813113451,0.14219486713409424,0.019957659766077995,0.18024028837680817,0.02048453688621521,0.027479199692606926,0.021336756646633148,0.015771904960274696,0.017397642135620117,0.04955323785543442,0.11746037751436234,0.10510601103305817,0.017264550551772118,0.05536825582385063
147,0.044994525611400604,0.057127874344587326,0.023988671600818634,0.02989385277032852,0.10320639610290527,0.029068561270833015,0.011249570176005363,0.08916064351797104,0.03522072732448578,0.13705363869667053,0.01720520295202732,0.030383259057998657,0.015367474406957626,0.028724536299705505,0.03451886773109436,0.05672016367316246,0.055200107395648956,0.0993422269821167,0.02899380959570408,0.07256969064474106
148,0.04177626594901085,0.04121313989162445,0.031235335394740105,0.02414449118077755,0.09317275136709213,0.03376518189907074,0.012255895882844925,0.0872279554605484,0.03851914033293724,0.08821592479944229,0.013394759967923164,0.07791246473789215,0.04418661817908287,0.02135087549686432,0.027357397601008415,0.08159371465444565,0.08424553275108337,0.07688671350479126,0.017653893679380417,0.06388093531131744
149,0.04759170487523079,0.04493797570466995,0.035212911665439606,0.025952482596039772,0.08464428782463074,0.04961401969194412,0.012899930588901043,0.08452797681093216,0.0349065400660038,0.10864683240652084,0.020473234355449677,0.05570286512374878,0.04068432375788689,0.023670250549912453,0.028865661472082138,0.06640920042991638,0.06575270742177963,0.08790736645460129,0.016214067116379738,0.06537801772356033
150,0.053017619997262955,0.027438342571258545,0.03328433260321617,0.02730538137257099,0.07906077057123184,0.07269992679357529,0.018406294286251068,0.06413653492927551,0.044355813413858414,0.08069069683551788,0.021639056503772736,0.06038645654916763,0.04031240567564964,0.027218209579586983,0.04276854172348976,0.07348816096782684,0.07383789867162704,0.07592066377401352,0.012968295253813267,0.07105622440576553
151,0.05706815794110298,0.03435139358043671,0.042535874992609024,0.032220661640167236,0.06285975128412247,0.08228327333927155,0.01989622227847576,0.05727231130003929,0.035778895020484924,0.08066673576831818,0.018445787951350212,0.05348723754286766,0.044393062591552734,0.030504031106829643,0.03998403251171112,0.07898826152086258,0.06662339717149734,0.07872195541858673,0.01604774221777916,0.06786162406206131
152,0.03760738670825958,0.046202436089515686,0.023132698610424995,0.01685776747763157,0.1114402487874031,0.05543942376971245,0.013197684660553932,0.10316772758960724,0.027849530801177025,0.12263906002044678,0.020822564139962196,0.039989717304706573,0.029377469792962074,0.01896706596016884,0.030497752130031586,0.048797354102134705,0.05306746065616608,0.09850889444351196,0.02395121194422245,0.07847645878791809
153,0.05038806423544884,0.039018310606479645,0.02865361049771309,0.02806336246430874,0.07352863252162933,0.048755478113889694,0.021132055670022964,0.06956026703119278,0.05301321670413017,0.0908864364027977,0.01763927936553955,0.03901945427060127,0.03535447642207146,0.030362239107489586,0.053126633167266846,0.06700976938009262,0.07251819968223572,0.08789268136024475,0.017521964386105537,0.07654602080583572
154,0.053861141204833984,0.04720460996031761,0.02530907839536667,0.024366237223148346,0.07990174740552902,0.031109657138586044,0.010899518616497517,0.07257889956235886,0.08001384139060974,0.09127074480056763,0.014335942454636097,0.1098572239279747,0.022036857903003693,0.027462605386972427,0.050489433109760284,0.063048355281353,0.052147433161735535,0.07506052404642105,0.013250268064439297,0.05578545108437538
155,0.03556104004383087,0.08867400884628296,0.03045566938817501,0.026066308841109276,0.086850605905056,0.031413473188877106,0.012281233444809914,0.07641260325908661,0.03786437213420868,0.09512791782617569,0.012810117565095425,0.07059524953365326,0.03637527674436569,0.024005470797419548,0.031146900728344917,0.06772751361131668,0.06327688694000244,0.08199912309646606,0.015361819416284561,0.07598735392093658
156,0.0505455918610096,0.10193896293640137,0.05070899426937103,0.02812688983976841,0.05905411019921303,0.05647704005241394,0.018317272886633873,0.037215668708086014,0.0466325506567955,0.06657411903142929,0.010963581502437592,0.0641821026802063,0.05460050329566002,0.03206554800271988,0.039628684520721436,0.09199730306863785,0.06814008951187134,0.05308148264884949,0.009801354259252548,0.05994183570146561
157,0.05268310382962227,0.03454720601439476,0.053980085998773575,0.035415180027484894,0.05304417014122009,0.05342567339539528,0.014266256242990494,0.05026772618293762,0.06020226702094078,0.07678688317537308,0.011933498084545135,0.0724940076470375,0.06212707981467247,0.03228989616036415,0.03897013142704964,0.0912182405591011,0.09001831710338593,0.06376321613788605,0.007698036730289459,0.044862549751996994
158,0.05794023722410202,0.0357205830514431,0.04513532668352127,0.04239024594426155,0.05252014100551605,0.07661869376897812,0.0102682588621974,0.04890693724155426,0.05541640892624855,0.07965666800737381,0.010728597640991211,0.06463301926851273,0.055037014186382294,0.03743358328938484,0.03539194166660309,0.09536149352788925,0.07931579649448395,0.06543038785457611,0.010084935463964939,0.04200195521116257
159,0.06347392499446869,0.013579624705016613,0.046079471707344055,0.050955433398485184,0.0470421276986599,0.08148767054080963,0.012056772597134113,0.03624904900789261,0.06475333124399185,0.06761108338832855,0.010674155317246914,0.056875817477703094,0.05644343048334122,0.04636932164430618,0.03896303474903107,0.09866248071193695,0.09034525603055954,0.06277965009212494,0.007460336666554213,0.04812781140208244
160,0.03695865347981453,0.012849302962422371,0.05664345994591713,0.04037557169795036,0.032820042222738266,0.07431168854236603,0.010724710300564766,0.03574588894844055,0.057861339300870895,0.047411274164915085,0.007933156564831734,0.23445314168930054,0.04654295742511749,0.035715777426958084,0.03189300745725632,0.08193272352218628,0.06877611577510834,0.04732823371887207,0.005791564472019672,0.03392248973250389
161,0.06513521820306778,0.0399637371301651,0.03773016855120659,0.0463673360645771,0.07464565336704254,0.06968100368976593,0.01143104862421751,0.0818457156419754,0.05129147693514824,0.09509694576263428,0.017129411920905113,0.04777907207608223,0.01833709515631199,0.045340243726968765,0.034606367349624634,0.04583144932985306,0.04404012858867645,0.10484114289283752,0.012753319926559925,0.05614335462450981
162,0.03625345602631569,0.007965677417814732,0.04766293987631798,0.03440717235207558,0.03557317331433296,0.037778593599796295,0.014644819311797619,0.03905433416366577,0.05135992914438248,0.049245160073041916,0.008777382783591747,0.05161416903138161,0.042768314480781555,0.02905391901731491,0.03749629482626915,0.14912322163581848,0.21741463243961334,0.05804358795285225,0.007506794296205044,0.04425062611699104
163,0.05969482660293579,0.015292594209313393,0.03668578714132309,0.03213806822896004,0.08100039511919022,0.05088585615158081,0.012798605486750603,0.09013578295707703,0.037962060421705246,0.09793058782815933,0.016846660524606705,0.041732002049684525,0.025173557922244072,0.02468590810894966,0.031694699078798294,0.0739661380648613,0.07276536524295807,0.11526627093553543,0.015701700001955032,0.06763399392366409
164,0.055587898939847946,0.013551771640777588,0.0638870969414711,0.05496436357498169,0.04540925845503807,0.06228981167078018,0.01977406069636345,0.03848051279783249,0.05619560554623604,0.05607851967215538,0.011307250708341599,0.06896620988845825,0.047869618982076645,0.042169880121946335,0.04090084880590439,0.0998033657670021,0.08762221038341522,0.06351319700479507,0.009052176959812641,0.06257057934999466
165,0.048891644924879074,0.013033442199230194,0.054008204489946365,0.040633026510477066,0.06492974609136581,0.05981733649969101,0.014899903908371925,0.0632113441824913,0.044391922652721405,0.0783807709813118,0.016774501651525497,0.09900727868080139,0.04997212067246437,0.028501085937023163,0.037647269666194916,0.07534314692020416,0.06846380233764648,0.07421180605888367,0.010155688039958477,0.05771917849779129
166,0.044779445976018906,0.025762923061847687,0.05268680304288864,0.0352117121219635,0.0653376579284668,0.06839016824960709,0.01769876666367054,0.05553833767771721,0.052156753838062286,0.07630231231451035,0.010907965712249279,0.07240165770053864,0.04888581112027168,0.034727104008197784,0.040936291217803955,0.0896909311413765,0.07168859988451004,0.06353524327278137,0.012178684584796429,0.061174262315034866
167,0.048426251858472824,0.013836134225130081,0.06844108551740646,0.05157023295760155,0.05093396455049515,0.07716494798660278,0.02178889885544777,0.038179848343133926,0.054468367248773575,0.05950877442955971,0.012194782495498657,0.07235072553157806,0.05669274553656578,0.03987964242696762,0.04134421423077583,0.09278297424316406,0.07497861981391907,0.053923461586236954,0.009802856482565403,0.06172490119934082
168,0.055521756410598755,0.014368872158229351,0.054796252399683,0.049014441668987274,0.052587710320949554,0.07225383818149567,0.02108856663107872,0.05270838737487793,0.05299539864063263,0.07536302506923676,0.015585259534418583,0.061500344425439835,0.041524603962898254,0.03917846828699112,0.042980074882507324,0.09023048728704453,0.07820286601781845,0.06946216523647308,0.008338755927979946,0.052292704582214355
169,0.042940735816955566,0.016391301527619362,0.06706086546182632,0.04695099592208862,0.04405112937092781,0.08138472586870193,0.019232138991355896,0.04359424114227295,0.0435212068259716,0.05961265414953232,0.013951602391898632,0.06852097064256668,0.0751321017742157,0.03804383799433708,0.04354845732450485,0.09009493887424469,0.0761449858546257,0.058930058032274246,0.011290607042610645,0.05959358066320419
170,0.04326111823320389,0.0202209260314703,0.04013130068778992,0.03610658645629883,0.07668948918581009,0.05007253959774971,0.01657143048942089,0.07794489711523056,0.044703688472509384,0.09836514294147491,0.017298908904194832,0.04661766067147255,0.037829358130693436,0.033869367092847824,0.04065414518117905,0.07050938904285431,0.06779302656650543,0.09167038649320602,0.015196023508906364,0.07448624819517136
171,0.042984310537576675,0.025962170213460922,0.03841438516974449,0.04400547966361046,0.06623805314302444,0.04179372638463974,0.014746783301234245,0.06760592758655548,0.05100060626864433,0.08460239320993423,0.015933023765683174,0.04298299923539162,0.036678556352853775,0.035785432904958725,0.04518735408782959,0.07194434851408005,0.08034924417734146,0.09400805830955505,0.01892654411494732,0.08084479719400406
172,0.04570014774799347,0.024828551337122917,0.03718504682183266,0.03358403593301773,0.09676232188940048,0.03940308839082718,0.011421454139053822,0.09002614766359329,0.049557287245988846,0.10504911839962006,0.015812085941433907,0.04147582873702049,0.03907307609915733,0.02912573702633381,0.03492097929120064,0.06311970949172974,0.06004191190004349,0.10253265500068665,0.013789140619337559,0.06658687442541122
173,0.04652625322341919,0.023486467078328133,0.045155804604291916,0.043835222721099854,0.06287923455238342,0.038802389055490494,0.02022511325776577,0.054542090743780136,0.06439267843961716,0.07123574614524841,0.014638889580965042,0.056265879422426224,0.04344390332698822,0.035873427987098694,0.0534982793033123,0.07454018294811249,0.08913331478834152,0.07692772150039673,0.013338561169803143,0.07125353813171387
174,0.047726843506097794,0.03723029047250748,0.033057089895009995,0.032866425812244415,0.11062072962522507,0.03986479714512825,0.011859508231282234,0.08631478250026703,0.039699725806713104,0.10171865671873093,0.015751054510474205,0.03979150950908661,0.043297551572322845,0.021476900205016136,0.03006354346871376,0.07319629937410355,0.054264821112155914,0.0835174024105072,0.01826624386012554,0.07940936833620071
175,0.04320550709962845,0.024996649473905563,0.051998089998960495,0.035794198513031006,0.06643571704626083,0.03815346211194992,0.015759039670228958,0.06452848762273788,0.049139369279146194,0.07156411558389664,0.012573500163853168,0.08015867322683334,0.042917635291814804,0.03400063514709473,0.040724027901887894,0.09010271728038788,0.08667014539241791,0.07293707132339478,0.011796802282333374,0.06653735786676407
176,0.04253965616226196,0.025003323331475258,0.04655296355485916,0.029532648622989655,0.08728082478046417,0.04873060807585716,0.0102674700319767,0.09234083443880081,0.03736518695950508,0.10195591300725937,0.017201703041791916,0.05773794651031494,0.04310886561870575,0.024960123002529144,0.029484793543815613,0.0670580267906189,0.07091806828975677,0.08273524791002274,0.01869361475110054,0.06652488559484482
177,0.043058253824710846,0.037814971059560776,0.031075462698936462,0.027814896777272224,0.09547329694032669,0.042173705995082855,0.01498554740101099,0.07807739078998566,0.050210870802402496,0.09436178207397461,0.012855881825089455,0.05073936656117439,0.041237201541662216,0.030223941430449486,0.036877453327178955,0.07006113231182098,0.06127621978521347,0.0862535759806633,0.013911549001932144,0.08151023089885712
178,0.04315701127052307,0.03417458385229111,0.04582247883081436,0.03401166573166847,0.0777367502450943,0.03960960730910301,0.013847137801349163,0.07626307010650635,0.04200942441821098,0.0815141499042511,0.011102307587862015,0.057544391602277756,0.05975579097867012,0.027711346745491028,0.035270433872938156,0.07902264595031738,0.08517485857009888,0.07717173546552658,0.013417202979326248,0.06567453593015671
179,0.03557796776294708,0.02123810350894928,0.02532627433538437,0.027330810204148293,0.10052518546581268,0.035826731473207474,0.01461680419743061,0.11531409621238708,0.02994009479880333,0.12119432538747787,0.014729106798768044,0.03537287935614586,0.03593119978904724,0.022921713069081306,0.028713421896100044,0.048428505659103394,0.05911095067858696,0.1125757098197937,0.017191603779792786,0.09812727570533752
180,0.040670283138751984,0.02693699114024639,0.058055177330970764,0.045383162796497345,0.06345389783382416,0.04127798229455948,0.017400169745087624,0.06367755681276321,0.04979706555604935,0.0676601380109787,0.010583870112895966,0.058999329805374146,0.038307104259729385,0.03623992204666138,0.03568953275680542,0.08372685313224792,0.09093508869409561,0.08143255114555359,0.012285378761589527,0.07747920602560043
181,0.04689059033989906,0.03647899627685547,0.033505745232105255,0.02896605059504509,0.09497299045324326,0.05397133156657219,0.011302278377115726,0.08326029032468796,0.028862807899713516,0.10994770377874374,0.013309434056282043,0.04433500021696091,0.055409569293260574,0.02456216886639595,0.02843901328742504,0.0612403079867363,0.057189371436834335,0.09102918207645416,0.021157721057534218,0.07516007870435715
182,0.03966299071907997,0.00916964653879404,0.03141365572810173,0.03207038715481758,0.0457196906208992,0.037863217294216156,0.009257862344384193,0.05324311554431915,0.03900110349059105,0.06298980861902237,0.007748434320092201,0.03832005336880684,0.0297518540173769,0.025820044800639153,0.028273766860365868,0.1378367841243744,0.2534106969833374,0.060255467891693115,0.009509220719337463,0.048676472157239914
183,0.04468025267124176,0.01742452010512352,0.0527888759970665,0.040610939264297485,0.07047408819198608,0.05812939628958702,0.017321031540632248,0.07435309141874313,0.03382309153676033,0.09047377854585648,0.013357997871935368,0.060154322534799576,0.05041820555925369,0.032384179532527924,0.032716553658246994,0.06953703612089157,0.0686890035867691,0.08633306622505188,0.011882125400006771,0.0744403675198555
184,0.05647656321525574,0.022936178371310234,0.04072372987866402,0.03134786710143089,0.07088658958673477,0.07777635753154755,0.015116781927645206,0.07129435241222382,0.033721551299095154,0.08747057616710663,0.013840821571648121,0.05560668930411339,0.052942968904972076,0.029601698741316795,0.03309853374958038,0.0764383003115654,0.06489117443561554,0.08499209582805634,0.01317582931369543,0.06765101104974747
185,0.0336042195558548,0.006658004131168127,0.04767065495252609,0.03461870551109314,0.027178026735782623,0.051610276103019714,0.013083761557936668,0.01959277130663395,0.05060826614499092,0.024988597258925438,0.006333664525300264,0.05792749673128128,0.05586819723248482,0.03040914237499237,0.03303343802690506,0.16488824784755707,0.2752178907394409,0.03001813404262066,0.004911326337605715,0.031773217022418976
186,0.05756237357854843,0.00985377375036478,0.054595302790403366,0.03513418510556221,0.06532042473554611,0.09006217867136002,0.022183166816830635,0.04375183582305908,0.03706006705760956,0.07706600427627563,0.016586143523454666,0.0606534406542778,0.05184550955891609,0.03419036418199539,0.04253830388188362,0.08805092424154282,0.06400919705629349,0.06613115966320038,0.0147805605083704,0.0686180368065834
187,0.05347816273570061,0.01576411910355091,0.03985072672367096,0.03180927783250809,0.07903023809194565,0.0597715862095356,0.016500063240528107,0.08905718475580215,0.035033248364925385,0.08923869580030441,0.018663443624973297,0.05565168708562851,0.04990239068865776,0.02368774265050888,0.03417142108082771,0.06430161744356155,0.06836439669132233,0.10126718878746033,0.010503497906029224,0.06394612044095993
188,0.04640418663620949,0.014816765673458576,0.05625114589929581,0.05181799829006195,0.03675366938114166,0.06280117481946945,0.02624504454433918,0.04501460865139961,0.06060079485177994,0.04522150009870529,0.010100645944476128,0.06148859113454819,0.03725554421544075,0.04027731344103813,0.052771106362342834,0.09079911559820175,0.09837040305137634,0.07143063098192215,0.011132825165987015,0.08043944835662842
189,0.049609627574682236,0.011522321961820126,0.05009519308805466,0.04805793613195419,0.07365120947360992,0.05282895639538765,0.013752643018960953,0.06851945072412491,0.03976386785507202,0.07978136092424393,0.0121277691796422,0.06181693449616432,0.04920800030231476,0.03855134919285774,0.034329380840063095,0.07150053977966309,0.06525356322526932,0.09770208597183228,0.013898804783821106,0.06802241504192352
190,0.04550721496343613,0.009965226985514164,0.05016591027379036,0.07425090670585632,0.04582476615905762,0.0542597658932209,0.0163993239402771,0.04407587647438049,0.06961219757795334,0.06693296879529953,0.012638261541724205,0.05038946866989136,0.052701082080602646,0.049688670784235,0.04839430749416351,0.07756327092647552,0.0816500261425972,0.08124954998493195,0.010742796584963799,0.057983867824077606
191,0.033914174884557724,0.010796301066875458,0.08097492903470993,0.05896958336234093,0.03415083512663841,0.06669583171606064,0.018576323986053467,0.03245752677321434,0.07151869684457779,0.03743307292461395,0.009129147045314312,0.10002698004245758,0.0855112075805664,0.03877849876880646,0.05639338493347168,0.08547947555780411,0.07953575253486633,0.04511028528213501,0.006938644219189882,0.047601956874132156
192,0.05888612940907478,0.01447363942861557,0.05711584538221359,0.06313664466142654,0.04147930070757866,0.058218006044626236,0.0129567701369524,0.04767478257417679,0.07676241546869278,0.0469067320227623,0.008636368438601494,0.06670098006725311,0.06555160135030746,0.04035976901650429,0.041267625987529755,0.10535135865211487,0.0742320790886879,0.06940409541130066,0.00599278649315238,0.044884879142045975
193,0.03165565803647041,0.0055613708682358265,0.06229368969798088,0.027787595987319946,0.02516544610261917,0.051259394735097885,0.011514037847518921,0.02014993317425251,0.03602084890007973,0.029797973111271858,0.0042116171680390835,0.07175720483064651,0.06170280650258064,0.023465260863304138,0.02260209247469902,0.21158793568611145,0.244650736451149,0.02538716234266758,0.004524672403931618,0.02889755181968212
194,0.043569572269916534,0.014913574792444706,0.06719748675823212,0.04965509846806526,0.04784741625189781,0.12561826407909393,0.015893148258328438,0.036423929035663605,0.06610283255577087,0.06410637497901917,0.0096312016248703,0.07435613870620728,0.04855566471815109,0.039436955004930496,0.03732065111398697,0.08127263188362122,0.0636030063033104,0.053587689995765686,0.00820981990545988,0.0526888445019722
195,0.03967466205358505,0.009415294975042343,0.05327017232775688,0.05765224248170853,0.03486179932951927,0.044512633234262466,0.016864046454429626,0.044441480189561844,0.10081640630960464,0.04339088872075081,0.008665070869028568,0.07201244682073593,0.026872798800468445,0.046001505106687546,0.03818245977163315,0.10914045572280884,0.12186302244663239,0.08122837543487549,0.006985699292272329,0.04413928464055061
196,0.0476551279425621,0.01579408533871174,0.036267444491386414,0.03713476285338402,0.06922845542430878,0.04994061961770058,0.016135141253471375,0.05553167313337326,0.04580853879451752,0.09332018345594406,0.0134741785004735,0.05251268669962883,0.04748084396123886,0.03713851049542427,0.0410870723426342,0.07371753454208374,0.08279711753129959,0.080440454185009,0.023558640852570534,0.08097037672996521
197,0.07047944515943527,0.009222354739904404,0.04015794396400452,0.04887355864048004,0.05058909207582474,0.06601051241159439,0.023748697713017464,0.049922216683626175,0.049629777669906616,0.07421991974115372,0.015325239859521389,0.0472111701965332,0.042058855295181274,0.041427791118621826,0.05342423915863037,0.070499487221241,0.06911502778530121,0.08736976981163025,0.012261496856808662,0.07844744622707367
198,0.04796331748366356,0.014478304423391819,0.04906591400504112,0.033673424273729324,0.07116206735372543,0.05824490264058113,0.014226356521248817,0.07629811763763428,0.04048324003815651,0.09011299908161163,0.015569707378745079,0.07509234547615051,0.04724502936005592,0.027561450377106667,0.03218003734946251,0.06612913310527802,0.06588029116392136,0.0965232253074646,0.012329205870628357,0.06577341258525848
199,0.044057734310626984,0.012185389176011086,0.06050104275345802,0.04607940837740898,0.0553639680147171,0.06215692311525345,0.017307685688138008,0.05550311878323555,0.05192195996642113,0.06403849273920059,0.009180443361401558,0.07545441389083862,0.05187198892235756,0.033035922795534134,0.036094438284635544,0.08573070168495178,0.08897364884614944,0.07314616441726685,0.010808113031089306,0.06658259779214859
200,0.0528612956404686,0.009650354273617268,0.06324063986539841,0.04528377205133438,0.05797832831740379,0.07011143118143082,0.02048562467098236,0.039549149572849274,0.040600892156362534,0.06878514587879181,0.010430737398564816,0.06960931420326233,0.06885305047035217,0.03577301278710365,0.04119883477687836,0.09515077620744705,0.07715832442045212,0.05744453892111778,0.011752298101782799,0.06407608836889267
201,0.04463215544819832,0.011006182059645653,0.05538136884570122,0.03899892792105675,0.051689378917217255,0.06045404076576233,0.01780668832361698,0.04851725324988365,0.05299733206629753,0.07194705307483673,0.011216584593057632,0.13234871625900269,0.05380592495203018,0.03420491889119148,0.04244871065020561,0.07911927998065948,0.07197864353656769,0.05481385067105293,0.009867480956017971,0.056759919971227646
202,0.0480559878051281,0.010884126648306847,0.06929679214954376,0.05369996652007103,0.05434161424636841,0.06764856725931168,0.013953739777207375,0.04993549361824989,0.05053995922207832,0.06353474408388138,0.010052528232336044,0.07915448397397995,0.04314783960580826,0.038662269711494446,0.0361931249499321,0.09158982336521149,0.09360867738723755,0.05567247048020363,0.010014494881033897,0.060005415230989456
203,0.051940206438302994,0.013349791057407856,0.05321906507015228,0.04216276854276657,0.06045672670006752,0.07927825301885605,0.02369673363864422,0.053888969123363495,0.049182284623384476,0.08003947138786316,0.011356332339346409,0.06705078482627869,0.03987075388431549,0.04184165224432945,0.04113416746258736,0.0875672996044159,0.06973402202129364,0.06440672278404236,0.008748870342969894,0.06106799095869064
204,0.05993575230240822,0.007956969551742077,0.0727686658501625,0.06390397995710373,0.037453483790159225,0.08624514192342758,0.018921319395303726,0.029820837080478668,0.06580383330583572,0.050014134496450424,0.010543948970735073,0.07770345360040665,0.06338285654783249,0.04809034988284111,0.05498615652322769,0.08968320488929749,0.06888775527477264,0.04689086973667145,0.009415969252586365,0.037584103643894196
205,0.045502930879592896,0.010398984886705875,0.036584414541721344,0.03817053884267807,0.08326689898967743,0.04854675754904747,0.01364918053150177,0.095449298620224,0.041135024279356,0.11279665678739548,0.015562531538307667,0.04285323992371559,0.035701800137758255,0.033372022211551666,0.04115334898233414,0.06093086302280426,0.0627763569355011,0.10409564524888992,0.01501836720854044,0.0630272626876831
206,0.04406680166721344,0.019104212522506714,0.0348653607070446,0.038736410439014435,0.08136153221130371,0.03602428734302521,0.014586077071726322,0.09085018187761307,0.03855108097195625,0.10838115960359573,0.01413622498512268,0.039283569902181625,0.04599493369460106,0.03098941594362259,0.04355073347687721,0.06168176606297493,0.07551431655883789,0.09519926458597183,0.015437411144375801,0.07167825102806091
207,0.04092466086149216,0.01460450142621994,0.027910375967621803,0.02919449657201767,0.09251540154218674,0.04075295478105545,0.015576794743537903,0.09807693958282471,0.03351888805627823,0.1302305907011032,0.013949519023299217,0.0362916998565197,0.04443831369280815,0.029947595670819283,0.039415884763002396,0.060799263417720795,0.057832326740026474,0.09597425162792206,0.017531709745526314,0.0805075615644455
208,0.05519160255789757,0.01226859912276268,0.04472128301858902,0.03815125674009323,0.06507612019777298,0.05388951674103737,0.017650825902819633,0.05972227826714516,0.054804012179374695,0.08577769994735718,0.013059071265161037,0.057144567370414734,0.059988271445035934,0.03315681964159012,0.050357718020677567,0.07716688513755798,0.0761924535036087,0.0711919516324997,0.010238861665129662,0.06424444168806076
209,0.04478829354047775,0.017946593463420868,0.03906935453414917,0.024589139968156815,0.07490026950836182,0.04102152958512306,0.02118731662631035,0.06701473891735077,0.06798863410949707,0.09607420861721039,0.014155487529933453,0.07548005878925323,0.03818262368440628,0.029691334813833237,0.061637744307518005,0.08055811375379562,0.06365520507097244,0.06670187413692474,0.010615814477205276,0.06473559886217117
210,0.047010213136672974,0.017744483426213264,0.04463347792625427,0.03241255506873131,0.07079040259122849,0.06748168915510178,0.014146137051284313,0.08047659695148468,0.04471621289849281,0.09124256670475006,0.014246799051761627,0.0652574896812439,0.04787867143750191,0.024104377254843712,0.04598160833120346,0.07210996747016907,0.0695033147931099,0.07920491695404053,0.011004994623363018,0.06004790961742401
211,0.05413613095879555,0.013810156844556332,0.03408942371606827,0.03821877762675285,0.07834085822105408,0.045561712235212326,0.012434587813913822,0.08766794204711914,0.0628490298986435,0.09969302266836166,0.013030419126152992,0.0430002361536026,0.027000857517123222,0.03884299471974373,0.04813501611351967,0.08527117222547531,0.0659075528383255,0.09002247452735901,0.009236596524715424,0.052744507789611816
212,0.04081498458981514,0.02188403531908989,0.05084296315908432,0.04071342945098877,0.059559743851423264,0.04893823340535164,0.01383459847420454,0.07078254967927933,0.0622972697019577,0.08636189252138138,0.011463934555649757,0.07058454304933548,0.06039688363671303,0.037074342370033264,0.03734831139445305,0.07058408856391907,0.07282571494579315,0.0716656818985939,0.011103590950369835,0.06091643124818802
213,0.05157207325100899,0.03489452600479126,0.03156919404864311,0.02282438427209854,0.08565689623355865,0.036598458886146545,0.014822030439972878,0.10232138633728027,0.041125137358903885,0.14683008193969727,0.015140365809202194,0.04224929213523865,0.039291705936193466,0.026922348886728287,0.0336984246969223,0.05766426771879196,0.05429159849882126,0.08494417369365692,0.014408834278583527,0.0631672665476799
214,0.044743556529283524,0.024370329454541206,0.03120659850537777,0.029196521267294884,0.06989096105098724,0.04314066842198372,0.013525322079658508,0.07224276661872864,0.04771161451935768,0.09295503050088882,0.011389139108359814,0.04665127396583557,0.08794388175010681,0.03129110485315323,0.04095027968287468,0.08977314084768295,0.07468681782484055,0.07886501401662827,0.010809512808918953,0.05864845961332321
215,0.06567370146512985,0.018544815480709076,0.055929359048604965,0.05264425277709961,0.07279671728610992,0.04700085520744324,0.01305325236171484,0.06400662660598755,0.04710125923156738,0.0850629210472107,0.010326268151402473,0.053862567991018295,0.056811533868312836,0.031039394438266754,0.03590135648846626,0.08402033150196075,0.06702858209609985,0.07627012580633163,0.008700301870703697,0.05421730503439903
216,0.04302796348929405,0.022140448912978172,0.05542098730802536,0.03775807470083237,0.05905364826321602,0.05743836238980293,0.016479885205626488,0.0686110109090805,0.035330433398485184,0.08702145516872406,0.01630742847919464,0.10027951747179031,0.04659998416900635,0.030702775344252586,0.038214460015296936,0.06686457991600037,0.06723085790872574,0.07107847183942795,0.013718298636376858,0.06671427935361862
217,0.04422108829021454,0.05156395211815834,0.023201007395982742,0.02375236339867115,0.11515277624130249,0.03455405309796333,0.010721500031650066,0.0959227904677391,0.02609339728951454,0.11093418300151825,0.016372043639421463,0.027859652414917946,0.03785772994160652,0.024682961404323578,0.025131424888968468,0.06519076973199844,0.05197682976722717,0.0905732586979866,0.030672531574964523,0.09355709701776505
218,0.04754931479692459,0.02316872589290142,0.031148673966526985,0.032767798751592636,0.07505063712596893,0.034822724759578705,0.01361111644655466,0.09826022386550903,0.03857767581939697,0.09838470816612244,0.016475223004817963,0.03136500343680382,0.043543990701436996,0.029076969251036644,0.03721506893634796,0.05849757790565491,0.07091299444437027,0.1140185073018074,0.015495015308260918,0.09005293995141983
219,0.04523658752441406,0.0197882242500782,0.04060197249054909,0.03417191654443741,0.07672499865293503,0.050019972026348114,0.016335122287273407,0.07540659606456757,0.04477042704820633,0.09868304431438446,0.013432464562356472,0.044983889907598495,0.05174863338470459,0.03182699903845787,0.04415581375360489,0.07339536398649216,0.06138129159808159,0.08819901943206787,0.013438904657959938,0.07569222152233124
220,0.044362880289554596,0.02207793854176998,0.04081621766090393,0.030081825330853462,0.08930572867393494,0.04667435213923454,0.011520978063344955,0.08332671225070953,0.033022429794073105,0.10571049153804779,0.014121510088443756,0.047243162989616394,0.05624372884631157,0.025419635698199272,0.033532217144966125,0.07333564013242722,0.07167664915323257,0.0811447948217392,0.016162581741809845,0.0742136761546135
221,0.05724962800741196,0.016138141974806786,0.03076128475368023,0.030319511890411377,0.07316096127033234,0.0454619899392128,0.01654903031885624,0.08829358965158463,0.03664304316043854,0.10902145504951477,0.0171035286039114,0.03836824372410774,0.05451824516057968,0.036318376660346985,0.03734327852725983,0.06894269585609436,0.06706207990646362,0.0996842309832573,0.010348428040742874,0.0667075589299202
222,0.04807773977518082,0.013753634877502918,0.03869045525789261,0.032684076577425,0.08062087744474411,0.05034377798438072,0.016478948295116425,0.0823247879743576,0.03850337862968445,0.09468423575162888,0.017598798498511314,0.04795364663004875,0.05100288614630699,0.030347460880875587,0.03714669868350029,0.072395458817482,0.06971219927072525,0.09423469007015228,0.01163072045892477,0.07181112468242645
223,0.045661695301532745,0.01627989113330841,0.03666142746806145,0.03176487982273102,0.07921402156352997,0.05068189650774002,0.015109903179109097,0.08608189225196838,0.03952955827116966,0.10273174941539764,0.014664784073829651,0.048375532031059265,0.047816842794418335,0.029171045869588852,0.04601060971617699,0.07366249710321426,0.06939636170864105,0.08869042247533798,0.012621828354895115,0.06586616486310959
224,0.05318298935890198,0.015993734821677208,0.03656905144453049,0.038908038288354874,0.07053294032812119,0.051066264510154724,0.01417663972824812,0.06755772233009338,0.0494428351521492,0.08656188100576401,0.013717075809836388,0.04309915006160736,0.08910022675991058,0.03339250013232231,0.042135223746299744,0.07638951390981674,0.07354814559221268,0.07755324244499207,0.009290904738008976,0.05777738243341446
225,0.0580638162791729,0.011738584376871586,0.047654442489147186,0.04604846611618996,0.06229105964303017,0.05097884684801102,0.017430253326892853,0.06370467692613602,0.04309772700071335,0.08412718772888184,0.014530165120959282,0.05514747276902199,0.05408959090709686,0.041767559945583344,0.039299145340919495,0.07907606661319733,0.07299521565437317,0.08066994696855545,0.009951652958989143,0.06733309477567673
226,0.05399518460035324,0.026545416563749313,0.036442093551158905,0.03210022673010826,0.07018806040287018,0.04705246910452843,0.015085272490978241,0.0892556756734848,0.03840574994683266,0.12007530778646469,0.014539425261318684,0.04706236720085144,0.043674055486917496,0.03413744643330574,0.030360521748661995,0.06803715974092484,0.06280896067619324,0.10000679641962051,0.009241989813745022,0.06098005920648575
227,0.04787163808941841,0.012141194194555283,0.05598068609833717,0.0464017316699028,0.03643207624554634,0.07880973070859909,0.0189106073230505,0.02517167665064335,0.061861250549554825,0.03332874923944473,0.008132809773087502,0.08096913248300552,0.11325971782207489,0.044582102447748184,0.053622931241989136,0.10473103821277618,0.08078555017709732,0.04417486488819122,0.008088446222245693,0.04473819583654404
228,0.0788431391119957,0.015597697347402573,0.06506955623626709,0.06765473634004593,0.04399517551064491,0.05608092620968819,0.0131486551836133,0.036727335304021835,0.05763336643576622,0.06073109060525894,0.007043690886348486,0.0755276158452034,0.07025127857923508,0.045015864074230194,0.03455924615263939,0.1033053770661354,0.06868340075016022,0.05782091245055199,0.00523620517924428,0.03706648200750351
229,0.05797577649354935,0.014584967866539955,0.04762253537774086,0.047181420028209686,0.03934825584292412,0.06976761668920517,0.019832242280244827,0.0326714962720871,0.0636044293642044,0.04516665264964104,0.008267671801149845,0.0739501342177391,0.08875947445631027,0.04996541514992714,0.04936527833342552,0.09382237493991852,0.08807220309972763,0.052512746304273605,0.00818175170570612,0.04934249073266983
230,0.06689336895942688,0.020590053871273994,0.03271704539656639,0.03622577339410782,0.07273717224597931,0.06762850284576416,0.013206636533141136,0.043089885264635086,0.047583259642124176,0.07418259233236313,0.01342716347426176,0.04375912994146347,0.026842553168535233,0.046976786106824875,0.03729061037302017,0.10532359033823013,0.09469310194253922,0.08226314932107925,0.011291545815765858,0.06327235698699951
231,0.041706256568431854,0.010345010086894035,0.056974850594997406,0.04052659124135971,0.03257742151618004,0.06460926681756973,0.020568298175930977,0.024042360484600067,0.06171124428510666,0.03312183916568756,0.007616994436830282,0.183036670088768,0.08479595929384232,0.04290866106748581,0.055819056928157806,0.08062556385993958,0.06646063178777695,0.03784647211432457,0.008065377362072468,0.04663664102554321
232,0.08302108198404312,0.01576828397810459,0.046821657568216324,0.051367804408073425,0.04305743798613548,0.0968267172574997,0.014473311603069305,0.04974870756268501,0.047216493636369705,0.05980344116687775,0.01334230788052082,0.06023596599698067,0.014212697744369507,0.051251672208309174,0.038590751588344574,0.11394305527210236,0.07741803675889969,0.07829271256923676,0.00537655595690012,0.039225172251462936
233,0.03785531222820282,0.009268626570701599,0.047162193804979324,0.03042401373386383,0.039046697318553925,0.054735999554395676,0.014285541139543056,0.029650721698999405,0.03757001459598541,0.04482447728514671,0.006105103064328432,0.05889681354165077,0.06898700445890427,0.030850816518068314,0.030418453738093376,0.14688237011432648,0.21632099151611328,0.0393633097410202,0.008327481336891651,0.04902009665966034
234,0.059006217867136,0.010159550234675407,0.07672074437141418,0.05992133915424347,0.021694405004382133,0.08873290568590164,0.028476031497120857,0.024875981733202934,0.06640301644802094,0.03715552017092705,0.00955731887370348,0.09377754479646683,0.022750258445739746,0.061527982354164124,0.056884560734033585,0.11279710382223129,0.07916229963302612,0.04518074169754982,0.004560059402137995,0.04064907133579254
235,0.04130120575428009,0.00963940005749464,0.07353980094194412,0.03563186898827553,0.03343628719449043,0.07917213439941406,0.014732901938259602,0.029077691957354546,0.034662507474422455,0.04092908650636673,0.0072921160608530045,0.22744257748126984,0.07127167284488678,0.02933576889336109,0.029458677396178246,0.08135179430246353,0.07665209472179413,0.04063170403242111,0.005230700131505728,0.03920568525791168
236,0.04120883345603943,0.007283356972038746,0.09659993648529053,0.05915769189596176,0.025826346129179,0.10812940448522568,0.024004923179745674,0.0189167819917202,0.045440349727869034,0.022610962390899658,0.0061234585009515285,0.09155944734811783,0.11146973818540573,0.04492964223027229,0.04035315662622452,0.09879141300916672,0.07362532615661621,0.03496290370821953,0.0063689532689750195,0.04263254627585411
237,0.048041459172964096,0.013857182115316391,0.06130246818065643,0.040176816284656525,0.04166731983423233,0.1091102585196495,0.02406313456594944,0.03183533996343613,0.04113582521677017,0.045925628393888474,0.010881186462938786,0.07320573180913925,0.09850578755140305,0.042041268199682236,0.045766524970531464,0.08775399625301361,0.07345128804445267,0.04946422949433327,0.008386107161641121,0.053423915058374405
238,0.06262021511793137,0.014135636389255524,0.045671671628952026,0.034912750124931335,0.04971914365887642,0.0873364582657814,0.02198868803679943,0.04273991286754608,0.05124664679169655,0.05622704699635506,0.012974509038031101,0.06400492042303085,0.07003677636384964,0.039527636021375656,0.0559370219707489,0.08455343544483185,0.07425529509782791,0.07213986665010452,0.008931788615882397,0.05103534832596779
239,0.0588669590651989,0.014294194988906384,0.04111316427588463,0.033187974244356155,0.06824110448360443,0.06058129668235779,0.020531849935650826,0.05600660666823387,0.039329204708337784,0.07142370939254761,0.01505391113460064,0.04780510067939758,0.0662425085902214,0.03572939708828926,0.04276351258158684,0.08194506913423538,0.08062183111906052,0.08147793263196945,0.011862737126648426,0.0729178860783577
240,0.055472489446401596,0.011254978366196156,0.048001714050769806,0.0326344259083271,0.05883945897221565,0.07330140471458435,0.021480903029441833,0.04683135449886322,0.04017626866698265,0.08155768364667892,0.014622560702264309,0.056971803307533264,0.07235854119062424,0.03638312593102455,0.04518468305468559,0.08215855807065964,0.07704168558120728,0.0750465989112854,0.01110028475522995,0.05957711488008499
241,0.05465338006615639,0.017151571810245514,0.04685373604297638,0.040947847068309784,0.059987638145685196,0.06571570783853531,0.01856730319559574,0.05447322130203247,0.04682913050055504,0.07319846749305725,0.013181171379983425,0.05977547541260719,0.05371706187725067,0.04070376977324486,0.04156506806612015,0.08601373434066772,0.0811677873134613,0.07548828423023224,0.010951309464871883,0.059052079916000366
242,0.042304255068302155,0.009645970538258553,0.07409282773733139,0.04632546752691269,0.02256116084754467,0.08180554211139679,0.026606619358062744,0.01657937653362751,0.06050628051161766,0.022758115082979202,0.007255548145622015,0.14278991520404816,0.08870650082826614,0.05252610146999359,0.06855078041553497,0.09064517170190811,0.0665622353553772,0.029862243682146072,0.007142465561628342,0.04276827350258827
243,0.05275996774435043,0.014782214537262917,0.052936993539333344,0.0360775850713253,0.04556366801261902,0.08633216470479965,0.023915480822324753,0.03611619025468826,0.04762875288724899,0.051448650658130646,0.010156036354601383,0.06935541331768036,0.08147063851356506,0.04162539914250374,0.04879799112677574,0.10193890333175659,0.07373891770839691,0.05316019803285599,0.010473175905644894,0.06171600520610809
244,0.05496706813573837,0.01726491004228592,0.05362009257078171,0.036761920899152756,0.0610058419406414,0.06557276099920273,0.019291888922452927,0.06139793619513512,0.04324271157383919,0.07267744094133377,0.015593723393976688,0.058911778032779694,0.051920849829912186,0.037472911179065704,0.044135309755802155,0.07539293169975281,0.07455457746982574,0.08343476057052612,0.011601370759308338,0.06117352098226547
245,0.050250083208084106,0.022599471732974052,0.04918866604566574,0.03678067401051521,0.05722977593541145,0.056539203971624374,0.016996115446090698,0.06177213042974472,0.04611825942993164,0.07567773014307022,0.011748713441193104,0.05391395837068558,0.05465620756149292,0.037675920873880386,0.04379935935139656,0.08743134140968323,0.08075263351202011,0.07968426495790482,0.013315586373209953,0.06386327743530273
246,0.050281960517168045,0.031154975295066833,0.030633559450507164,0.028053341433405876,0.08427045494318008,0.05080875754356384,0.015349861234426498,0.07492786645889282,0.03953005373477936,0.09555001556873322,0.012635910883545876,0.045368991792201996,0.04878819361329079,0.03284737840294838,0.04031804949045181,0.07751863449811935,0.0660126805305481,0.07676921039819717,0.019707512110471725,0.07946465909481049
247,0.04890473932027817,0.02813318558037281,0.03183508291840553,0.028063463047146797,0.06849242001771927,0.043250806629657745,0.017759371548891068,0.08368673920631409,0.05078066140413284,0.1071067750453949,0.013553867116570473,0.05551352724432945,0.0466100312769413,0.03471142798662186,0.046143051236867905,0.06701214611530304,0.06524385511875153,0.08644694089889526,0.0110529949888587,0.06568940728902817
248,0.050949931144714355,0.03633294627070427,0.035194024443626404,0.028353609144687653,0.0801277831196785,0.055513184517621994,0.014241372235119343,0.07282949239015579,0.037581827491521835,0.09116494655609131,0.011871340684592724,0.05151941254734993,0.049029916524887085,0.02802382782101631,0.03924638777971268,0.08676785975694656,0.07109472900629044,0.08130976557731628,0.013490753248333931,0.06534910202026367
249,0.05376134812831879,0.03258626535534859,0.03888879343867302,0.035592220723629,0.07843559980392456,0.04687880352139473,0.011485081166028976,0.07673683762550354,0.045014671981334686,0.10305273532867432,0.0133585250005126,0.03576401621103287,0.04947229474782944,0.03001214936375618,0.03620655834674835,0.08323897421360016,0.06679073721170425,0.08136849850416183,0.01433112658560276,0.06701631098985672
250,0.049297839403152466,0.04557666555047035,0.0355675108730793,0.027547579258680344,0.07566665858030319,0.060160983353853226,0.01087366882711649,0.06710302829742432,0.03439546376466751,0.08359777927398682,0.012729277834296227,0.08246482908725739,0.04042200371623039,0.031445976346731186,0.028833113610744476,0.09357975423336029,0.06525237113237381,0.07095348834991455,0.016788672655820847,0.06773469597101212
251,0.046349745243787766,0.05308900028467178,0.03272340074181557,0.024263741448521614,0.08428648859262466,0.05391336604952812,0.01166089903563261,0.0809309259057045,0.039902325719594955,0.09650547802448273,0.011763433925807476,0.03957922384142876,0.0589093379676342,0.026350151747465134,0.034251581877470016,0.0768672376871109,0.06343492865562439,0.07688386738300323,0.018098201602697372,0.07022833824157715
252,0.047860343009233475,0.04588600620627403,0.029874125495553017,0.02345350757241249,0.09106960147619247,0.05063997581601143,0.012824314646422863,0.08277221769094467,0.037491440773010254,0.0961451530456543,0.011376778595149517,0.04240986332297325,0.04627535864710808,0.025600280612707138,0.036102574318647385,0.07749170064926147,0.05882272124290466,0.09177955985069275,0.019525252282619476,0.07258885353803635
253,0.048157475888729095,0.0412009172141552,0.034342750906944275,0.02469729632139206,0.08737540245056152,0.051271770149469376,0.01500560063868761,0.07557187229394913,0.04378984123468399,0.0968252494931221,0.01223855372518301,0.04868919774889946,0.04173332452774048,0.02786104939877987,0.041399527341127396,0.07544487714767456,0.0632820725440979,0.07868967205286026,0.02023370750248432,0.0721798688173294
254,0.04155489802360535,0.04593687504529953,0.030174443498253822,0.02428155578672886,0.0841020792722702,0.04429025202989578,0.013069391250610352,0.07542724162340164,0.03647255524992943,0.10021457821130753,0.014220493845641613,0.07506892830133438,0.04326757416129112,0.027537688612937927,0.03487182781100273,0.06832537800073624,0.06058535724878311,0.08292240649461746,0.023721950128674507,0.07394733279943466
255,0.05002797394990921,0.05743452534079552,0.026597419753670692,0.022772736847400665,0.10072511434555054,0.04587200656533241,0.010026411153376102,0.09144455194473267,0.03263603895902634,0.10874626040458679,0.012424672953784466,0.03894659876823425,0.03756985440850258,0.024747556075453758,0.03220538794994354,0.06786485761404037,0.055048178881406784,0.08312712609767914,0.023719927296042442,0.07805394381284714
256,0.052613310515880585,0.045389991253614426,0.02458938956260681,0.021698342636227608,0.09222202748060226,0.040561649948358536,0.01478898711502552,0.095917247235775,0.03359793871641159,0.10059794038534164,0.017704274505376816,0.037537891417741776,0.03801752254366875,0.022822480648756027,0.039125435054302216,0.06464538723230362,0.06196274980902672,0.09318125993013382,0.021994346752762794,0.08102260529994965
257,0.053075071424245834,0.04109402000904083,0.031336426734924316,0.023298967629671097,0.09051933139562607,0.05049589276313782,0.015116957947611809,0.08418276906013489,0.029872165992856026,0.10607810318470001,0.01620744913816452,0.044007014483213425,0.04567258432507515,0.02338297851383686,0.03647458180785179,0.06815584003925323,0.058703966438770294,0.09041998535394669,0.018240852281451225,0.07365842163562775
258,0.06499584764242172,0.02274274080991745,0.032836657017469406,0.029648415744304657,0.08077376335859299,0.04616323113441467,0.01580975018441677,0.07670250535011292,0.032721489667892456,0.09732000529766083,0.01725868321955204,0.04178933426737785,0.04439549520611763,0.028224224224686623,0.03863637521862984,0.06745274364948273,0.0665474534034729,0.10007104277610779,0.014184636995196342,0.08172094821929932
259,0.057532358914613724,0.03153717890381813,0.04934101924300194,0.03485235944390297,0.06630845367908478,0.06756369769573212,0.016863809898495674,0.0601123571395874,0.035771600902080536,0.08207603543996811,0.016606923192739487,0.056413497775793076,0.04595924913883209,0.03456540033221245,0.041148893535137177,0.07723212987184525,0.06520996987819672,0.07326452434062958,0.01484215073287487,0.07279293984174728
260,0.0639202818274498,0.030948901548981667,0.04027276486158371,0.029973676428198814,0.06593602150678635,0.06743324548006058,0.017705006524920464,0.05793750286102295,0.035686835646629333,0.08796844631433487,0.01749773882329464,0.05133495479822159,0.05280622839927673,0.02962290681898594,0.040977299213409424,0.07711571455001831,0.06916727870702744,0.07824515551328659,0.015586034394800663,0.06985864043235779
261,0.06430622190237045,0.022712068632245064,0.043162085115909576,0.03209417313337326,0.06349674612283707,0.08201629668474197,0.018070923164486885,0.051887646317481995,0.03891370818018913,0.08686162531375885,0.016985375434160233,0.05365023761987686,0.048122648149728775,0.03390815109014511,0.04523922875523567,0.0787123292684555,0.062343329191207886,0.07531847804784775,0.0158965066075325,0.06629655510187149
262,0.06911735981702805,0.02705194801092148,0.03744601085782051,0.028440311551094055,0.07451935857534409,0.07144805788993835,0.016631847247481346,0.058355722576379776,0.03550167381763458,0.09251062572002411,0.018050359562039375,0.047903746366500854,0.04157205671072006,0.03288933262228966,0.04250654950737953,0.07445624470710754,0.0625353679060936,0.08897551894187927,0.014855490066111088,0.06522728502750397
263,0.07353663444519043,0.028093058615922928,0.03421572968363762,0.02810506522655487,0.06936034560203552,0.07180913537740707,0.019907532259821892,0.04971582442522049,0.036976251751184464,0.08687404543161392,0.01715845987200737,0.04789426177740097,0.05146390199661255,0.03599758446216583,0.05034893378615379,0.08529005199670792,0.06738634407520294,0.06933669000864029,0.014866095967590809,0.06165791675448418
264,0.05319461226463318,0.02146400325000286,0.05995884910225868,0.036445822566747665,0.06034907326102257,0.06766703724861145,0.018756965175271034,0.04190431907773018,0.04334118217229843,0.07852333784103394,0.014227819629013538,0.08230938762426376,0.059409596025943756,0.03855159878730774,0.04587887227535248,0.08679600805044174,0.06427007168531418,0.05008354410529137,0.013401574455201626,0.06346003711223602
265,0.06520569324493408,0.018501875922083855,0.06074649095535278,0.038861650973558426,0.04295492172241211,0.07268881797790527,0.023728780448436737,0.02891143038868904,0.052162569016218185,0.057612232863903046,0.014281434006989002,0.07334088534116745,0.06599776446819305,0.04743817821145058,0.05463108792901039,0.09040241688489914,0.07206352800130844,0.05104611814022064,0.011403707787394524,0.05801607295870781
266,0.05317002907395363,0.015656325966119766,0.06107686087489128,0.03840089216828346,0.04804040491580963,0.08310777693986893,0.018714625388383865,0.04328992962837219,0.04958482086658478,0.06893674284219742,0.01136664766818285,0.07291162014007568,0.05102356895804405,0.03833926096558571,0.04519485682249069,0.1015624925494194,0.07732468098402023,0.058583058416843414,0.008985351771116257,0.05472346395254135
267,0.04869316518306732,0.019288869574666023,0.06394615769386292,0.03983340784907341,0.05648953095078468,0.0757972002029419,0.01906646229326725,0.04246723651885986,0.05036807432770729,0.07491649687290192,0.010631323792040348,0.07926525175571442,0.05097614601254463,0.04156237095594406,0.04443423077464104,0.0906325951218605,0.07005103677511215,0.050659868866205215,0.011560720391571522,0.05935313180088997
268,0.06310369074344635,0.02597174607217312,0.04217600077390671,0.04493028670549393,0.047111883759498596,0.07277916371822357,0.023965846747159958,0.04196950048208237,0.05410625413060188,0.07042299956083298,0.012871451675891876,0.06463272124528885,0.04928750917315483,0.04540808126330376,0.04796634986996651,0.08844432234764099,0.07633648812770844,0.05982417240738869,0.009281925857067108,0.059403181076049805
269,0.04349507763981819,0.01377915870398283,0.07112599164247513,0.04061387479305267,0.03631977736949921,0.09349797666072845,0.020058512687683105,0.021443210542201996,0.0478929802775383,0.041922006756067276,0.009836113080382347,0.18170711398124695,0.052935875952243805,0.04201382398605347,0.04664815589785576,0.0800280049443245,0.06744291633367538,0.028221046552062035,0.010165242478251457,0.050847213715314865
270,0.057941485196352005,0.015653735026717186,0.03936341404914856,0.03513113036751747,0.05240417271852493,0.08361170440912247,0.025722911581397057,0.03926056995987892,0.06131709739565849,0.05832089111208916,0.013722555711865425,0.06908366084098816,0.04192158207297325,0.046036526560783386,0.06980079412460327,0.08836499601602554,0.07352974265813828,0.058398161083459854,0.010749870911240578,0.059660084545612335
271,0.07037360966205597,0.019694890826940536,0.03332388401031494,0.023761028423905373,0.05402417853474617,0.062489256262779236,0.02395709417760372,0.052505336701869965,0.041981521993875504,0.08786966651678085,0.020487187430262566,0.05400905758142471,0.04715801402926445,0.03861210122704506,0.05890326201915741,0.08461965620517731,0.07534489780664444,0.07356787472963333,0.014348148368299007,0.06296337395906448
272,0.06054232269525528,0.026826582849025726,0.014994259923696518,0.01671954058110714,0.07874435931444168,0.039817456156015396,0.02144794538617134,0.07500383257865906,0.04600810632109642,0.12847672402858734,0.02063971571624279,0.02706584893167019,0.026155389845371246,0.03255194053053856,0.06302324682474136,0.048916034400463104,0.06743183732032776,0.11258896440267563,0.015657939016819,0.07738308608531952
273,0.07881075143814087,0.03890819475054741,0.016670208424329758,0.018831640481948853,0.07193506509065628,0.044405993074178696,0.019681056961417198,0.07791686803102493,0.03613177314400673,0.1102374717593193,0.017951780930161476,0.0323229543864727,0.016231916844844818,0.028403285890817642,0.047138761729002,0.061162009835243225,0.07108712941408157,0.10720688104629517,0.01580042950809002,0.08915691077709198
274,0.07420583814382553,0.014183614403009415,0.006646056659519672,0.009882351383566856,0.10167500376701355,0.0307743102312088,0.009320574812591076,0.11040032655000687,0.01917911507189274,0.166578471660614,0.02242213301360607,0.014568155631422997,0.01817919686436653,0.015839071944355965,0.029577312991023064,0.023988645523786545,0.03893500566482544,0.1930401623249054,0.017760679125785828,0.08283738791942596
275,0.07123076170682907,0.012999271042644978,0.02059856243431568,0.028276855126023293,0.06916388869285583,0.05806881561875343,0.02349800616502762,0.042851414531469345,0.06770262122154236,0.0834808200597763,0.014515519142150879,0.04653121158480644,0.03154971823096275,0.04298292100429535,0.06861939281225204,0.0816570594906807,0.09591449052095413,0.07193748652935028,0.010762976482510567,0.057653382420539856
276,0.051084548234939575,0.01936088502407074,0.01239041518419981,0.020264094695448875,0.10134608298540115,0.026346666738390923,0.012040923349559307,0.08300062268972397,0.04761676490306854,0.13134543597698212,0.02322852425277233,0.023241350427269936,0.03437985107302666,0.03002275712788105,0.06886541098356247,0.04398060590028763,0.06411464512348175,0.11755717545747757,0.014619630761444569,0.07518815249204636
277,0.05757740139961243,0.017897041514515877,0.04877985641360283,0.0217292420566082,0.11716210842132568,0.0415177159011364,0.05872257053852081,0.03225092217326164,0.03425561636686325,0.09694512188434601,0.011341329663991928,0.08613164722919464,0.024855855852365494,0.027879901230335236,0.030719093978405,0.08987892419099808,0.05736105889081955,0.037591353058815,0.01863161474466324,0.08876737207174301
278,0.09983167797327042,0.015539840795099735,0.039729043841362,0.04938012734055519,0.0450814925134182,0.03899276629090309,0.013505113311111927,0.04519963264465332,0.0593419075012207,0.0714852586388588,0.009047262370586395,0.05026960000395775,0.07001557946205139,0.03977038338780403,0.04181736707687378,0.12117905169725418,0.07234330475330353,0.06742826849222183,0.006968874484300613,0.04306664317846298
279,0.04369707778096199,0.005834515672177076,0.12991863489151,0.021709054708480835,0.021988051012158394,0.021508758887648582,0.006463975645601749,0.023090356960892677,0.035856761038303375,0.031860269606113434,0.004009193275123835,0.27995437383651733,0.013722402043640614,0.020291820168495178,0.016793981194496155,0.1059400886297226,0.1714102327823639,0.022783776745200157,0.0028665231075137854,0.0202968530356884
280,0.05964997410774231,0.027234572917222977,0.026774054393172264,0.027226949110627174,0.06769579648971558,0.17150305211544037,0.014215749688446522,0.052547942847013474,0.055807098746299744,0.08144701272249222,0.011312456801533699,0.06805197894573212,0.008487284183502197,0.03769887611269951,0.04003249108791351,0.07224616408348083,0.04762378707528114,0.06916653364896774,0.009206628426909447,0.05206507816910744
281,0.03746744990348816,0.0057635437697172165,0.045625898987054825,0.05552440509200096,0.03975699841976166,0.02647007256746292,0.008218224160373211,0.05412288010120392,0.04639033228158951,0.055536262691020966,0.006843430921435356,0.0805170089006424,0.015893572941422462,0.035829927772283554,0.023720983415842056,0.09616511315107346,0.25362303853034973,0.07102881371974945,0.008126286789774895,0.033368851989507675
282,0.046605877578258514,0.02251596562564373,0.01124599575996399,0.01790454052388668,0.09613678604364395,0.018576523289084435,0.009170386008918285,0.14653494954109192,0.036520618945360184,0.17087361216545105,0.014477868564426899,0.017646407708525658,0.0252841766923666,0.021179838106036186,0.0371137335896492,0.036073584109544754,0.04134373366832733,0.14205454289913177,0.028057534247636795,0.06067473068833351
283,0.054385360330343246,0.014401723630726337,0.025882363319396973,0.03946967050433159,0.05580410361289978,0.023597683757543564,0.011267177760601044,0.10400138795375824,0.03790951520204544,0.10287011414766312,0.010565963573753834,0.0315406396985054,0.015475848689675331,0.0340762585401535,0.02596198581159115,0.09143269807100296,0.13382844626903534,0.12889382243156433,0.008981529623270035,0.04964696988463402
284,0.06765288859605789,0.007109642494469881,0.08322066068649292,0.10274546593427658,0.024182120338082314,0.07944800704717636,0.026308653876185417,0.018666109070181847,0.06464124470949173,0.03598451241850853,0.00837206281721592,0.07003820687532425,0.04661751911044121,0.056198641657829285,0.04929305985569954,0.11896944791078568,0.06496354192495346,0.03392397239804268,0.0058878082782030106,0.035770807415246964
285,0.06617838144302368,0.013209491036832333,0.02568105235695839,0.03362514451146126,0.06438492983579636,0.03515119478106499,0.014092427678406239,0.0886286050081253,0.052492666989564896,0.09176524728536606,0.015031736344099045,0.03551542013883591,0.04165508225560188,0.033942174166440964,0.05180135741829872,0.0724051296710968,0.07501605898141861,0.11980260163545609,0.011293074116110802,0.058320969343185425
286,0.04746129363775253,0.025882825255393982,0.025270625948905945,0.0304688960313797,0.09049864113330841,0.05062904953956604,0.014459221623837948,0.07683452218770981,0.05061767250299454,0.0757412388920784,0.015149726532399654,0.032631341367959976,0.031224533915519714,0.03650293126702309,0.04444383457303047,0.07334735989570618,0.07172918319702148,0.08981458842754364,0.020070908591151237,0.09721491485834122
287,0.06896040588617325,0.011359857395291328,0.045506346970796585,0.04863866791129112,0.05620928481221199,0.057902246713638306,0.016924140974879265,0.05268094688653946,0.03909743204712868,0.08445635437965393,0.016949383541941643,0.05095551535487175,0.06431828439235687,0.04108380898833275,0.040631409734487534,0.08872061222791672,0.0704677402973175,0.07928837835788727,0.01024557463824749,0.055597808212041855
288,0.04925980791449547,0.02374834381043911,0.02341611497104168,0.024674564599990845,0.0855812355875969,0.041208405047655106,0.011276878416538239,0.10118583589792252,0.02678576484322548,0.13964048027992249,0.020145274698734283,0.032829031348228455,0.04092191532254219,0.024754520505666733,0.02937561273574829,0.054604243487119675,0.062283407896757126,0.12065761536359787,0.012220427393913269,0.07542510330677032
289,0.04577203094959259,0.013737283647060394,0.05528276786208153,0.0393281988799572,0.04437084123492241,0.0819031149148941,0.015222006477415562,0.04398046061396599,0.05306714400649071,0.06030302867293358,0.008835697546601295,0.0644734725356102,0.07593639940023422,0.03536950424313545,0.04383938014507294,0.10377567261457443,0.089035265147686,0.0675087571144104,0.008595343679189682,0.04965724050998688
290,0.057565685361623764,0.022974366322159767,0.04765431582927704,0.03275291249155998,0.07366752624511719,0.06641537696123123,0.011915317736566067,0.062175750732421875,0.04831308871507645,0.07400353997945786,0.010259593836963177,0.060286279767751694,0.05263500288128853,0.026492007076740265,0.03831486031413078,0.08085416257381439,0.0750351995229721,0.07593429088592529,0.012768050655722618,0.06997080892324448
291,0.05578860267996788,0.025813765823841095,0.05008558928966522,0.039771053940057755,0.047378767281770706,0.05369811877608299,0.015418052673339844,0.050564032047986984,0.05749979242682457,0.0836726650595665,0.010884888470172882,0.06791951507329941,0.06895624846220016,0.0424225889146328,0.039248138666152954,0.08302222937345505,0.08020080626010895,0.0701814591884613,0.008109535090625286,0.0493575818836689
292,0.04684798792004585,0.043829742819070816,0.0684749186038971,0.04484774172306061,0.04104461520910263,0.0779128149151802,0.015419085510075092,0.0446535088121891,0.05560469254851341,0.05896548926830292,0.008923597633838654,0.043448977172374725,0.0759400725364685,0.03779418021440506,0.039228107780218124,0.1012779101729393,0.08038072288036346,0.062223710119724274,0.007775031495839357,0.04539938271045685
293,0.05381845310330391,0.0328105203807354,0.051146626472473145,0.03924669697880745,0.05244330316781998,0.04162408784031868,0.008537039160728455,0.057545069605112076,0.06626501679420471,0.07472343742847443,0.0074704550206661224,0.08055377751588821,0.044752221554517746,0.030057808384299278,0.03492579981684685,0.10853250324726105,0.09232661128044128,0.06933140754699707,0.008948967792093754,0.04492819309234619
294,0.04526848718523979,0.022411031648516655,0.07387670874595642,0.03432847931981087,0.04473894461989403,0.04962919279932976,0.0111900819465518,0.04205417260527611,0.056329626590013504,0.06409316509962082,0.008525862358510494,0.14925436675548553,0.061992112547159195,0.030159328132867813,0.03067287988960743,0.08861348778009415,0.08478859066963196,0.05629517510533333,0.008217272348701954,0.03755396604537964
295,0.0571303591132164,0.028188111260533333,0.04938291758298874,0.038569286465644836,0.051180027425289154,0.07368805259466171,0.010560562834143639,0.04584066942334175,0.058398064225912094,0.07078016549348831,0.009295542724430561,0.06523124128580093,0.07208340615034103,0.04175525903701782,0.034810762852430344,0.10289345681667328,0.08688640594482422,0.05925291031599045,0.008491297252476215,0.03557538986206055
296,0.05409342423081398,0.022867979481816292,0.05659075826406479,0.050044912844896317,0.0490075945854187,0.0746404230594635,0.011971138417720795,0.045027777552604675,0.056524232029914856,0.05978488549590111,0.011474921368062496,0.07227182388305664,0.05340692773461342,0.03990313038229942,0.04153024032711983,0.10096827894449234,0.09027775377035141,0.05439908802509308,0.008813255466520786,0.04639416188001633
297,0.041913993656635284,0.0098726199939847,0.054057683795690536,0.04075458273291588,0.03708846867084503,0.05953080952167511,0.011983771808445454,0.03327431529760361,0.06643008440732956,0.046153806149959564,0.008051282726228237,0.18669939041137695,0.05603727698326111,0.0386626236140728,0.03523292392492294,0.09633009880781174,0.08795024454593658,0.04905121400952339,0.0066810124553740025,0.034237321466207504
298,0.04673313349485397,0.06758221238851547,0.032075438648462296,0.031108029186725616,0.08278574794530869,0.04385291785001755,0.012621192261576653,0.07521191984415054,0.03652388975024223,0.09136123955249786,0.013070628978312016,0.0414026640355587,0.04680415987968445,0.03017478622496128,0.035690806806087494,0.0634249895811081,0.07530436664819717,0.08492787927389145,0.015855558216571808,0.0734826847910881
299,0.04969681799411774,0.009113362990319729,0.07578475773334503,0.05791187286376953,0.047942154109478,0.05222459137439728,0.01452843938022852,0.04346388205885887,0.04515567049384117,0.06709186732769012,0.009704571217298508,0.06773573905229568,0.07471814751625061,0.04087662696838379,0.03255953639745712,0.0956747829914093,0.08699672669172287,0.07351022213697433,0.00773326912894845,0.047571513801813126
300,0.057098161429166794,0.018500803038477898,0.046572476625442505,0.035518042743206024,0.06977669149637222,0.07596553862094879,0.010777032002806664,0.05148076266050339,0.035069894045591354,0.0820353552699089,0.013541738502681255,0.08728045970201492,0.054975539445877075,0.029094800353050232,0.03403015807271004,0.08033136278390884,0.07230859994888306,0.07464082539081573,0.017255393788218498,0.053739141672849655
301,0.05533626303076744,0.012330704368650913,0.059348829090595245,0.04582902416586876,0.03431711345911026,0.08864329755306244,0.016529683023691177,0.025786619633436203,0.06665504723787308,0.048177074640989304,0.008748454041779041,0.0693829208612442,0.08808630704879761,0.046720705926418304,0.04722246155142784,0.10615523904561996,0.08684390783309937,0.04410836100578308,0.006556517910212278,0.04321523755788803
302,0.04432036727666855,0.009681131690740585,0.06930304318666458,0.044594183564186096,0.03086296282708645,0.06807154417037964,0.01532475370913744,0.028379837051033974,0.047171786427497864,0.05055208504199982,0.011297234334051609,0.1705779880285263,0.0674218088388443,0.036807239055633545,0.04042840003967285,0.08520058542490005,0.07997982203960419,0.04274529591202736,0.008930079638957977,0.048343073576688766
303,0.04787629470229149,0.027447910979390144,0.02982749044895172,0.0325041301548481,0.10058768093585968,0.05546751245856285,0.011880275793373585,0.07996490597724915,0.037440162152051926,0.09274545311927795,0.013263200409710407,0.036058247089385986,0.03815390169620514,0.0285276398062706,0.03127405419945717,0.0628521591424942,0.06626490503549576,0.11007551103830338,0.018254728987812996,0.07952725887298584
304,0.05003757029771805,0.018944336101412773,0.05559498071670532,0.04025017470121384,0.056044138967990875,0.04690633714199066,0.014764461666345596,0.05254527926445007,0.060323379933834076,0.07276199758052826,0.011135741136968136,0.05736193805932999,0.05701801925897598,0.03228825703263283,0.04379419982433319,0.08542004972696304,0.09565998613834381,0.08000338077545166,0.010855434462428093,0.05828417092561722
305,0.0443638376891613,0.02402670681476593,0.059225551784038544,0.028900232166051865,0.08421999216079712,0.04708724096417427,0.01219664141535759,0.06981836259365082,0.0329415537416935,0.10206606984138489,0.011612788774073124,0.06200041249394417,0.05144244059920311,0.02152976021170616,0.025467699393630028,0.07628918439149857,0.09170444309711456,0.0850040465593338,0.012538492679595947,0.05756029114127159
306,0.0517369881272316,0.01780630275607109,0.05187522619962692,0.0480656623840332,0.0579572431743145,0.058693669736385345,0.0160873644053936,0.044377636164426804,0.048428211361169815,0.07088816910982132,0.009863405488431454,0.0592079684138298,0.07048479467630386,0.0365566723048687,0.0399620495736599,0.09235449135303497,0.08648806065320969,0.06568675488233566,0.01165548712015152,0.061816662549972534
307,0.04923423379659653,0.018304262310266495,0.08117606490850449,0.041329920291900635,0.0433691032230854,0.08500179648399353,0.01737368106842041,0.0276058167219162,0.05204232037067413,0.046735286712646484,0.009810911491513252,0.12717875838279724,0.0554475262761116,0.034504666924476624,0.04648564010858536,0.09662169218063354,0.06962847709655762,0.038617152720689774,0.00851651094853878,0.05101046711206436
308,0.04918477684259415,0.030177824199199677,0.04725790396332741,0.03992199897766113,0.05588904768228531,0.07883811742067337,0.014752691611647606,0.05611613392829895,0.04440624266862869,0.06932006031274796,0.013901115395128727,0.06166490539908409,0.05113866925239563,0.036990318447351456,0.04633698612451553,0.07885092496871948,0.0832168385386467,0.07222533971071243,0.012693018652498722,0.057109639048576355
309,0.03897802159190178,0.038021061569452286,0.03529123589396477,0.03480803221464157,0.09377884119749069,0.043305691331624985,0.012080983258783817,0.07800024002790451,0.044785212725400925,0.08633526414632797,0.011287105269730091,0.04685273393988609,0.02830141969025135,0.03065929189324379,0.0333101861178875,0.06968934834003448,0.07798463851213455,0.0994391217827797,0.020565422251820564,0.07651829719543457
310,0.035704243928194046,0.06877472251653671,0.0264170840382576,0.01871233806014061,0.09428797662258148,0.030334895476698875,0.009979146532714367,0.08343027532100677,0.029073528945446014,0.12460837513208389,0.00977415032684803,0.08653923869132996,0.03499433398246765,0.02224910445511341,0.02581077069044113,0.05394279584288597,0.05554076284170151,0.09370794892311096,0.019781602546572685,0.07633033394813538
311,0.049383118748664856,0.03723463416099548,0.03449869155883789,0.029435645788908005,0.08733551949262619,0.047010283917188644,0.014260457828640938,0.06504419445991516,0.04673971235752106,0.10039467364549637,0.013608621433377266,0.05583352968096733,0.028220677748322487,0.03458499535918236,0.04146541282534599,0.07229568809270859,0.06595413386821747,0.08395067602396011,0.01535986177623272,0.0773826315999031
312,0.04501478001475334,0.046363916248083115,0.03950988128781319,0.023119859397411346,0.08584153652191162,0.06052253767848015,0.014319508336484432,0.08015572279691696,0.031156685203313828,0.0958343893289566,0.013619011268019676,0.055956218391656876,0.042586710304021835,0.024211423471570015,0.03192982077598572,0.07098879665136337,0.07040202617645264,0.0820399820804596,0.01782078854739666,0.06860022246837616
313,0.055276066064834595,0.02930390276014805,0.04265441745519638,0.04012233763933182,0.06758774071931839,0.06515819579362869,0.013653243891894817,0.058359295129776,0.04822362959384918,0.0854683369398117,0.013126789592206478,0.05263147130608559,0.04993806406855583,0.03477519750595093,0.04442081227898598,0.07598842680454254,0.0711788460612297,0.07984873652458191,0.015433426946401596,0.05684417113661766
314,0.04783262684941292,0.031386155635118484,0.05220183730125427,0.036959461867809296,0.06710663437843323,0.060188718140125275,0.01570773497223854,0.061330072581768036,0.03923776000738144,0.0918683335185051,0.014464151114225388,0.0559723936021328,0.03805989399552345,0.03427921235561371,0.04155727103352547,0.07843896001577377,0.0755251795053482,0.08098755776882172,0.015497000887989998,0.06139083579182625
315,0.035302188247442245,0.06005378067493439,0.027593348175287247,0.02021685801446438,0.09099794179201126,0.120162233710289,0.010174468159675598,0.07836830615997314,0.03158114477992058,0.09727711975574493,0.011204364709556103,0.05342259258031845,0.028549257665872574,0.024520259350538254,0.0322541780769825,0.05763377621769905,0.05228758603334427,0.08070949465036392,0.017983384430408478,0.06969914585351944
316,0.037235721945762634,0.02635366842150688,0.02168453112244606,0.02574336901307106,0.06399192661046982,0.02547861449420452,0.009802469052374363,0.07686097174882889,0.037710029631853104,0.07734125852584839,0.011069989763200283,0.03124791756272316,0.02470511570572853,0.026607656851410866,0.029705455526709557,0.07754573225975037,0.23285715281963348,0.0844038650393486,0.013809571973979473,0.0658349096775055
317,0.03906555101275444,0.06359431147575378,0.0279331486672163,0.02034103497862816,0.10673916339874268,0.04537998139858246,0.011022652499377728,0.10190916806459427,0.02511507086455822,0.13042594492435455,0.014414322562515736,0.04217509180307388,0.03467585891485214,0.02175248973071575,0.026463793590664864,0.05049905553460121,0.04915842041373253,0.09231168776750565,0.020659737288951874,0.07635676115751266
318,0.04322393238544464,0.03659682348370552,0.035581883043050766,0.02876083366572857,0.0838659331202507,0.0361722968518734,0.014015158638358116,0.09145743399858475,0.03878101706504822,0.11073457449674606,0.013887643814086914,0.04520631209015846,0.027692025527358055,0.026942187920212746,0.032005347311496735,0.0742076113820076,0.080843485891819,0.0909150093793869,0.01166830025613308,0.07743652909994125
319,0.05464877188205719,0.03851980343461037,0.03298141807317734,0.03281065449118614,0.0695122554898262,0.05912449583411217,0.014522567391395569,0.06708552688360214,0.042578134685754776,0.08853643387556076,0.014939086511731148,0.05011970177292824,0.042542897164821625,0.03186868131160736,0.04571780562400818,0.07723881304264069,0.07837558537721634,0.08150988072156906,0.013015592470765114,0.06434562802314758
320,0.04691743850708008,0.026956263929605484,0.047766003757715225,0.03129671514034271,0.0739726796746254,0.07304173707962036,0.012118222191929817,0.06771960109472275,0.03866581618785858,0.09388421475887299,0.013180986046791077,0.07236506044864655,0.04238000884652138,0.02841196581721306,0.03631826490163803,0.07460915297269821,0.06722584366798401,0.08242674171924591,0.012511130422353745,0.05822587013244629
321,0.05581647530198097,0.04009508714079857,0.055549509823322296,0.03707060590386391,0.05930834636092186,0.0961247980594635,0.016017543151974678,0.04374831169843674,0.0412430465221405,0.0670245811343193,0.012085876427590847,0.0681251659989357,0.04164740443229675,0.036823734641075134,0.03680052235722542,0.0880948081612587,0.07395277172327042,0.062491364777088165,0.011117246001958847,0.05685724318027496
322,0.05837800353765488,0.04086856171488762,0.043650105595588684,0.042780760675668716,0.061244964599609375,0.05882564187049866,0.01680075377225876,0.055169835686683655,0.049228485673666,0.07591112703084946,0.01587771065533161,0.05946505814790726,0.03997358679771423,0.034993018954992294,0.0489337220788002,0.0681290477514267,0.0810118019580841,0.07154375314712524,0.014891259372234344,0.06231687590479851
323,0.044103458523750305,0.057117268443107605,0.03330312296748161,0.028236038982868195,0.09868305176496506,0.06362415105104446,0.010901817120611668,0.07969340682029724,0.028071755543351173,0.09997570514678955,0.013408630155026913,0.04358861222863197,0.040197521448135376,0.025570008903741837,0.032074425369501114,0.067075714468956,0.06493282318115234,0.08956842869520187,0.015412090346217155,0.06445366889238358
324,0.04511119797825813,0.05693063139915466,0.030067482963204384,0.02809695340692997,0.08916974067687988,0.036437150090932846,0.013365067541599274,0.07826971262693405,0.03680378943681717,0.11764241009950638,0.012251263484358788,0.035781633108854294,0.04621269181370735,0.03243530914187431,0.03515467420220375,0.06449948996305466,0.0637264996767044,0.08833849430084229,0.014159835875034332,0.07553974539041519
325,0.056928850710392,0.026727454736828804,0.03380601853132248,0.032851479947566986,0.06222783401608467,0.04822950437664986,0.018653472885489464,0.059144824743270874,0.04718899354338646,0.09429419785737991,0.014180414378643036,0.048825886100530624,0.047309763729572296,0.038018833845853806,0.04529682919383049,0.07830416411161423,0.079110287129879,0.08591075241565704,0.01083008386194706,0.07215294986963272
326,0.047830529510974884,0.03175411373376846,0.03388916701078415,0.01963522471487522,0.10156190395355225,0.04681001976132393,0.01804649457335472,0.0816318541765213,0.03071264736354351,0.11456198245286942,0.014875980094075203,0.06458225101232529,0.03062976710498333,0.027117453515529633,0.035206347703933716,0.0646747574210167,0.06154391169548035,0.08210301399230957,0.012970191426575184,0.07985652983188629
327,0.06443575769662857,0.024883756414055824,0.04573659598827362,0.04436459764838219,0.06677702069282532,0.07030978798866272,0.016382789239287376,0.03475848212838173,0.04511816054582596,0.07155944406986237,0.012546209618449211,0.06026691570878029,0.03741563856601715,0.04003215581178665,0.046358879655599594,0.08820990473031998,0.07732332497835159,0.06688586622476578,0.012734728865325451,0.07389581203460693
328,0.04941653460264206,0.023101255297660828,0.05893583595752716,0.04626493155956268,0.047086574137210846,0.06434115022420883,0.01424277015030384,0.042067572474479675,0.04800385981798172,0.06327847391366959,0.011492940597236156,0.15619078278541565,0.04339173808693886,0.03405437618494034,0.04039343073964119,0.079829141497612,0.06508270651102066,0.05830259248614311,0.01070482935756445,0.043812379240989685
329,0.07929707318544388,0.01809927448630333,0.04511520266532898,0.041556522250175476,0.05000893399119377,0.10266105830669403,0.012318253517150879,0.057190485298633575,0.03826514631509781,0.06599181890487671,0.013583867810666561,0.06507474184036255,0.018084729090332985,0.03915777429938316,0.03156469017267227,0.11099414527416229,0.0838036760687828,0.07897467166185379,0.005572113674134016,0.04267922788858414
330,0.04263870045542717,0.010098423808813095,0.044255971908569336,0.038042135536670685,0.03714786097407341,0.04954972490668297,0.010035238228738308,0.03318917378783226,0.043415747582912445,0.04987994208931923,0.007447552401572466,0.05417318642139435,0.0559636726975441,0.0343460850417614,0.03353507071733475,0.14277951419353485,0.22609843313694,0.04351111501455307,0.0066634234972298145,0.03722326457500458
331,0.07337674498558044,0.012443539686501026,0.06833501160144806,0.06661128997802734,0.03999778628349304,0.0691012442111969,0.02306363731622696,0.036096103489398956,0.052983492612838745,0.056659262627363205,0.013342312537133694,0.06307536363601685,0.01717938482761383,0.053664062172174454,0.04109889268875122,0.1054408997297287,0.0887751430273056,0.05796293914318085,0.007256366312503815,0.053530167788267136
332,0.05507051944732666,0.008408715948462486,0.05173612758517265,0.04625646024942398,0.04619329795241356,0.06172935664653778,0.012372394092381,0.059790849685668945,0.048131201416254044,0.06779688596725464,0.011297784745693207,0.061437103897333145,0.07597000896930695,0.04057517275214195,0.031759362667798996,0.09234897792339325,0.09296543896198273,0.07808234542608261,0.008359604515135288,0.04971069097518921
333,0.058354806154966354,0.01814376749098301,0.040496762841939926,0.04125908762216568,0.05328173190355301,0.05687852203845978,0.013546830043196678,0.07239939272403717,0.060007937252521515,0.09299664199352264,0.01213803980499506,0.046712055802345276,0.0838255062699318,0.044715993106365204,0.036372143775224686,0.05466540530323982,0.06761568039655685,0.09226403385400772,0.0067292856983840466,0.04759069159626961
334,0.053448889404535294,0.009481842629611492,0.06215554475784302,0.04778663441538811,0.04551875963807106,0.0653030201792717,0.017127076163887978,0.041660960763692856,0.04765773564577103,0.06349941343069077,0.01043209619820118,0.06834543496370316,0.05436386168003082,0.04016507416963577,0.04258317872881889,0.1025843620300293,0.08569703251123428,0.07553867250680923,0.007176680956035852,0.05946707725524902
335,0.0736243724822998,0.013989557512104511,0.04530297592282295,0.044387366622686386,0.05610673502087593,0.057126205414533615,0.012175111100077629,0.05494726076722145,0.050465650856494904,0.07006263732910156,0.010422755964100361,0.0569104440510273,0.053630877286195755,0.033941712230443954,0.039159368723630905,0.09600362181663513,0.0888749286532402,0.08167766779661179,0.009144522249698639,0.052036650478839874
336,0.06129741668701172,0.014543156139552593,0.05538485199213028,0.04461480304598808,0.04316446930170059,0.0965491384267807,0.013964195735752583,0.04523053392767906,0.04605961591005325,0.051480285823345184,0.012443987652659416,0.06515973806381226,0.058180373162031174,0.03793762996792793,0.037493281066417694,0.08994360268115997,0.08618833869695663,0.07838933169841766,0.007622090168297291,0.05434798449277878
337,0.0615181028842926,0.01430890429764986,0.043009642511606216,0.03920259326696396,0.05785258114337921,0.07571952044963837,0.016868216916918755,0.046759750694036484,0.047577470541000366,0.06659810990095139,0.014830675907433033,0.0555817112326622,0.061991870403289795,0.04192498326301575,0.04291561245918274,0.09364742040634155,0.08262218534946442,0.07441923767328262,0.007849961519241333,0.054793063551187515
338,0.04896976053714752,0.03363066166639328,0.042292091995477676,0.035792555660009384,0.04551056772470474,0.054133761674165726,0.014823995530605316,0.05347929149866104,0.06379598379135132,0.058836668729782104,0.012833751738071442,0.07969707995653152,0.058489274233579636,0.03554854914546013,0.04934494569897652,0.08843054622411728,0.08861662447452545,0.0692904070019722,0.009686590172350407,0.056788187474012375
339,0.062096938490867615,0.02751549705862999,0.026481525972485542,0.028141578659415245,0.08032986521720886,0.04887951537966728,0.01301637850701809,0.059247810393571854,0.06190508231520653,0.08748780936002731,0.012310714460909367,0.04669458791613579,0.038534488528966904,0.03505127876996994,0.05188903585076332,0.07120086252689362,0.08205835521221161,0.08838264644145966,0.01126950979232788,0.06749885529279709
340,0.04798051342368126,0.02403751201927662,0.04738243296742439,0.03246293589472771,0.05421930551528931,0.051280248910188675,0.01576482318341732,0.059654660522937775,0.035650551319122314,0.06909269094467163,0.014995131641626358,0.1428939700126648,0.04164830967783928,0.02892127074301243,0.03544435277581215,0.06909392029047012,0.07088088989257812,0.08986900746822357,0.009085988625884056,0.059636879712343216
341,0.07138790190219879,0.025740886107087135,0.05002782866358757,0.0519714318215847,0.04904603958129883,0.09365218132734299,0.011704601347446442,0.05553901568055153,0.04050696641206741,0.06060582399368286,0.012870009988546371,0.06099093332886696,0.017108818516135216,0.04423397406935692,0.033570971339941025,0.10735717415809631,0.08220387995243073,0.08274510502815247,0.0059859491884708405,0.042744044214487076
342,0.04165555536746979,0.013271378353238106,0.048663876950740814,0.03534365072846413,0.03806377202272415,0.05090642720460892,0.011588041670620441,0.03368554264307022,0.035526614636182785,0.04220081493258476,0.008142542093992233,0.05499280244112015,0.04781775176525116,0.02906320057809353,0.029946841299533844,0.14674048125743866,0.23342829942703247,0.04959636181592941,0.007126244716346264,0.04223538562655449
343,0.06806233525276184,0.019685838371515274,0.06766327470541,0.052504781633615494,0.035664308816194534,0.07798809558153152,0.025364695116877556,0.038653865456581116,0.04499407857656479,0.05810375139117241,0.013725350610911846,0.07409462332725525,0.014771712943911552,0.04937337711453438,0.04598952829837799,0.1021723598241806,0.08564938604831696,0.06531395763158798,0.006484099198132753,0.053733691573143005
344,0.05057600885629654,0.029747026041150093,0.048412568867206573,0.029821906238794327,0.06121763959527016,0.06057572737336159,0.012400435283780098,0.06919249147176743,0.028574464842677116,0.07510918378829956,0.014882792718708515,0.1139192134141922,0.05228186771273613,0.027808230370283127,0.027663500979542732,0.0744921937584877,0.0777587741613388,0.07896697521209717,0.011063667014241219,0.05553049221634865
345,0.06043040379881859,0.023745359852910042,0.06501515954732895,0.04915829747915268,0.046650584787130356,0.07444797456264496,0.017477907240390778,0.04684766009449959,0.0356319360435009,0.05605369806289673,0.011308997869491577,0.062284041196107864,0.05868256837129593,0.038156554102897644,0.0332050584256649,0.09125451743602753,0.08315055817365646,0.07657673209905624,0.009171238169074059,0.06074600666761398
346,0.06776182353496552,0.021187447011470795,0.05871181935071945,0.04784901440143585,0.05757935345172882,0.06667056679725647,0.01826769858598709,0.045694559812545776,0.037138789892196655,0.07033848762512207,0.014818585477769375,0.057066660374403,0.050829119980335236,0.040252044796943665,0.04004669561982155,0.08106427639722824,0.07907024770975113,0.07567783445119858,0.010655363090336323,0.05931304767727852
347,0.054166290909051895,0.03614724054932594,0.0553620420396328,0.04116765409708023,0.07208601385354996,0.0631391629576683,0.014098258689045906,0.06374403089284897,0.0336313471198082,0.08215519040822983,0.015381678007543087,0.05616891756653786,0.040544308722019196,0.03479694202542305,0.03475052863359451,0.07801856845617294,0.06653042882680893,0.08429019153118134,0.012827028520405293,0.06098730117082596
348,0.058664001524448395,0.033079925924539566,0.05232494696974754,0.0356207899749279,0.06852302700281143,0.0465829037129879,0.014366508461534977,0.0662839412689209,0.033541399985551834,0.08117935061454773,0.015644310042262077,0.05279175937175751,0.05340774357318878,0.03152180835604668,0.03402816504240036,0.08882171660661697,0.07542406767606735,0.08525928854942322,0.01112554594874382,0.061801977455616
349,0.05213908106088638,0.027112489566206932,0.0725814551115036,0.0440312922000885,0.06170481815934181,0.05980260670185089,0.016297241672873497,0.04932248219847679,0.03975798189640045,0.07525724172592163,0.013221031986176968,0.06664754450321198,0.04018460959196091,0.03705599904060364,0.037012550979852676,0.08723939955234528,0.07491349428892136,0.07012277841567993,0.011304700747132301,0.0642847940325737
350,0.059500131756067276,0.0251891128718853,0.0604543462395668,0.056747838854789734,0.060245174914598465,0.05879107862710953,0.012445816770195961,0.05873694643378258,0.04377315938472748,0.07495836168527603,0.011291857808828354,0.06166886165738106,0.04805806279182434,0.037808552384376526,0.0338643342256546,0.07984308153390884,0.07224570214748383,0.08000945299863815,0.010905503295361996,0.05345473811030388
351,0.05851222202181816,0.029861878603696823,0.07511281222105026,0.052925556898117065,0.04474852234125137,0.07186269015073776,0.017674146220088005,0.0444091260433197,0.04182659089565277,0.06036593019962311,0.013256453908979893,0.07414509356021881,0.0519842766225338,0.040125299245119095,0.03934609889984131,0.08039776980876923,0.07443032413721085,0.061475493013858795,0.010464891791343689,0.05706584453582764
352,0.05252200737595558,0.03704552724957466,0.05250629410147667,0.040844906121492386,0.05910094827413559,0.10991305112838745,0.011801870539784431,0.049121178686618805,0.034503273665905,0.06914715468883514,0.011935602873563766,0.07436464726924896,0.05169077217578888,0.033363163471221924,0.030009156093001366,0.08409914374351501,0.07140037417411804,0.06511866301298141,0.010595748201012611,0.05090918391942978
353,0.04550491273403168,0.02218857780098915,0.04467683285474777,0.033442407846450806,0.05338895320892334,0.04755692556500435,0.012362378649413586,0.04966717213392258,0.030550502240657806,0.06500274688005447,0.012140694074332714,0.0513732023537159,0.035791534930467606,0.032108061015605927,0.030037911608815193,0.11417591571807861,0.2002759575843811,0.05594439059495926,0.010815880261361599,0.05298934876918793
354,0.046957388520240784,0.021677996963262558,0.07386449724435806,0.04656076058745384,0.048863980919122696,0.04947049170732498,0.013049444183707237,0.05576050281524658,0.03888571262359619,0.07029159367084503,0.011564422398805618,0.12640587985515594,0.05445387214422226,0.03395683690905571,0.03365563973784447,0.07562289386987686,0.07737535983324051,0.06362062692642212,0.009326422587037086,0.04862760752439499
355,0.051821596920490265,0.030510377138853073,0.05867703631520271,0.03623408451676369,0.07118003815412521,0.0615648590028286,0.011999028734862804,0.06808976083993912,0.03024883009493351,0.08106575161218643,0.01158914901316166,0.06314396113157272,0.05542203038930893,0.027912016957998276,0.025741659104824066,0.08325180411338806,0.07546752691268921,0.07825938612222672,0.010837020352482796,0.06697556376457214
356,0.057146232575178146,0.012297875247895718,0.06632591784000397,0.06723753362894058,0.052957210689783096,0.07169120758771896,0.013648511841893196,0.04526723176240921,0.04256916418671608,0.0628819465637207,0.010652212426066399,0.05931022763252258,0.06065189465880394,0.04410290718078613,0.037373822182416916,0.0868697464466095,0.07943045347929001,0.06699169427156448,0.009010602720081806,0.053577642887830734
357,0.05603569373488426,0.011082792654633522,0.07252813130617142,0.05126020684838295,0.055738162249326706,0.08558207750320435,0.016668036580085754,0.0380798764526844,0.04361044988036156,0.061483342200517654,0.012952635996043682,0.07163447886705399,0.03963029012084007,0.04256374388933182,0.03736955299973488,0.09865407645702362,0.07721909135580063,0.06660276651382446,0.008595853112637997,0.05270206555724144
358,0.05480964109301567,0.025092855095863342,0.04915129020810127,0.038990702480077744,0.06466080248355865,0.07285842299461365,0.011377908289432526,0.06452297419309616,0.04049715772271156,0.08010873943567276,0.011066799983382225,0.06738635152578354,0.05137191340327263,0.0337042398750782,0.036141637712717056,0.0815839022397995,0.07196390628814697,0.08059228956699371,0.008924025110900402,0.0551864393055439
359,0.04481084644794464,0.007634742185473442,0.043771062046289444,0.03310674428939819,0.04331253096461296,0.048621367663145065,0.009251581504940987,0.041350819170475006,0.041624654084444046,0.054523248225450516,0.007840171456336975,0.051032066345214844,0.07457032799720764,0.02818196453154087,0.02784537710249424,0.14727209508419037,0.19031564891338348,0.056083716452121735,0.006743624806404114,0.04210187494754791
360,0.062293265014886856,0.01792461797595024,0.05267096310853958,0.041401442140340805,0.06233087554574013,0.06192229688167572,0.013988077640533447,0.056195218116045,0.04140916466712952,0.07249760627746582,0.014438790269196033,0.0611763559281826,0.04847981780767441,0.03335944563150406,0.038855042308568954,0.08791150897741318,0.07456696778535843,0.07823427766561508,0.011050991714000702,0.06928594410419464
361,0.05261027812957764,0.012601443566381931,0.0862741619348526,0.05677147954702377,0.034629106521606445,0.09367147088050842,0.014623330906033516,0.027498699724674225,0.044880226254463196,0.04190388321876526,0.010190299712121487,0.10043700039386749,0.06741636991500854,0.04218467324972153,0.03782512620091438,0.10056093335151672,0.07816924154758453,0.04791027307510376,0.00653371587395668,0.04330186918377876
362,0.0528012216091156,0.016884537413716316,0.06182918697595596,0.04575623944401741,0.051068227738142014,0.07994887977838516,0.014299826696515083,0.04424046352505684,0.05119632929563522,0.059495437890291214,0.011890921741724014,0.07347890734672546,0.05525381863117218,0.03840406611561775,0.041616376489400864,0.09904519468545914,0.07930036634206772,0.06022181361913681,0.007878399454057217,0.05538186803460121
363,0.053689297288656235,0.024071788415312767,0.07416091859340668,0.05166862905025482,0.040839046239852905,0.07922925055027008,0.016295401379466057,0.028051158413290977,0.05088716000318527,0.04074006527662277,0.009973933920264244,0.08059104532003403,0.07291662693023682,0.04475908353924751,0.046199969947338104,0.10742329806089401,0.07803384959697723,0.04760164022445679,0.008507268503308296,0.0443522073328495
364,0.052982162684202194,0.03786291554570198,0.056041378527879715,0.04241166263818741,0.050717633217573166,0.06190696731209755,0.01773551106452942,0.04686665162444115,0.05407820641994476,0.06799394637346268,0.011547482572495937,0.06368952244520187,0.04828553646802902,0.039112336933612823,0.04185884818434715,0.08887957781553268,0.080414317548275,0.06689713150262833,0.010339933447539806,0.06036876514554024
365,0.05681315064430237,0.046721674501895905,0.0594150684773922,0.04092606529593468,0.05721410736441612,0.05431842803955078,0.014076299034059048,0.05187772214412689,0.04556771740317345,0.06985224038362503,0.012757642194628716,0.06497601419687271,0.04949844256043434,0.03578849881887436,0.03836248070001602,0.08570317924022675,0.07903456687927246,0.06923342496156693,0.01112927682697773,0.056727781891822815
366,0.050304945558309555,0.0191616453230381,0.05781813710927963,0.05407373607158661,0.04998084530234337,0.06619831174612045,0.01642884686589241,0.037030596286058426,0.056633561849594116,0.05953202769160271,0.01085428986698389,0.070208840072155,0.06676856428384781,0.04685346782207489,0.04855159670114517,0.0917920172214508,0.07853204011917114,0.0581175722181797,0.008780671283602715,0.05237039551138878
367,0.047852031886577606,0.0299678947776556,0.0757264569401741,0.04889226704835892,0.029270898550748825,0.0833057165145874,0.02164245955646038,0.019750382751226425,0.05720147863030434,0.034367937594652176,0.008214827626943588,0.09045911580324173,0.07927928119897842,0.05043886601924896,0.05160020291805267,0.114909328520298,0.07584456354379654,0.031839217990636826,0.006804953794926405,0.04262291640043259
368,0.049140553921461105,0.03212101012468338,0.06444993615150452,0.046015623956918716,0.04945763200521469,0.08454544097185135,0.015656596049666405,0.04097825661301613,0.05019783228635788,0.0586104579269886,0.010806200094521046,0.08662274479866028,0.05378631502389908,0.04274865984916687,0.045228566974401474,0.0867258608341217,0.07044505327939987,0.05304190516471863,0.009147152304649353,0.050265856087207794
369,0.05160899460315704,0.022860657423734665,0.0733935683965683,0.04519598186016083,0.04901996999979019,0.06333864480257034,0.022553693503141403,0.04011160135269165,0.057535573840141296,0.06753015518188477,0.012230162508785725,0.09157916158437729,0.06412821263074875,0.04570017009973526,0.043867211788892746,0.07433032244443893,0.06722652912139893,0.05185490846633911,0.007281574886292219,0.04864628240466118
370,0.04606115072965622,0.02492443658411503,0.09585632383823395,0.05205943435430527,0.028337880969047546,0.09030229598283768,0.01952613890171051,0.021152185276150703,0.04740418493747711,0.04073873907327652,0.00897363480180502,0.08801160007715225,0.0849037691950798,0.04315493628382683,0.045768946409225464,0.1056007519364357,0.07232185453176498,0.03455326333642006,0.00707002729177475,0.04327233135700226
371,0.04690040275454521,0.01598217338323593,0.08528988808393478,0.05253254249691963,0.03932840749621391,0.0809478834271431,0.014421181753277779,0.03551154583692551,0.045416656881570816,0.05452841892838478,0.009820397943258286,0.12455344945192337,0.05206278711557388,0.03813789412379265,0.03432343155145645,0.09118124097585678,0.07246536016464233,0.050487667322158813,0.00956354197114706,0.0465385802090168
372,0.060323361307382584,0.01092318631708622,0.07527008652687073,0.058711424469947815,0.03698430210351944,0.07940725237131119,0.018059099093079567,0.03419148176908493,0.05436836555600166,0.049569305032491684,0.010960815474390984,0.07579149305820465,0.05884714052081108,0.04645071551203728,0.04121323674917221,0.10478988289833069,0.07959780097007751,0.051120661199092865,0.007022547069936991,0.046391561627388
373,0.05747141316533089,0.011669057421386242,0.09238480031490326,0.05098237469792366,0.029194237664341927,0.09533686190843582,0.017096631228923798,0.03297273814678192,0.046135932207107544,0.04605774208903313,0.012105721980333328,0.08651062101125717,0.07004715502262115,0.040793273597955704,0.03661499172449112,0.0915287658572197,0.07901371270418167,0.050049081444740295,0.008100089617073536,0.045928068459033966
374,0.05558250471949577,0.013672145083546638,0.07756191492080688,0.06320641189813614,0.04014189541339874,0.08810944110155106,0.01610434427857399,0.030698761343955994,0.046660274267196655,0.04614294320344925,0.011479447595775127,0.07614545524120331,0.05917299911379814,0.047159358859062195,0.040613804012537,0.09942643344402313,0.08277694880962372,0.04867130517959595,0.009159749373793602,0.04750785976648331
375,0.058725506067276,0.00935336109250784,0.07341262698173523,0.044741712510585785,0.035906605422496796,0.0936562716960907,0.020550141111016273,0.02884441614151001,0.05006799101829529,0.04156741872429848,0.010912979021668434,0.08687970042228699,0.05833643302321434,0.04610114544630051,0.04715400189161301,0.10941415280103683,0.08166971802711487,0.04418103024363518,0.008604025468230247,0.04991421848535538
376,0.055791813880205154,0.030467726290225983,0.06062089279294014,0.04185323417186737,0.0571601502597332,0.06493513286113739,0.01668483391404152,0.05363120511174202,0.04544131085276604,0.06773915141820908,0.014033881947398186,0.06833501905202866,0.05251096934080124,0.03773108869791031,0.036556411534547806,0.08038482815027237,0.07335885614156723,0.07469836622476578,0.01101489458233118,0.057042162865400314
377,0.05522903427481651,0.011658044531941414,0.09069805592298508,0.05527414381504059,0.045717764645814896,0.05991576239466667,0.012545499950647354,0.03382635489106178,0.04794420301914215,0.053434789180755615,0.007491451688110828,0.08496786653995514,0.07849369943141937,0.038089871406555176,0.032708022743463516,0.10875013470649719,0.08632207661867142,0.05144951865077019,0.005771375726908445,0.039706237614154816
378,0.05475931242108345,0.013273059390485287,0.07904094457626343,0.053397707641124725,0.046308692544698715,0.06699312478303909,0.015395382419228554,0.03454754501581192,0.056074656546115875,0.0556318573653698,0.010132369585335255,0.08713316917419434,0.06019916385412216,0.04370817169547081,0.04520281031727791,0.09616393595933914,0.07753853499889374,0.04747705161571503,0.008749723434448242,0.048266153782606125
379,0.05392810329794884,0.026177071034908295,0.06433827430009842,0.04539036378264427,0.0520094595849514,0.0689404159784317,0.011793927289545536,0.05182608217000961,0.053698014467954636,0.0643320307135582,0.00924925971776247,0.07669094204902649,0.048479463905096054,0.03752709552645683,0.032006435096263885,0.09904420375823975,0.0801728144288063,0.062120068818330765,0.009033148176968098,0.05323532596230507
380,0.053442683070898056,0.014216829091310501,0.09491703659296036,0.04876667633652687,0.044588230550289154,0.05309275537729263,0.015207670629024506,0.046717431396245956,0.0660243108868599,0.06270787864923477,0.008919206447899342,0.07264450937509537,0.04661130532622337,0.04160245135426521,0.03733491525053978,0.09399115294218063,0.08744776248931885,0.05969734489917755,0.006787487771362066,0.045273907482624054
381,0.05628501623868942,0.026553934440016747,0.058346863836050034,0.04877585172653198,0.060095205903053284,0.08186188340187073,0.012640689499676228,0.046489592641592026,0.04413841292262077,0.05940169468522072,0.009767395444214344,0.06607278436422348,0.05390206724405289,0.03945185989141464,0.03310336545109749,0.09189385920763016,0.07707712054252625,0.06939700245857239,0.009941212832927704,0.054792534559965134
382,0.05415470898151398,0.020841507241129875,0.05805477127432823,0.05093570798635483,0.06394418329000473,0.05018949508666992,0.009671584703028202,0.06606730073690414,0.04093416407704353,0.08445365726947784,0.01165890134871006,0.05717413127422333,0.048722319304943085,0.03747297078371048,0.03500402718782425,0.08807042241096497,0.07592345774173737,0.08463625609874725,0.010659449733793736,0.05142151564359665
383,0.05172975733876228,0.024837493896484375,0.0601218119263649,0.041405703872442245,0.05062881484627724,0.06206177547574043,0.016639500856399536,0.04577767848968506,0.050841428339481354,0.06647396087646484,0.01003402192145586,0.07962653785943985,0.05443933978676796,0.03961950168013573,0.043244630098342896,0.09617452323436737,0.07827800512313843,0.06505145877599716,0.009991553612053394,0.053015101701021194
384,0.05119377747178078,0.02409292198717594,0.05581663176417351,0.048533812165260315,0.059744905680418015,0.05138915777206421,0.01177919190376997,0.06271861493587494,0.04203375428915024,0.07626602798700333,0.01146286353468895,0.061376456171274185,0.07101365178823471,0.03571091964840889,0.03932858258485794,0.07862723618745804,0.07895664870738983,0.06757117807865143,0.01207162719219923,0.060304634273052216
385,0.053268950432538986,0.013997046276926994,0.05841901898384094,0.05575846508145332,0.047795236110687256,0.06301238387823105,0.014205056242644787,0.04520435631275177,0.04864766076207161,0.06244576722383499,0.012918931432068348,0.05994798615574837,0.06864754855632782,0.042079512029886246,0.040815968066453934,0.0994744822382927,0.08748888224363327,0.06468287110328674,0.008729244582355022,0.05245522782206535
386,0.05246753990650177,0.0163417998701334,0.08775396645069122,0.062225066125392914,0.03731243312358856,0.08189703524112701,0.017310554161667824,0.028300566598773003,0.04764936491847038,0.04901197925209999,0.010861190967261791,0.08240333944559097,0.0637659877538681,0.050860948860645294,0.039367109537124634,0.09919627755880356,0.0734131708741188,0.04198559373617172,0.008413262665271759,0.04945765435695648
387,0.05093883350491524,0.009853146970272064,0.042399607598781586,0.035431742668151855,0.05873158574104309,0.055538441985845566,0.011716460809111595,0.05992957204580307,0.051886122673749924,0.07670988887548447,0.013754421845078468,0.05346738174557686,0.0461249016225338,0.035118408501148224,0.03472888842225075,0.07726341485977173,0.13905450701713562,0.07931119948625565,0.011589828878641129,0.056443627923727036
388,0.03617473691701889,0.018102940171957016,0.055930640548467636,0.03468296304345131,0.042781081050634384,0.07557526975870132,0.013167108409106731,0.04698878526687622,0.052927497774362564,0.05727384239435196,0.010736508294939995,0.17045387625694275,0.04697876796126366,0.03329480439424515,0.03460252657532692,0.07116728276014328,0.0761311873793602,0.06219880282878876,0.009590787813067436,0.051234543323516846
389,0.05623439699411392,0.011220640502870083,0.05620022863149643,0.038236550986766815,0.05054846033453941,0.07480504363775253,0.01441905740648508,0.04281115159392357,0.061840832233428955,0.063127800822258,0.010908055119216442,0.06892132759094238,0.07655426859855652,0.03998435288667679,0.041037727147340775,0.09433185309171677,0.07924851775169373,0.061744850128889084,0.008918424136936665,0.04890090972185135
390,0.059578340500593185,0.017266951501369476,0.0653579831123352,0.048842817544937134,0.04659392684698105,0.0808086022734642,0.015599734149873257,0.04099221155047417,0.048606786876916885,0.05702226236462593,0.01217607967555523,0.07296621799468994,0.049232713878154755,0.041686102747917175,0.04198450595140457,0.08985350281000137,0.07419293373823166,0.0641123503446579,0.012513617053627968,0.06060635671019554
391,0.059188660234212875,0.011354107409715652,0.08231733739376068,0.048887401819229126,0.030863892287015915,0.11407121270895004,0.018834184855222702,0.021536312997341156,0.04896574467420578,0.03732877969741821,0.00961838848888874,0.08916283398866653,0.06952676177024841,0.04176253452897072,0.04597971588373184,0.10610435903072357,0.07978415489196777,0.037701819092035294,0.007674975786358118,0.039330773055553436
392,0.05083106458187103,0.014333446510136127,0.057415761053562164,0.047563664615154266,0.050097592175006866,0.07185682654380798,0.014522562734782696,0.05042646452784538,0.059169307351112366,0.065179243683815,0.01257585920393467,0.07567932456731796,0.05996774137020111,0.0460176095366478,0.047448087483644485,0.08552858233451843,0.0719418004155159,0.060070961713790894,0.007882315665483475,0.05148404836654663
393,0.04710580036044121,0.01295556128025055,0.040567945688962936,0.02856048010289669,0.03690829500555992,0.053105469793081284,0.00990313570946455,0.03436629846692085,0.046215932816267014,0.04910708963871002,0.007923719473183155,0.0559525340795517,0.060395076870918274,0.02822154201567173,0.02885735221207142,0.1438988596200943,0.22642011940479279,0.04662337899208069,0.0064882137812674046,0.03641492873430252
394,0.05299518629908562,0.01634654588997364,0.05112633854150772,0.03707221522927284,0.050384726375341415,0.10775040835142136,0.014330669306218624,0.03410587087273598,0.049568552523851395,0.056948572397232056,0.012355515733361244,0.12402619421482086,0.05010177567601204,0.036778710782527924,0.043412987142801285,0.08572143316268921,0.06637817621231079,0.04810100048780441,0.00933838076889515,0.053150106221437454
395,0.057677242904901505,0.014283415861427784,0.0780576691031456,0.044206563383340836,0.030217833817005157,0.09676500409841537,0.021696118637919426,0.022269120439887047,0.051091182976961136,0.03637615218758583,0.010441883467137814,0.09297119081020355,0.07687149941921234,0.04385865107178688,0.04688815772533417,0.10717147588729858,0.08154460042715073,0.03804946690797806,0.006786334328353405,0.04277091845870018
396,0.07520251721143723,0.014742021448910236,0.0514998733997345,0.03353632614016533,0.045736972242593765,0.08368313312530518,0.0183869618922472,0.049884140491485596,0.04332150146365166,0.06902522593736649,0.01839323714375496,0.061596162617206573,0.03953082859516144,0.0376206636428833,0.047302987426519394,0.08307304978370667,0.07518090307712555,0.08027786016464233,0.011873896233737469,0.06012343987822533
397,0.054578959941864014,0.030799608677625656,0.027188032865524292,0.02179459109902382,0.12022414803504944,0.03951286897063255,0.010667136870324612,0.08779500424861908,0.027640676125884056,0.10586729645729065,0.016576441004872322,0.03297850489616394,0.029266394674777985,0.022688711062073708,0.02708817832171917,0.05287572741508484,0.0575668103992939,0.1102556437253952,0.024183962494134903,0.10044489800930023
398,0.05549880862236023,0.02255850099027157,0.038414355367422104,0.05561089515686035,0.06476540863513947,0.0399785079061985,0.01239123847335577,0.08695042133331299,0.031104831025004387,0.09887810051441193,0.016842441633343697,0.03686157613992691,0.023582665249705315,0.03241313621401787,0.0337674543261528,0.06555397808551788,0.07563897222280502,0.11586958169937134,0.019078969955444336,0.07423433661460876
399,0.04524846747517586,0.032544199377298355,0.02292105183005333,0.020019980147480965,0.09187948703765869,0.02881169319152832,0.011233865283429623,0.11211437731981277,0.03345061093568802,0.13037793338298798,0.017653439193964005,0.026922937482595444,0.028971901163458824,0.02699648216366768,0.03683788701891899,0.04488218203186989,0.04651201143860817,0.14294622838497162,0.021291987970471382,0.07837817072868347
400,0.046939387917518616,0.02670123241841793,0.07542531192302704,0.0482829250395298,0.04788751155138016,0.03911842778325081,0.016397129744291306,0.05137769132852554,0.05056098848581314,0.06051599979400635,0.009990347549319267,0.08930259197950363,0.02977696992456913,0.03875730559229851,0.04740152880549431,0.09660080075263977,0.08846249431371689,0.0784718468785286,0.006632336415350437,0.05139283090829849
401,0.06417686492204666,0.023586785420775414,0.06666651368141174,0.04540200158953667,0.04844234138727188,0.10652045160531998,0.014942802488803864,0.0350806824862957,0.051438383758068085,0.05762318894267082,0.013322173617780209,0.08221252262592316,0.05709918960928917,0.03177343308925629,0.0439961776137352,0.08779189735651016,0.06579127907752991,0.04896813631057739,0.010597117245197296,0.044563859701156616
402,0.046516213566064835,0.018752451986074448,0.08293023705482483,0.039043672382831573,0.042226627469062805,0.0827854573726654,0.013633102178573608,0.03660482168197632,0.05671936273574829,0.0542975515127182,0.01052800752222538,0.12415001541376114,0.028394224122166634,0.035141471773386,0.041355643421411514,0.09603932499885559,0.08687108010053635,0.053072039037942886,0.007795875892043114,0.04313728213310242
403,0.05080061033368111,0.017696790397167206,0.048022616654634476,0.05538493022322655,0.061220426112413406,0.06468598544597626,0.0153860067948699,0.0595661960542202,0.054029420018196106,0.07298203557729721,0.013047883287072182,0.05748189613223076,0.023720813915133476,0.04352424666285515,0.04601706936955452,0.07936106622219086,0.08262599259614944,0.08306831866502762,0.012094644829630852,0.05927562341094017
404,0.05031365901231766,0.04816029593348503,0.019749261438846588,0.01851074956357479,0.08602110296487808,0.03386558219790459,0.007319787051528692,0.13645555078983307,0.02895013801753521,0.11817541718482971,0.016471881419420242,0.03310142830014229,0.027996130287647247,0.018598254770040512,0.026243770495057106,0.04435322806239128,0.06219075992703438,0.12837615609169006,0.025454921647906303,0.06968595832586288
405,0.041482869535684586,0.019025152549147606,0.02110234834253788,0.02680191583931446,0.09198841452598572,0.02433263696730137,0.018629463389515877,0.10759774595499039,0.051255058497190475,0.10624775290489197,0.011907745152711868,0.024589989334344864,0.01651993952691555,0.030562371015548706,0.046019334346055984,0.04807364195585251,0.07755118608474731,0.12295572459697723,0.015741607174277306,0.09760989993810654
406,0.05792247876524925,0.028030741959810257,0.024875734001398087,0.02972795069217682,0.09402185678482056,0.04006901755928993,0.014970594085752964,0.08666377514600754,0.038523364812135696,0.10606779903173447,0.020112639293074608,0.0367213673889637,0.03534698858857155,0.031989503651857376,0.04110976308584213,0.05523518845438957,0.05541130527853966,0.10842282325029373,0.019777074456214905,0.07499238103628159
407,0.0409989170730114,0.06181412935256958,0.016519363969564438,0.014325210824608803,0.09579258412122726,0.029682500287890434,0.00823905784636736,0.12474387139081955,0.019809158518910408,0.17359353601932526,0.0198061540722847,0.02958066202700138,0.026708215475082397,0.01711314357817173,0.02495795674622059,0.04098471999168396,0.053595107048749924,0.11074769496917725,0.016079645603895187,0.07489974051713943
408,0.04813208431005478,0.06735121458768845,0.023373713716864586,0.021701226010918617,0.08176852762699127,0.039315152913331985,0.01278918981552124,0.0846836119890213,0.05198633670806885,0.10897702723741531,0.011007283814251423,0.04316411912441254,0.03867744654417038,0.0337250716984272,0.0402975007891655,0.06519205123186111,0.06737024337053299,0.08313845843076706,0.010661195032298565,0.0666799396276474
409,0.05388745665550232,0.04577721282839775,0.04418172687292099,0.03049229457974434,0.07372510433197021,0.047764793038368225,0.011008813045918941,0.06551242619752884,0.03868017718195915,0.08652899414300919,0.010421143844723701,0.06749794632196426,0.06100768595933914,0.02936563640832901,0.036198485642671585,0.07870659232139587,0.07495156675577164,0.07756111025810242,0.010817124508321285,0.055905427783727646
410,0.041763465851545334,0.04669630900025368,0.044047970324754715,0.02658175863325596,0.06773462146520615,0.07178092747926712,0.01116905640810728,0.06628236174583435,0.036191731691360474,0.08903643488883972,0.009922192431986332,0.11570137739181519,0.04096024110913277,0.02649405412375927,0.030634449794888496,0.07472312450408936,0.06489122658967972,0.0669272392988205,0.011844384483993053,0.05660805106163025
411,0.05684838816523552,0.08492369949817657,0.03284046798944473,0.03377062827348709,0.08495191484689713,0.047828249633312225,0.011295889504253864,0.06670080125331879,0.03894292935729027,0.07691261917352676,0.012102029286324978,0.03872382640838623,0.030071867629885674,0.03393876925110817,0.026256602257490158,0.08716168254613876,0.07068385928869247,0.07947396486997604,0.016053522005677223,0.07050835341215134
412,0.045614711940288544,0.0784304067492485,0.03460191562771797,0.02723967842757702,0.07973892241716385,0.04605846479535103,0.010868700221180916,0.081882044672966,0.0342496782541275,0.08375846594572067,0.011199927888810635,0.050700098276138306,0.04913026839494705,0.025532178580760956,0.03182666003704071,0.07530628889799118,0.07766909152269363,0.0798581913113594,0.016687605530023575,0.05963888391852379
413,0.04191641882061958,0.07130923867225647,0.020307490602135658,0.021839680150151253,0.10409588366746902,0.03853838890790939,0.008474295027554035,0.11707304418087006,0.03274599090218544,0.11956683546304703,0.012152688577771187,0.026883572340011597,0.03382870554924011,0.02382238209247589,0.02712242864072323,0.04277423024177551,0.052295390516519547,0.1237371414899826,0.015143601223826408,0.0663657858967781
414,0.045055732131004333,0.040080856531858444,0.034688062965869904,0.031124839559197426,0.08358973264694214,0.03824230283498764,0.012568304315209389,0.0756831169128418,0.045178916305303574,0.08562175184488297,0.011805552989244461,0.050633158534765244,0.035368964076042175,0.03077036142349243,0.038531187921762466,0.07594748586416245,0.08358151465654373,0.08363702893257141,0.01992228254675865,0.077960304915905
415,0.04487081989645958,0.0789855569601059,0.0292013231664896,0.02147744968533516,0.0944390520453453,0.04387219622731209,0.009097564034163952,0.09030105173587799,0.026547204703092575,0.10978300124406815,0.01215322595089674,0.03832940012216568,0.06638061255216599,0.021485470235347748,0.02739054709672928,0.056820955127477646,0.052950724959373474,0.08006405085325241,0.02054109424352646,0.07530167698860168
416,0.04427217319607735,0.02800416573882103,0.028423693031072617,0.023446427658200264,0.07931654900312424,0.04035462439060211,0.008750176057219505,0.0641215443611145,0.03671132028102875,0.08610730618238449,0.009030231274664402,0.038305625319480896,0.03915368393063545,0.021978266537189484,0.02993917278945446,0.10335475206375122,0.16942228376865387,0.06832883507013321,0.014004496857523918,0.06696785241365433
417,0.05364832654595375,0.02495305798947811,0.045757319778203964,0.034637827426195145,0.07346289604902267,0.06922989338636398,0.013193654827773571,0.06382303684949875,0.039855632930994034,0.0901130810379982,0.014008562080562115,0.05729621276259422,0.04047603905200958,0.03301135078072548,0.03326413035392761,0.07545839995145798,0.07558219879865646,0.08400190621614456,0.013188687153160572,0.06503108143806458
418,0.045340098440647125,0.06247735396027565,0.026045821607112885,0.0239489134401083,0.10045085847377777,0.06061054393649101,0.009184343740344048,0.082847960293293,0.037335511296987534,0.11566158384084702,0.012729033827781677,0.03697755187749863,0.060206860303878784,0.02264184132218361,0.02695104293525219,0.060061078518629074,0.052425649017095566,0.07904791086912155,0.017226504161953926,0.06782227754592896
419,0.04749830812215805,0.031980227679014206,0.04280233010649681,0.035637859255075455,0.07608748227357864,0.05779218673706055,0.01215776801109314,0.0705842450261116,0.045577749609947205,0.08600660413503647,0.014888875186443329,0.05392924323678017,0.04099779203534126,0.03186022490262985,0.033165059983730316,0.07224950939416885,0.0841277688741684,0.0859021246433258,0.012345666997134686,0.0644034594297409
420,0.04714837297797203,0.048088591545820236,0.02843664586544037,0.023258432745933533,0.10448706895112991,0.06716986000537872,0.008350012823939323,0.09638521075248718,0.03267436847090721,0.10952747613191605,0.013323880732059479,0.03943607583642006,0.04286273941397667,0.023631511256098747,0.024927392601966858,0.0597013384103775,0.05340799316763878,0.10222426801919937,0.013555052690207958,0.06139766424894333
421,0.040972866117954254,0.017229875549674034,0.03404146060347557,0.027452489361166954,0.05406147241592407,0.0347176119685173,0.011897983029484749,0.05611709877848625,0.045083362609148026,0.07318045198917389,0.01082081813365221,0.050014838576316833,0.04406571015715599,0.03214721754193306,0.03248543292284012,0.10327034443616867,0.19412586092948914,0.06561613082885742,0.011901923455297947,0.0607912577688694
422,0.04026380926370621,0.0740494504570961,0.043950583785772324,0.022176381200551987,0.07050639390945435,0.04433853179216385,0.01688789762556553,0.08477246761322021,0.036177221685647964,0.10883743315935135,0.013249260373413563,0.07839977741241455,0.03227359056472778,0.023233624175190926,0.03562137484550476,0.06764980405569077,0.0649188980460167,0.07208613306283951,0.008888181298971176,0.06171174347400665
423,0.0504748560488224,0.03442026674747467,0.04534256458282471,0.038715675473213196,0.06603696197271347,0.05328923836350441,0.013950658962130547,0.06730838119983673,0.04347347468137741,0.07373929768800735,0.012513845227658749,0.05767305940389633,0.04681181535124779,0.030091840773820877,0.038205988705158234,0.07728231698274612,0.08256848901510239,0.08809825032949448,0.011327018961310387,0.06867023557424545
424,0.07615482807159424,0.022713670507073402,0.0722447857260704,0.05358048155903816,0.05086899921298027,0.05865475907921791,0.011807475239038467,0.04304907098412514,0.058334264904260635,0.06343672424554825,0.0100002596154809,0.06547632068395615,0.04164379835128784,0.03522037714719772,0.03461575135588646,0.10756571590900421,0.08049514889717102,0.06374378502368927,0.00744143221527338,0.042946040630340576
425,0.041174083948135376,0.014028552919626236,0.09341078251600266,0.05048374831676483,0.03823347017168999,0.11530517041683197,0.013505951501429081,0.041357725858688354,0.04805385321378708,0.04990145191550255,0.008948029018938541,0.10214207321405411,0.047899480909109116,0.033827751874923706,0.03281157836318016,0.09043430536985397,0.07214188575744629,0.04888133332133293,0.009270819835364819,0.04818081110715866
426,0.06157003715634346,0.033190254122018814,0.0368407741189003,0.03606715053319931,0.06714506447315216,0.06399627029895782,0.01055631972849369,0.0607551634311676,0.056812554597854614,0.08336416631937027,0.012726325541734695,0.051358237862586975,0.04912968724966049,0.03810114413499832,0.03559548780322075,0.08750927448272705,0.07139944285154343,0.07926677167415619,0.01075856201350689,0.05384908616542816
427,0.05241023749113083,0.01220310665667057,0.06525915861129761,0.05150092765688896,0.040529750287532806,0.07213273644447327,0.015661820769309998,0.04876719415187836,0.05935527756810188,0.0487302765250206,0.01049565989524126,0.06754430383443832,0.051721032708883286,0.03669802471995354,0.04063183441758156,0.10329476743936539,0.09395061433315277,0.064679354429245,0.008900927379727364,0.05552572011947632
428,0.06176891177892685,0.009154794737696648,0.07734603434801102,0.04942614212632179,0.04182426631450653,0.10793200135231018,0.019717885181307793,0.02987748011946678,0.053600843995809555,0.0508846752345562,0.012984931468963623,0.08452197909355164,0.048007041215896606,0.04169085994362831,0.0392192043364048,0.09367763251066208,0.06893988698720932,0.05153413861989975,0.008556120097637177,0.049329835921525955
429,0.06980890780687332,0.01999547705054283,0.04840857535600662,0.03880788013339043,0.06228930875658989,0.061763640493154526,0.01618501916527748,0.054644349962472916,0.046956244856119156,0.07700485736131668,0.01679164357483387,0.059614747762680054,0.03923861309885979,0.03595183789730072,0.04009033367037773,0.07754793018102646,0.08031263947486877,0.07585875689983368,0.013101296499371529,0.06562218070030212
430,0.06292145699262619,0.008659509010612965,0.044635988771915436,0.04697369784116745,0.06163956597447395,0.05568006634712219,0.01691412925720215,0.05465191975235939,0.04569635167717934,0.07842224091291428,0.016335289925336838,0.04810144007205963,0.03668547049164772,0.04213322326540947,0.04446828365325928,0.09025818854570389,0.07935760915279388,0.08273675292730331,0.01551193930208683,0.0682118833065033
431,0.0638134777545929,0.013406713493168354,0.03817753493785858,0.032298263162374496,0.08381117880344391,0.04468483850359917,0.012134639546275139,0.08830543607473373,0.031002234667539597,0.10664481669664383,0.0189928337931633,0.04230498522520065,0.03042410872876644,0.02776101976633072,0.03067576326429844,0.06811422854661942,0.06465352326631546,0.10581782460212708,0.01977708376944065,0.07719395309686661
432,0.058638181537389755,0.008916047401726246,0.07891559600830078,0.052675601094961166,0.04492869973182678,0.06551254540681839,0.017510171979665756,0.03601639345288277,0.050571247935295105,0.05971597135066986,0.011675205081701279,0.0753786563873291,0.02842542715370655,0.04411063715815544,0.044338811188936234,0.09697892516851425,0.09439415484666824,0.05505039542913437,0.011267883703112602,0.06497462093830109
433,0.052207715809345245,0.011983942240476608,0.05473770573735237,0.03362536430358887,0.08179259300231934,0.05553251877427101,0.014426808804273605,0.06831689178943634,0.039788004010915756,0.09189925342798233,0.014699424616992474,0.03198282793164253,0.04275365173816681,0.029955890029668808,0.039425577968358994,0.0810089111328125,0.07701242715120316,0.08980259299278259,0.015514220111072063,0.07352972030639648
434,0.05795775726437569,0.011290435679256916,0.06550780683755875,0.04316355288028717,0.05008889362215996,0.07626664638519287,0.01996602863073349,0.045766543596982956,0.05007205531001091,0.05186477676033974,0.011234043166041374,0.07502952218055725,0.04021700471639633,0.03619029000401497,0.04209218546748161,0.09687373787164688,0.08305543661117554,0.0653095692396164,0.012164456769824028,0.06588423252105713
435,0.05358806997537613,0.01353642251342535,0.05325610190629959,0.045256417244672775,0.05484586954116821,0.10759217292070389,0.012610523961484432,0.05188014358282089,0.04657009243965149,0.07190293073654175,0.013054941780865192,0.07960783690214157,0.04501719772815704,0.03600608929991722,0.033511240035295486,0.08258605003356934,0.06933020800352097,0.060853879898786545,0.01297090109437704,0.056018125265836716
436,0.05353442579507828,0.017699074000120163,0.05127706006169319,0.03813764452934265,0.056062228977680206,0.06647485494613647,0.009658753871917725,0.0562676265835762,0.039237309247255325,0.07369086146354675,0.011341424658894539,0.05646688863635063,0.03946712613105774,0.03136816993355751,0.028456944972276688,0.09482629597187042,0.1393093466758728,0.0700412467122078,0.013363759033381939,0.05331471562385559
437,0.04865935072302818,0.028678981587290764,0.04815055429935455,0.03420855849981308,0.05684530362486839,0.06305590271949768,0.01435977965593338,0.06611338257789612,0.04686666652560234,0.07985429465770721,0.010855658911168575,0.06569721549749374,0.05043484643101692,0.0353272408246994,0.04208730161190033,0.08139287680387497,0.0762055516242981,0.07618720084428787,0.012409917078912258,0.06260214000940323
438,0.04977798834443092,0.035778846591711044,0.05614553764462471,0.03286401927471161,0.07025609910488129,0.0500725619494915,0.00903408881276846,0.07330232858657837,0.03644693270325661,0.07797028124332428,0.010313593782484531,0.05384233593940735,0.058909863233566284,0.02558065392076969,0.025657322257757187,0.0581476204097271,0.1225479319691658,0.07358794659376144,0.01643086038529873,0.06332696974277496
439,0.045782387256622314,0.03330197557806969,0.04653936251997948,0.0425371378660202,0.06935251504182816,0.0468553826212883,0.012088509276509285,0.07910536229610443,0.03271998092532158,0.07809446007013321,0.011677498929202557,0.050760410726070404,0.05293620377779007,0.031668905168771744,0.023187857121229172,0.074683278799057,0.08080408722162247,0.09786004573106766,0.01441760454326868,0.07562056183815002
440,0.04666822403669357,0.03320744261145592,0.03092930279672146,0.02796167880296707,0.10012296587228775,0.05192938074469566,0.008324045687913895,0.10008282959461212,0.026255957782268524,0.11059628427028656,0.015852417796850204,0.035207588225603104,0.043768301606178284,0.022738205268979073,0.022661052644252777,0.058213699609041214,0.052320122718811035,0.12023656815290451,0.01928097940981388,0.07363670319318771
441,0.04963689669966698,0.03734581544995308,0.0434165857732296,0.02811228111386299,0.08232992887496948,0.04965488240122795,0.011510754935443401,0.07274173945188522,0.03770451620221138,0.07912158966064453,0.011490236967802048,0.03826295956969261,0.04362712800502777,0.02821149304509163,0.03483624383807182,0.09544125199317932,0.08181282132863998,0.08791662007570267,0.016189444810152054,0.0706307664513588
442,0.04427909478545189,0.06389123946428299,0.04208125174045563,0.027278004214167595,0.07631585001945496,0.048523854464292526,0.0107064638286829,0.07866200804710388,0.0367828831076622,0.0852741226553917,0.008701223880052567,0.056835491210222244,0.04899164289236069,0.02625454217195511,0.026119232177734375,0.07683343440294266,0.07458487898111343,0.07557419687509537,0.016091257333755493,0.07621032744646072
443,0.046448882669210434,0.043278440833091736,0.05362552031874657,0.03515160456299782,0.07824402302503586,0.04325539246201515,0.01264791376888752,0.07250088453292847,0.03566899523139,0.08578214794397354,0.009926898404955864,0.06456375867128372,0.04491111636161804,0.028002440929412842,0.025844166055321693,0.07811038941144943,0.07603046298027039,0.08132946491241455,0.012391805648803711,0.07227859646081924
444,0.04943592846393585,0.028858352452516556,0.0530005507171154,0.039941322058439255,0.07276325672864914,0.06875919550657272,0.011769728735089302,0.06533729285001755,0.04037195071578026,0.08040738850831985,0.011165950447320938,0.05870366469025612,0.04429036006331444,0.03133295103907585,0.030770929530262947,0.08560924977064133,0.07342208176851273,0.08094083517789841,0.01306913048028946,0.060043610632419586
445,0.05076826736330986,0.02597656287252903,0.06861460208892822,0.04477649927139282,0.049156300723552704,0.07193217426538467,0.015039165504276752,0.045076534152030945,0.05692767724394798,0.053342849016189575,0.010135536082088947,0.08350725471973419,0.04334597289562225,0.0405011847615242,0.03879796341061592,0.0951383113861084,0.07852377742528915,0.05896240100264549,0.010034006088972092,0.059433769434690475
446,0.051012616604566574,0.02853040024638176,0.04820263758301735,0.03920470178127289,0.05839942768216133,0.08428459614515305,0.012592353858053684,0.05061560124158859,0.049610644578933716,0.06560396403074265,0.009459572844207287,0.07391119748353958,0.054228127002716064,0.037252940237522125,0.03775448724627495,0.086286760866642,0.07341840118169785,0.06738724559545517,0.011966596357524395,0.06026913598179817
447,0.056477587670087814,0.016518937423825264,0.04779648408293724,0.03611944615840912,0.05366111919283867,0.07642784714698792,0.015678776428103447,0.043672967702150345,0.044143564999103546,0.0668146163225174,0.01186052244156599,0.058817245066165924,0.044438332319259644,0.03758857026696205,0.03699931129813194,0.08420321345329285,0.1385301649570465,0.05648692324757576,0.012655695900321007,0.061101045459508896
448,0.05143732577562332,0.022525139153003693,0.056436456739902496,0.04355267807841301,0.05279911682009697,0.08444424718618393,0.018050184473395348,0.05125045031309128,0.04327429458498955,0.07006537169218063,0.012264379300177097,0.06847332417964935,0.046052251011133194,0.04170616343617439,0.03883228078484535,0.07937407493591309,0.07230108976364136,0.06886467337608337,0.011251316405832767,0.06703591346740723
449,0.06134941056370735,0.01901702955365181,0.04837511107325554,0.043388597667217255,0.063274085521698,0.07410283386707306,0.017058460041880608,0.05189572647213936,0.043195951730012894,0.06574530154466629,0.014287006109952927,0.06788504123687744,0.03747965395450592,0.042155440896749496,0.03934401273727417,0.056515078991651535,0.0986524298787117,0.06893211603164673,0.013982533477246761,0.07335778325796127
450,0.053456924855709076,0.019857600331306458,0.047220539301633835,0.03455625846982002,0.06285914778709412,0.07703833281993866,0.019453229382634163,0.053316399455070496,0.037997469305992126,0.07154350727796555,0.01581422984600067,0.06262828409671783,0.049474604427814484,0.037137165665626526,0.03956349566578865,0.07865931838750839,0.07694599777460098,0.07746967673301697,0.01509154960513115,0.06991029530763626
451,0.05649031698703766,0.015489418990910053,0.05893658846616745,0.04140244796872139,0.04047996923327446,0.08429013937711716,0.022135626524686813,0.027620336040854454,0.049912579357624054,0.04771684482693672,0.012333282269537449,0.0779898390173912,0.07138076424598694,0.04482376575469971,0.04724375903606415,0.10161232948303223,0.0841621682047844,0.046238720417022705,0.011135449633002281,0.05859973281621933
452,0.056091174483299255,0.029351992532610893,0.06577129662036896,0.04290509223937988,0.05372873693704605,0.06967993825674057,0.017034055665135384,0.06315300613641739,0.03227164223790169,0.06844330579042435,0.01480686105787754,0.06290649622678757,0.04093741253018379,0.031867820769548416,0.03172483295202255,0.07719996571540833,0.07820611447095871,0.08758649230003357,0.012535939924418926,0.06379145383834839
453,0.052320972084999084,0.028373315930366516,0.0773560106754303,0.045960407704114914,0.05020487308502197,0.056860968470573425,0.016188014298677444,0.0515301413834095,0.037358663976192474,0.060740381479263306,0.01146974228322506,0.069736048579216,0.053868699818849564,0.037393342703580856,0.032556530088186264,0.08489711582660675,0.0850285068154335,0.07361108809709549,0.013024327345192432,0.0615161657333374
454,0.048222318291664124,0.01875143311917782,0.08907477557659149,0.044846370816230774,0.043409425765275955,0.07368774712085724,0.01590489223599434,0.036192797124385834,0.041876569390296936,0.05433560162782669,0.009097603149712086,0.08855247497558594,0.06833889335393906,0.033683691173791885,0.03388453274965286,0.09414641559123993,0.0800076499581337,0.055212799459695816,0.011917748488485813,0.058851659297943115
455,0.050892651081085205,0.031066160649061203,0.08140325546264648,0.04100970923900604,0.05139993876218796,0.0702873095870018,0.014309035614132881,0.05177750438451767,0.03908272460103035,0.06408422440290451,0.010227146558463573,0.08106730133295059,0.0577053502202034,0.03203481063246727,0.031991519033908844,0.08893794566392899,0.07841436564922333,0.06465145945549011,0.00990410428494215,0.04974814131855965
456,0.04732957109808922,0.02198217809200287,0.09004104882478714,0.06807365268468857,0.049441590905189514,0.06976142525672913,0.015048230066895485,0.04480408504605293,0.035792846232652664,0.06352172791957855,0.009783891029655933,0.07432423532009125,0.05252306908369064,0.033978596329689026,0.0315551720559597,0.08732564747333527,0.07998444885015488,0.056320670992136,0.008978273719549179,0.05942278355360031
457,0.04265860840678215,0.019965486600995064,0.12146534770727158,0.06990668177604675,0.04115423932671547,0.07096612453460693,0.014324935153126717,0.03755431994795799,0.04024257883429527,0.04969409853219986,0.006966020911931992,0.07541755586862564,0.051902852952480316,0.03804586082696915,0.023971328511834145,0.09547469019889832,0.09141460806131363,0.05574231222271919,0.009172631427645683,0.04395268112421036
458,0.04639607295393944,0.03208508715033531,0.0574168898165226,0.04149710759520531,0.05951942130923271,0.13404718041419983,0.008346197195351124,0.05161213502287865,0.035830166190862656,0.07858115434646606,0.009534915909171104,0.07761643081903458,0.047042183578014374,0.03186771273612976,0.02523549646139145,0.08186699450016022,0.06202144920825958,0.05957311764359474,0.013371425680816174,0.046528901904821396
459,0.05616847425699234,0.02091621421277523,0.05402052775025368,0.040026020258665085,0.06057849898934364,0.061535902321338654,0.015463288873434067,0.07041168957948685,0.0495782345533371,0.08800213038921356,0.010645614936947823,0.07174985855817795,0.05976162105798721,0.040842052549123764,0.0333985798060894,0.06040302664041519,0.06553424149751663,0.07845330238342285,0.008711928501725197,0.053791582584381104
460,0.04395690932869911,0.0320158377289772,0.06391078978776932,0.04759909585118294,0.05636191368103027,0.05459145829081535,0.012920302338898182,0.07267750054597855,0.03472932428121567,0.08454425632953644,0.011509386822581291,0.056530240923166275,0.050739746540784836,0.033947233110666275,0.030977394431829453,0.07599816471338272,0.07731190323829651,0.08180758357048035,0.012762423604726791,0.06509877741336823
461,0.0465984046459198,0.02939295582473278,0.0509621724486351,0.06081191077828407,0.07153447717428207,0.06437557935714722,0.009996334090828896,0.0795530378818512,0.029241859912872314,0.08629404008388519,0.010058568790555,0.05910000950098038,0.029319843277335167,0.0304131917655468,0.023143518716096878,0.08588089793920517,0.0789443626999855,0.08378160744905472,0.013289288617670536,0.057296060025691986
462,0.0547209195792675,0.03478432819247246,0.0497964471578598,0.04100360348820686,0.058178722858428955,0.0562194362282753,0.013719395734369755,0.060486819595098495,0.05113524571061134,0.0796709805727005,0.011097672395408154,0.056021977216005325,0.045089349150657654,0.035447705537080765,0.037837740033864975,0.08295807987451553,0.07767239212989807,0.07943161576986313,0.01232813484966755,0.06239226832985878
463,0.05037980526685715,0.04905244708061218,0.040903545916080475,0.034774523228406906,0.08146195858716965,0.06181502342224121,0.011476075276732445,0.08029252290725708,0.03539430350065231,0.09006202965974808,0.016398197039961815,0.05064704641699791,0.0363769605755806,0.026675814762711525,0.03073064051568508,0.06784803420305252,0.06756144762039185,0.09024372696876526,0.014470758847892284,0.06342931091785431
464,0.04982313886284828,0.03180087357759476,0.06574632972478867,0.05121508240699768,0.05766969174146652,0.06208629161119461,0.014122474007308483,0.06272256374359131,0.03878070041537285,0.0715252161026001,0.012267345562577248,0.060616087168455124,0.049337759613990784,0.035568125545978546,0.03603352978825569,0.07997661083936691,0.07970710098743439,0.07432341575622559,0.013226410374045372,0.05344390124082565
465,0.03955737501382828,0.07025647163391113,0.045563697814941406,0.031147150322794914,0.08325793594121933,0.07711172103881836,0.009313451126217842,0.0660116970539093,0.029258357360959053,0.08545459806919098,0.010101919062435627,0.09903271496295929,0.04260100796818733,0.021716734394431114,0.02497061714529991,0.06523273885250092,0.053100839257240295,0.05936087295413017,0.018390795215964317,0.0685504600405693
466,0.05214684456586838,0.053400229662656784,0.0431799590587616,0.03868977725505829,0.07453461736440659,0.04947023093700409,0.012853617779910564,0.06607144325971603,0.03901229798793793,0.08781140297651291,0.012015420012176037,0.055896103382110596,0.047539807856082916,0.03311419486999512,0.038444217294454575,0.0701073482632637,0.06677379459142685,0.07640965282917023,0.015469560399651527,0.06705214083194733
467,0.05256299674510956,0.045206740498542786,0.03922785446047783,0.031649649143218994,0.08166683465242386,0.08265270292758942,0.0129679711535573,0.057098180055618286,0.03769856318831444,0.08398597687482834,0.014724093489348888,0.05268413946032524,0.037831034511327744,0.03154155611991882,0.03610917180776596,0.0676240548491478,0.06417546421289444,0.08040149509906769,0.017626790329813957,0.07255693525075912
468,0.06082179397344589,0.044393278658390045,0.04311170428991318,0.038598258048295975,0.06486140936613083,0.07565365731716156,0.014067396521568298,0.0669405460357666,0.033369287848472595,0.08124338090419769,0.014248345978558064,0.05381765961647034,0.04248012974858284,0.03129889816045761,0.03309069201350212,0.06859917938709259,0.07318724691867828,0.08562913537025452,0.015449891798198223,0.059129826724529266
469,0.045284971594810486,0.05582689866423607,0.03934329003095627,0.036546096205711365,0.08795646578073502,0.04607957601547241,0.011541278101503849,0.09305455535650253,0.029319483786821365,0.09970899671316147,0.016152890399098396,0.04580792784690857,0.035222362726926804,0.02726607397198677,0.027796272188425064,0.05785788223147392,0.06238167732954025,0.08703584969043732,0.02217315323650837,0.07363556325435638
470,0.05229012668132782,0.047957222908735275,0.03559664636850357,0.03336690738797188,0.07839658111333847,0.03845422714948654,0.011969542130827904,0.08488428592681885,0.04135347157716751,0.10213067382574081,0.011343340389430523,0.047984667122364044,0.03959916904568672,0.035589952021837234,0.038924720138311386,0.06960410624742508,0.06546350568532944,0.08379960060119629,0.01459262240678072,0.06669000536203384
471,0.05434093624353409,0.040576059371232986,0.04537748545408249,0.03626533970236778,0.07497680187225342,0.058706168085336685,0.014582721516489983,0.06165625527501106,0.03530576825141907,0.08823113143444061,0.012914342805743217,0.0577283538877964,0.051525235176086426,0.03167274594306946,0.03568428382277489,0.0744285061955452,0.06750471144914627,0.07660186290740967,0.01594671607017517,0.06596788018941879
472,0.04700864478945732,0.0437631830573082,0.054114338010549545,0.034100912511348724,0.07344472408294678,0.050320688635110855,0.012714258395135403,0.07217255979776382,0.028896978124976158,0.08265034109354019,0.012864437885582447,0.06786918640136719,0.054711729288101196,0.028840074315667152,0.030859358608722687,0.07716730982065201,0.07296378165483475,0.07207264751195908,0.016128448769450188,0.06732922792434692
473,0.04933556914329529,0.020909950137138367,0.05121574178338051,0.04733835533261299,0.07167191803455353,0.05132817104458809,0.010694523341953754,0.07170990109443665,0.03671475872397423,0.10230298340320587,0.01425154972821474,0.05914412438869476,0.04662632197141647,0.036378372460603714,0.029897723346948624,0.07026060670614243,0.07861261069774628,0.07497955113649368,0.01461283303797245,0.06200745701789856
474,0.05333735793828964,0.021947704255580902,0.05470167100429535,0.04383034259080887,0.0658460333943367,0.07574830949306488,0.01136517059057951,0.06406775861978531,0.03525608032941818,0.08647900074720383,0.014768813736736774,0.059996675699949265,0.04403402656316757,0.03431311622262001,0.030758235603570938,0.08211243897676468,0.07220222800970078,0.07361815124750137,0.014764714986085892,0.06084173917770386
475,0.055124733597040176,0.02443157508969307,0.04161448031663895,0.03400338068604469,0.06287651509046555,0.06309953331947327,0.014935072511434555,0.07436946034431458,0.04267201945185661,0.09078342467546463,0.013862017542123795,0.0589839406311512,0.04621577635407448,0.038529954850673676,0.036239005625247955,0.07891945540904999,0.07358821481466293,0.07596666365861893,0.011049779132008553,0.06272576749324799
476,0.04768528789281845,0.010275885462760925,0.052653416991233826,0.036828890442848206,0.05586341395974159,0.04768891632556915,0.013461673632264137,0.06843820959329605,0.04445605352520943,0.07143674045801163,0.011393453925848007,0.07354509830474854,0.04054809734225273,0.03485222905874252,0.031077148392796516,0.06587982922792435,0.1404324769973755,0.07638052105903625,0.011811871081590652,0.06528107821941376
477,0.051960017532110214,0.06668827682733536,0.040802422910928726,0.043323397636413574,0.07917863875627518,0.05290994793176651,0.009315229021012783,0.08108516037464142,0.03240342065691948,0.08898836374282837,0.01052112877368927,0.04768548533320427,0.035578787326812744,0.030237941071391106,0.026219917461276054,0.07180428504943848,0.06270895153284073,0.0909029170870781,0.015765706077218056,0.06190664321184158
478,0.055482152849435806,0.015918537974357605,0.07128440588712692,0.043788842856884,0.05101097747683525,0.07562428712844849,0.014205103740096092,0.04377830773591995,0.04040961340069771,0.05928603559732437,0.009210771881043911,0.07249266654253006,0.06805405020713806,0.03472810611128807,0.0346074178814888,0.10741499066352844,0.08646529912948608,0.05996587872505188,0.008660495281219482,0.047605548053979874
479,0.05962832272052765,0.02182520367205143,0.05168423429131508,0.04265591874718666,0.05611928552389145,0.07686029374599457,0.011820467188954353,0.05086653679609299,0.04118042066693306,0.07179345190525055,0.01144066546112299,0.0659593939781189,0.0691571906208992,0.036972709000110626,0.03448908403515816,0.09417072683572769,0.07849416136741638,0.06369952112436295,0.010440199635922909,0.05073244869709015
480,0.06089257448911667,0.017639165744185448,0.04399362951517105,0.038295645266771317,0.06038908287882805,0.06445520371198654,0.009303239174187183,0.06221877411007881,0.048261769115924835,0.07269316166639328,0.010021932423114777,0.0560995452105999,0.05883306637406349,0.03475082293152809,0.031508807092905045,0.06380081921815872,0.1195543184876442,0.07918831706047058,0.01339067704975605,0.05470205098390579
481,0.05726809427142143,0.015032381750643253,0.07365406304597855,0.0447920560836792,0.05323141813278198,0.06382378190755844,0.013505491428077221,0.0410478375852108,0.04695514962077141,0.06248195096850395,0.007902583107352257,0.09223636984825134,0.06639000028371811,0.03236157447099686,0.03256930783390999,0.1055431142449379,0.07425464689731598,0.05185616761445999,0.011774909682571888,0.05331185832619667
482,0.052579429000616074,0.016834016889333725,0.08208467811346054,0.04395361617207527,0.038080740720033646,0.11776174604892731,0.015037178061902523,0.03699474036693573,0.03886206075549126,0.05273900553584099,0.011174408718943596,0.08682290464639664,0.06921914219856262,0.03528812155127525,0.03135155141353607,0.0920073464512825,0.07076802849769592,0.0521308109164238,0.00975186936557293,0.04654942452907562
483,0.056062594056129456,0.01832110434770584,0.06863439828157425,0.05324538052082062,0.04572013393044472,0.08653981983661652,0.013066709041595459,0.04026356711983681,0.05755113437771797,0.05308861285448074,0.010627079755067825,0.07356170564889908,0.035489700734615326,0.0486530065536499,0.03949722275137901,0.10403258353471756,0.07918982952833176,0.05564418062567711,0.009942215867340565,0.050861939787864685
484,0.06194815784692764,0.010432258248329163,0.06991423666477203,0.04220733046531677,0.04631466418504715,0.09327331185340881,0.018508633598685265,0.039634913206100464,0.039890021085739136,0.06216493248939514,0.013984916731715202,0.07329398393630981,0.05616949126124382,0.03806549683213234,0.035346128046512604,0.09519218653440475,0.07596994191408157,0.05904882401227951,0.011712250299751759,0.05692160129547119
485,0.05831289291381836,0.02792411297559738,0.05011677369475365,0.04135468229651451,0.05891463905572891,0.07391770929098129,0.016751695424318314,0.05300140380859375,0.03837848827242851,0.07055378705263138,0.016365759074687958,0.0626283809542656,0.052022844552993774,0.041441913694143295,0.03549179434776306,0.08460924029350281,0.07431699335575104,0.0715085044503212,0.010372080840170383,0.06200823560357094
486,0.05187995359301567,0.005774812772870064,0.06365319341421127,0.042091891169548035,0.038574885576963425,0.04917899891734123,0.014230999164283276,0.03890722617506981,0.0430753231048584,0.06000123918056488,0.011233202181756496,0.07214812934398651,0.05939542129635811,0.03852616995573044,0.0327826626598835,0.12776273488998413,0.13829843699932098,0.05514721944928169,0.008606411516666412,0.048724353313446045
487,0.06280701607465744,0.013107378967106342,0.07019669562578201,0.0445454865694046,0.04446346312761307,0.07304232567548752,0.020366715267300606,0.04275421425700188,0.04110415279865265,0.06806200742721558,0.013583687134087086,0.07493443042039871,0.04688125476241112,0.04485572502017021,0.037571828812360764,0.10509316623210907,0.07661125808954239,0.055501099675893784,0.010333827696740627,0.054177176207304
488,0.05967538803815842,0.009098758921027184,0.0996004268527031,0.052980706095695496,0.028631487861275673,0.11104007810354233,0.017255300655961037,0.025929832831025124,0.04294672980904579,0.04126076400279999,0.010978211648762226,0.08671741932630539,0.0765894427895546,0.04283707216382027,0.037540413439273834,0.08791027963161469,0.07430794835090637,0.039242569357156754,0.009789040312170982,0.04566027596592903
489,0.057892825454473495,0.01055316161364317,0.08402469009160995,0.05876772105693817,0.04459097981452942,0.08685165643692017,0.01782730035483837,0.04175154119729996,0.0403275191783905,0.06205658242106438,0.013764625415205956,0.05307334288954735,0.05094480141997337,0.043832652270793915,0.03539973497390747,0.09926469624042511,0.07876133173704147,0.058085210621356964,0.011210821568965912,0.051009997725486755
490,0.06388289481401443,0.014374199323356152,0.057023584842681885,0.04186994582414627,0.05033836513757706,0.09375668317079544,0.01866474561393261,0.04234915226697922,0.03942730650305748,0.06219392642378807,0.014138023369014263,0.06864243745803833,0.05845896154642105,0.040213484317064285,0.0333888903260231,0.09729762375354767,0.07843490689992905,0.059993717819452286,0.009723199531435966,0.055819153785705566
491,0.05598791316151619,0.01428675465285778,0.08523581922054291,0.05284272879362106,0.04393026977777481,0.0963309109210968,0.018430406227707863,0.035501111298799515,0.03818397596478462,0.05567261576652527,0.013964139856398106,0.07187990099191666,0.054516684263944626,0.04229765757918358,0.03690939024090767,0.0947633907198906,0.07943539321422577,0.05012580752372742,0.010300182737410069,0.04939574748277664
492,0.05698947608470917,0.029524704441428185,0.05232052132487297,0.03767213597893715,0.06816273927688599,0.07185415178537369,0.014273538254201412,0.06941494345664978,0.028280233964323997,0.08426478505134583,0.01656242273747921,0.05062095448374748,0.04341062903404236,0.03141922876238823,0.028403175994753838,0.08419660478830338,0.07178783416748047,0.09174592047929764,0.01169665064662695,0.05739152804017067
493,0.06123362481594086,0.026507867500185966,0.05866708233952522,0.047127485275268555,0.05157545953989029,0.060944560915231705,0.018230773508548737,0.05951624736189842,0.03181774914264679,0.07373245060443878,0.01665729284286499,0.057225823402404785,0.03820418193936348,0.03890925645828247,0.03530498594045639,0.08519399166107178,0.08389155566692352,0.07776973396539688,0.015547911636531353,0.06193237751722336
494,0.04967533424496651,0.044499773532152176,0.05384273827075958,0.034840747714042664,0.06742043793201447,0.07555608451366425,0.01373225636780262,0.06895724684000015,0.024711646139621735,0.0868706926703453,0.014572134241461754,0.056682001799345016,0.04430171102285385,0.03095804899930954,0.025408746674656868,0.0761297196149826,0.06543546169996262,0.08022897690534592,0.01651860773563385,0.06964824348688126
495,0.057752836495637894,0.03314601629972458,0.05732256546616554,0.0376645103096962,0.048739243298769,0.05826640501618385,0.01679454743862152,0.06564082205295563,0.03873434290289879,0.07632894068956375,0.014164897613227367,0.05385711416602135,0.04029954597353935,0.03840966150164604,0.033040374517440796,0.08944017440080643,0.08958358317613602,0.08197306096553802,0.010012410581111908,0.058822307735681534
496,0.06326024234294891,0.024680307134985924,0.05467277765274048,0.045424915850162506,0.054195135831832886,0.06293419003486633,0.01808447390794754,0.05628221109509468,0.03250589966773987,0.07595259696245193,0.017647860571742058,0.0602310374379158,0.045368727296590805,0.03909875825047493,0.03407001122832298,0.08442607522010803,0.07928084582090378,0.07697891443967819,0.013398091308772564,0.061499591916799545
497,0.05723145604133606,0.028938615694642067,0.05502573773264885,0.04499231278896332,0.06603221595287323,0.06292206048965454,0.014718960970640182,0.06897996366024017,0.031259097158908844,0.08620772510766983,0.015016854740679264,0.052113842219114304,0.03600974380970001,0.03543015941977501,0.03137635812163353,0.08006498962640762,0.06732332706451416,0.09419777989387512,0.012944534420967102,0.05920671299099922
498,0.059419408440589905,0.03918991982936859,0.05755585804581642,0.03555392473936081,0.06961639970541,0.06956834346055984,0.01338459737598896,0.06037255749106407,0.030318288132548332,0.07679638266563416,0.010404643602669239,0.060653865337371826,0.04971231147646904,0.030707549303770065,0.028721528127789497,0.09269910305738449,0.07544291764497757,0.0741339698433876,0.011815830133855343,0.05392315983772278
499,0.05604396387934685,0.0408954992890358,0.03970739617943764,0.0342927984893322,0.07303184270858765,0.04927927255630493,0.015564633533358574,0.06730711460113525,0.03600790724158287,0.09191861748695374,0.014381048269569874,0.045793674886226654,0.04368463531136513,0.03475215286016464,0.0374770313501358,0.07977572828531265,0.07994942367076874,0.08235453069210052,0.01452476717531681,0.0632491260766983
500,0.05828579515218735,0.04240265116095543,0.05166685953736305,0.0349118709564209,0.06842003017663956,0.06754830479621887,0.015589754097163677,0.05678682029247284,0.033291589468717575,0.0698421373963356,0.010193116962909698,0.06668800860643387,0.047124605625867844,0.031118882820010185,0.03155789524316788,0.09812521189451218,0.07531438022851944,0.06377509236335754,0.014947956427931786,0.06239787116646767
501,0.05283746495842934,0.03749663010239601,0.05146973207592964,0.037423163652420044,0.06720034033060074,0.05274335294961929,0.014932170510292053,0.06183360517024994,0.03624982014298439,0.08510845899581909,0.012188444845378399,0.059533827006816864,0.048304516822099686,0.036639560014009476,0.031579747796058655,0.08142983913421631,0.07087739557027817,0.07794301211833954,0.01737387105822563,0.06682538986206055
502,0.053748682141304016,0.026354240253567696,0.05691293254494667,0.035940948873758316,0.0636453703045845,0.07922255992889404,0.012286652810871601,0.054999083280563354,0.03789716213941574,0.07501545548439026,0.01031272578984499,0.07821404188871384,0.0389581136405468,0.035942479968070984,0.031005745753645897,0.0973273292183876,0.07337668538093567,0.06664213538169861,0.012023874558508396,0.060163822025060654
503,0.05654003098607063,0.02449072152376175,0.06546267122030258,0.04019169881939888,0.05896493047475815,0.0668659508228302,0.021396959200501442,0.054815199226140976,0.0359380841255188,0.0825461745262146,0.012105179950594902,0.06422104686498642,0.04066731780767441,0.03901457041501999,0.03477679193019867,0.09617582708597183,0.07262296974658966,0.06595128774642944,0.010495963506400585,0.0567474327981472
504,0.05225108563899994,0.020656412467360497,0.07741831243038177,0.048367690294981,0.05846491456031799,0.07502398639917374,0.01685095950961113,0.048889487981796265,0.03625764325261116,0.07253795117139816,0.013674438931047916,0.07874491810798645,0.04664607718586922,0.04021463915705681,0.033969298005104065,0.07865764200687408,0.07018623501062393,0.05788516253232956,0.01328546553850174,0.06000809371471405
505,0.05638889595866203,0.01708240434527397,0.08836866170167923,0.06002909690141678,0.04380616918206215,0.07652260363101959,0.01895352080464363,0.03777677193284035,0.03947093337774277,0.06097472831606865,0.012100699357688427,0.0769519954919815,0.043919119983911514,0.04648318141698837,0.04018280655145645,0.09637581557035446,0.06980931013822556,0.0550215020775795,0.01001371443271637,0.04975881427526474
506,0.061952654272317886,0.01316162757575512,0.09649226814508438,0.06109075993299484,0.03432350605726242,0.09763652086257935,0.020380966365337372,0.022615540772676468,0.04034188762307167,0.04087402671575546,0.010976644232869148,0.07936028391122818,0.07839180529117584,0.04856472834944725,0.04473213851451874,0.10507729649543762,0.06274104118347168,0.034555789083242416,0.008275619708001614,0.038448285311460495
507,0.05465420335531235,0.01407823245972395,0.11156700551509857,0.06034746393561363,0.03508470952510834,0.08667705208063126,0.021401455625891685,0.024420281872153282,0.03805987536907196,0.040396708995103836,0.012039274908602238,0.09392938762903214,0.06713539361953735,0.043027520179748535,0.043270666152238846,0.0980692133307457,0.06898543238639832,0.03606542572379112,0.008852229453623295,0.041931360960006714
508,0.06329374760389328,0.01647111587226391,0.0941297858953476,0.06241041421890259,0.031096670776605606,0.0963514894247055,0.021016409620642662,0.020784892141819,0.04144899919629097,0.0390327125787735,0.010754860937595367,0.07986205816268921,0.09533347189426422,0.04643002524971962,0.04376645386219025,0.102154441177845,0.060404110699892044,0.034530844539403915,0.007224538829177618,0.0334954708814621
509,0.05720551684498787,0.014247370883822441,0.10922582447528839,0.05194360390305519,0.03259950131177902,0.09031518548727036,0.02022509090602398,0.02005709335207939,0.0377112552523613,0.04371710866689682,0.011042945086956024,0.08809912204742432,0.10334955155849457,0.041849128901958466,0.03841462731361389,0.09431383013725281,0.06370037794113159,0.03447379544377327,0.008587133139371872,0.03891528770327568
510,0.04243685305118561,0.011750277131795883,0.12660731375217438,0.06273398548364639,0.01886623352766037,0.09627623111009598,0.020545147359371185,0.011910537257790565,0.05210456624627113,0.023866087198257446,0.0061475480906665325,0.11219833046197891,0.10024495422840118,0.04260461404919624,0.044205352663993835,0.1072753518819809,0.06443040072917938,0.022587092593312263,0.004899292252957821,0.028304724022746086
511,0.05335116386413574,0.011480459943413734,0.12102878093719482,0.05127360299229622,0.02559225633740425,0.10197505354881287,0.019148215651512146,0.018692204728722572,0.03503834083676338,0.03742542117834091,0.009577975608408451,0.09518171101808548,0.1406010538339615,0.038731981068849564,0.03609307110309601,0.08221227675676346,0.05394473299384117,0.031681403517723083,0.006700386758893728,0.030261937528848648
512,0.04393933340907097,0.01270996779203415,0.12703514099121094,0.06820342689752579,0.018262097612023354,0.09113406389951706,0.019110990688204765,0.01237261388450861,0.05992194265127182,0.02417926676571369,0.00612771138548851,0.11023528128862381,0.07291784137487411,0.043974392116069794,0.04806037247180939,0.1146833747625351,0.07446248084306717,0.02304759994149208,0.004471410531550646,0.02514468878507614
513,0.059894632548093796,0.015388897620141506,0.11234253644943237,0.04935856908559799,0.026317380368709564,0.11062115430831909,0.01921510137617588,0.02433120831847191,0.035071466118097305,0.04676148295402527,0.010076561942696571,0.09383787214756012,0.08510520309209824,0.03751382231712341,0.034153811633586884,0.09891638904809952,0.061856139451265335,0.04016193747520447,0.0067886291071772575,0.032279446721076965
514,0.05137001350522041,0.016762815415859222,0.08300097286701202,0.055941224098205566,0.031074566766619682,0.10087836533784866,0.02028975635766983,0.029274478554725647,0.05336039513349533,0.04764474555850029,0.010662328451871872,0.09639055281877518,0.06089812517166138,0.041625745594501495,0.04497417062520981,0.08665110915899277,0.07678508758544922,0.04416685178875923,0.0075187175534665585,0.04072209447622299
515,0.056160442531108856,0.01889309473335743,0.06588584929704666,0.050397664308547974,0.04689113795757294,0.07818244397640228,0.019231298938393593,0.04195278137922287,0.050166890025138855,0.0658450573682785,0.01059673260897398,0.07501552253961563,0.0710320994257927,0.04253081604838371,0.040008388459682465,0.08349481970071793,0.07334525883197784,0.05618201568722725,0.008324702270328999,0.045854587107896805
516,0.05853781849145889,0.016426868736743927,0.08021118491888046,0.055291611701250076,0.03512456268072128,0.087648406624794,0.015947042033076286,0.029051195830106735,0.05046169459819794,0.05105757713317871,0.008827275596559048,0.08693595230579376,0.07265860587358475,0.04393583908677101,0.040275298058986664,0.0959511250257492,0.07846400141716003,0.046271778643131256,0.006101727019995451,0.04081223905086517
517,0.05244240164756775,0.031238095834851265,0.058810777962207794,0.0411079116165638,0.05022955313324928,0.06473807245492935,0.01951163448393345,0.057391293346881866,0.04381048306822777,0.0797717273235321,0.01161996554583311,0.06366807967424393,0.049037083983421326,0.04749709367752075,0.03799945116043091,0.08580531924962997,0.07501596212387085,0.07141654938459396,0.007284446153789759,0.05159582570195198
518,0.06082163751125336,0.014184235595166683,0.061494991183280945,0.04605313763022423,0.04713145270943642,0.07185690104961395,0.015348066575825214,0.04383482411503792,0.04137672483921051,0.05231495574116707,0.013615976087749004,0.11071457713842392,0.0518358089029789,0.036493152379989624,0.035461463034152985,0.08311137557029724,0.085808664560318,0.06624511629343033,0.010005638934671879,0.05228523910045624
519,0.06141485646367073,0.016295410692691803,0.0453161746263504,0.041347384452819824,0.06673267483711243,0.060424163937568665,0.01456939522176981,0.07478330284357071,0.036511000245809555,0.08393726497888565,0.0160762220621109,0.05065871402621269,0.03777720034122467,0.03874119743704796,0.03230678662657738,0.07500658184289932,0.07215646654367447,0.10618162155151367,0.01039688941091299,0.05935931205749512
520,0.06037305295467377,0.019943105056881905,0.04135910049080849,0.03834456577897072,0.07670287042856216,0.06022675707936287,0.013690143823623657,0.06942346692085266,0.03332288935780525,0.08891454339027405,0.01768067106604576,0.042351048439741135,0.040353573858737946,0.03618500754237175,0.031898438930511475,0.0766853392124176,0.0750570148229599,0.09099964797496796,0.014285163022577763,0.0721958726644516
521,0.052880920469760895,0.020355554297566414,0.04638305678963661,0.037205565720796585,0.07683736830949783,0.0540311373770237,0.013186505064368248,0.08009018748998642,0.03389529138803482,0.09211396425962448,0.014386932365596294,0.04973068833351135,0.0359281562268734,0.033010538667440414,0.024215146899223328,0.07865719497203827,0.07451418787240982,0.09842846542596817,0.015418671071529388,0.06871951371431351
522,0.042798176407814026,0.0769960954785347,0.03443938121199608,0.02514874003827572,0.09553611278533936,0.03327610716223717,0.011679421178996563,0.09157174825668335,0.027545172721147537,0.10009168088436127,0.011545157060027122,0.044723596423864365,0.03427601233124733,0.02340843714773655,0.023532884195446968,0.06973320245742798,0.07002826780080795,0.0864236131310463,0.017030583694577217,0.0802043080329895
523,0.0526103638112545,0.036565203219652176,0.07276967912912369,0.036444228142499924,0.06368520855903625,0.05175754800438881,0.011670498177409172,0.08053426444530487,0.03017379343509674,0.09864093363285065,0.014059297740459442,0.05445542931556702,0.04302724450826645,0.03199467435479164,0.02108229137957096,0.0663568526506424,0.06889751553535461,0.1031547412276268,0.00985071249306202,0.05226229503750801
524,0.05268639698624611,0.025351356714963913,0.05323110893368721,0.03528707101941109,0.0859886035323143,0.053825005888938904,0.009821378625929356,0.08459216356277466,0.024058977141976357,0.09088578820228577,0.014267083257436752,0.05436606705188751,0.03642936050891876,0.026468265801668167,0.021178459748625755,0.07149144262075424,0.06981326639652252,0.09682450443506241,0.019433198496699333,0.07399251312017441
525,0.05823974683880806,0.026888052001595497,0.05591319873929024,0.03931335732340813,0.06915847957134247,0.0834001675248146,0.010220460593700409,0.07333280146121979,0.02957635186612606,0.09138134866952896,0.012979998253285885,0.03616693243384361,0.037167441099882126,0.032597944140434265,0.025943879038095474,0.07941363751888275,0.07321598380804062,0.0890490934252739,0.01642945595085621,0.05960124731063843
526,0.05007653683423996,0.02466820366680622,0.05428275838494301,0.032679907977581024,0.06673941761255264,0.07096870243549347,0.011857687495648861,0.06675014644861221,0.02600552700459957,0.07837522774934769,0.011364574544131756,0.09354963898658752,0.0458928644657135,0.02855239063501358,0.023361647501587868,0.08692151308059692,0.08023529499769211,0.0706837847828865,0.013498925603926182,0.06352780759334564
527,0.05142650753259659,0.04172123968601227,0.039529986679553986,0.032616544514894485,0.08208838850259781,0.05964270234107971,0.012479822151362896,0.08766917139291763,0.021410485729575157,0.08949960768222809,0.01360290590673685,0.043678730726242065,0.04487890750169754,0.028885331004858017,0.024331234395503998,0.06294074654579163,0.07480386644601822,0.09526988863945007,0.01827276311814785,0.07523902505636215
528,0.03985223546624184,0.052106622606515884,0.03484680503606796,0.03229419142007828,0.10866529494524002,0.05884265527129173,0.009767365641891956,0.08035982400178909,0.031191183254122734,0.09238676726818085,0.011104656383395195,0.03784496709704399,0.0361713282763958,0.024531615898013115,0.025886084884405136,0.056768301874399185,0.06009455397725105,0.09595408290624619,0.022807210683822632,0.08851275593042374
529,0.05114363506436348,0.03655038774013519,0.05587181821465492,0.034847453236579895,0.08220333606004715,0.05128300562500954,0.01303313672542572,0.07495485246181488,0.03452233225107193,0.09614446759223938,0.011040382087230682,0.043526120483875275,0.03612421452999115,0.027773037552833557,0.029064085334539413,0.06526274979114532,0.07060059905052185,0.10812637954950333,0.01170135848224163,0.06622008234262466
530,0.047815993428230286,0.04794854298233986,0.054098594933748245,0.03380955383181572,0.08240270614624023,0.05305520445108414,0.008871753700077534,0.07155594974756241,0.03460276126861572,0.09411702305078506,0.008138288743793964,0.05735234171152115,0.06643129140138626,0.026397088542580605,0.022533653303980827,0.06766334176063538,0.07343645393848419,0.07514169067144394,0.015136263333261013,0.059483252465724945
531,0.054183319211006165,0.021265165880322456,0.0675535649061203,0.04550299793481827,0.08443523943424225,0.05266386270523071,0.010636567138135433,0.0705968514084816,0.034004662185907364,0.09939222037792206,0.01000105869024992,0.0693199560046196,0.05544689670205116,0.03156575188040733,0.02189040370285511,0.042152512818574905,0.06877569109201431,0.08147422224283218,0.015262839384377003,0.06386641412973404
532,0.05213206261396408,0.015290875919163227,0.057963211089372635,0.043130144476890564,0.06888560205698013,0.05957848206162453,0.011159608140587807,0.062334053218364716,0.030299175530672073,0.09144622087478638,0.011708959937095642,0.07535585761070251,0.03696104884147644,0.03196555748581886,0.023088019341230392,0.0759173259139061,0.1084662526845932,0.074553482234478,0.012700758874416351,0.05705641210079193
533,0.05290291830897331,0.01135283149778843,0.09137780219316483,0.05796711519360542,0.04195474833250046,0.12258310616016388,0.014927797950804234,0.03229003772139549,0.03259577602148056,0.05187823250889778,0.01100983377546072,0.08698428422212601,0.046796977519989014,0.04184022173285484,0.030880877748131752,0.08850688487291336,0.07270187884569168,0.049854159355163574,0.009129148907959461,0.05245813727378845
534,0.05695761740207672,0.011012706905603409,0.05540980026125908,0.05485900491476059,0.05175785720348358,0.07314077019691467,0.013784057460725307,0.05570540204644203,0.05002430081367493,0.06681420654058456,0.015053912065923214,0.0638037696480751,0.036413270980119705,0.04974176362156868,0.03171208128333092,0.087652288377285,0.08400237560272217,0.08173459768295288,0.007770005147904158,0.05264326557517052
535,0.0471506230533123,0.03320644050836563,0.04480603337287903,0.032425351440906525,0.06844456493854523,0.041203856468200684,0.011559814214706421,0.0735868290066719,0.03602166473865509,0.08904322981834412,0.01318100281059742,0.05937148258090019,0.05164699628949165,0.028875375166535378,0.02609953284263611,0.05176703631877899,0.13048900663852692,0.08749835193157196,0.015495309606194496,0.0581183098256588
536,0.04962832108139992,0.01134440302848816,0.05636617913842201,0.05472889915108681,0.06637106835842133,0.06496938318014145,0.011778335087001324,0.05507994443178177,0.036614783108234406,0.07520465552806854,0.011058316566050053,0.04680469632148743,0.059126969426870346,0.03462772071361542,0.023548858240246773,0.08960248529911041,0.08199877291917801,0.08818754553794861,0.010142002254724503,0.0728093832731247
537,0.061454370617866516,0.014910641126334667,0.06800029426813126,0.04845414683222771,0.048990968614816666,0.06942925602197647,0.016006028279662132,0.04707648232579231,0.03884045034646988,0.0711127519607544,0.01338953897356987,0.0620136484503746,0.05536492168903351,0.037762925028800964,0.03130704164505005,0.08699999749660492,0.07824283093214035,0.07529891282320023,0.012256992049515247,0.06307973712682724
538,0.05407342314720154,0.016726337373256683,0.03122486174106598,0.02859736979007721,0.0882725790143013,0.08086293935775757,0.00981904100626707,0.08157872408628464,0.02802402712404728,0.10453171283006668,0.014894557185471058,0.0413607582449913,0.04090169072151184,0.02616727538406849,0.023740006610751152,0.06139061227440834,0.06031123176217079,0.11777853220701218,0.016083132475614548,0.07365211844444275
539,0.06612208485603333,0.012127582915127277,0.0717664510011673,0.049512721598148346,0.038004692643880844,0.06483673304319382,0.015141649171710014,0.052720800042152405,0.050769515335559845,0.06433535367250443,0.013896174728870392,0.07031061500310898,0.039737503975629807,0.03825194016098976,0.034094154834747314,0.06350459158420563,0.09876381605863571,0.08704830706119537,0.011409924365580082,0.057635597884655
540,0.0532882958650589,0.02774101309478283,0.032976433634757996,0.03701905906200409,0.0886201411485672,0.06812357902526855,0.01029506791383028,0.07985686510801315,0.03498893976211548,0.10175643116235733,0.012171640060842037,0.04307937249541283,0.039043113589286804,0.028970887884497643,0.027088183909654617,0.06620713323354721,0.06310487538576126,0.10105474293231964,0.019661691039800644,0.06493799388408661
541,0.06009146571159363,0.020314663648605347,0.058136388659477234,0.039285656064748764,0.05217823386192322,0.058672692626714706,0.01328725554049015,0.06200408190488815,0.04494066908955574,0.07320179045200348,0.01148369163274765,0.06844454258680344,0.04601644352078438,0.030833346769213676,0.03171718120574951,0.05819489806890488,0.11763214319944382,0.08092546463012695,0.010057163424789906,0.06257519125938416
542,0.04826829209923744,0.025707196444272995,0.05727192386984825,0.03882649540901184,0.05762256309390068,0.06501810997724533,0.01527306530624628,0.06940996646881104,0.035476986318826675,0.08778948336839676,0.012145728804171085,0.06658738106489182,0.048626504838466644,0.034686483442783356,0.025586139410734177,0.0740751177072525,0.07729016989469528,0.08776773512363434,0.010705739259719849,0.061856646090745926
543,0.0500248447060585,0.029991060495376587,0.03136821091175079,0.03364819288253784,0.07628369331359863,0.04792362079024315,0.009593356400728226,0.07822693884372711,0.045733507722616196,0.09150055050849915,0.01106349192559719,0.04688344895839691,0.036084145307540894,0.03660160303115845,0.027132540941238403,0.05657690763473511,0.11554931104183197,0.09920007735490799,0.015199972316622734,0.06140412390232086
544,0.04376983642578125,0.03747543692588806,0.03655464947223663,0.02791750431060791,0.06555623561143875,0.04074792563915253,0.012612573802471161,0.06945794820785522,0.037155017256736755,0.07210627943277359,0.012333285063505173,0.12617917358875275,0.04199157655239105,0.03001859225332737,0.030520416796207428,0.07752075791358948,0.07553200423717499,0.08050967007875443,0.013528868556022644,0.068504698574543
545,0.059434324502944946,0.03242131322622299,0.02251528948545456,0.021520530804991722,0.09284007549285889,0.04960107430815697,0.013560576364398003,0.0915910080075264,0.024837346747517586,0.10193879902362823,0.017385905608534813,0.03537655994296074,0.0429670512676239,0.02727527916431427,0.02549923211336136,0.055454131215810776,0.0624191090464592,0.11818382143974304,0.018208639696240425,0.08696115016937256
546,0.04062191769480705,0.044828951358795166,0.02365398406982422,0.017110226675868034,0.1295251101255417,0.030007321387529373,0.009736119769513607,0.12480524927377701,0.022325830534100533,0.08821328729391098,0.012792986817657948,0.032909415662288666,0.01733338087797165,0.01809532754123211,0.021037500351667404,0.04671698063611984,0.05191460996866226,0.14420388638973236,0.019170541316270828,0.1049903929233551
547,0.07997617870569229,0.04862769693136215,0.02138829044997692,0.021529776975512505,0.08637291938066483,0.04683884233236313,0.012876017019152641,0.0814996287226677,0.025025200098752975,0.12188473343849182,0.018484191969037056,0.026573646813631058,0.0351184606552124,0.022620612755417824,0.02598368190228939,0.04758944362401962,0.05727256089448929,0.13281157612800598,0.017325034365057945,0.07019515335559845
548,0.031015543267130852,0.06406646966934204,0.022262398153543472,0.02085442654788494,0.10247429460287094,0.023918313905596733,0.008983827196061611,0.11524662375450134,0.032209981232881546,0.09932961314916611,0.012207303196191788,0.05908267945051193,0.018852073699235916,0.021536311134696007,0.022234510630369186,0.04638393223285675,0.06322930753231049,0.11010092496871948,0.02208523266017437,0.10391700267791748
549,0.032065074890851974,0.07713840156793594,0.019768187776207924,0.016422037035226822,0.106455497443676,0.018791155889630318,0.008772378787398338,0.1166970506310463,0.0288464967161417,0.13276952505111694,0.013790564611554146,0.021661657840013504,0.02314230240881443,0.02142508514225483,0.026269089430570602,0.041004784405231476,0.05027703568339348,0.11231014877557755,0.02968287095427513,0.10270094126462936
550,0.030770819634199142,0.05023830011487007,0.05234562233090401,0.014481532387435436,0.09870849549770355,0.021161193028092384,0.009900442324578762,0.13201510906219482,0.022549906745553017,0.1453855186700821,0.017861731350421906,0.01953939162194729,0.019540710374712944,0.020126763731241226,0.021570954471826553,0.04670686647295952,0.053396109491586685,0.14524097740650177,0.013100934214890003,0.06535233557224274
551,0.051156118512153625,0.054617833346128464,0.061076052486896515,0.029549632221460342,0.07069829851388931,0.04619617387652397,0.013543174602091312,0.0630497932434082,0.0339261069893837,0.0996556356549263,0.010539242066442966,0.0513337217271328,0.037150487303733826,0.025776082649827003,0.025124598294496536,0.07639986276626587,0.09042806178331375,0.08137894421815872,0.012588661164045334,0.06580579280853271
552,0.05629103630781174,0.05989481136202812,0.08035614341497421,0.04469126835465431,0.05340912565588951,0.06303001940250397,0.011316925287246704,0.05111334100365639,0.04435039684176445,0.06516607105731964,0.008708488196134567,0.08155449479818344,0.039004676043987274,0.030060341581702232,0.025924677029252052,0.08201843500137329,0.08292417973279953,0.05985110253095627,0.010843479074537754,0.04948188737034798
553,0.045527372509241104,0.05574395880103111,0.06634250283241272,0.04157060384750366,0.039850544184446335,0.17911694943904877,0.010046791285276413,0.02966938354074955,0.02890433371067047,0.04958391562104225,0.008797692134976387,0.08014228940010071,0.04110463336110115,0.0330282561480999,0.023734629154205322,0.0916738361120224,0.08105769753456116,0.04734184592962265,0.009318809024989605,0.037434402853250504
554,0.04818402975797653,0.06154826283454895,0.039935529232025146,0.027050098404288292,0.051611125469207764,0.1577976942062378,0.010412666946649551,0.0504750981926918,0.03562934696674347,0.07515110820531845,0.01054096408188343,0.06497863680124283,0.04111136123538017,0.028786741197109222,0.029795847833156586,0.07211428880691528,0.07054666429758072,0.07057887315750122,0.009860253892838955,0.04388474300503731
555,0.05012069270014763,0.0356229729950428,0.03217006474733353,0.02941434271633625,0.04967143386602402,0.044705040752887726,0.012423131614923477,0.07562758773565292,0.03614560887217522,0.10122436285018921,0.016675839200615883,0.03557673841714859,0.043871525675058365,0.033676061779260635,0.032057907432317734,0.051866546273231506,0.1317836493253708,0.10220655053853989,0.015116376802325249,0.07003556191921234
556,0.041706349700689316,0.06120144948363304,0.03249762952327728,0.025434279814362526,0.07549990713596344,0.04462616145610809,0.012574299238622189,0.08615753054618835,0.02416100911796093,0.12283892184495926,0.014529498293995857,0.04073256626725197,0.04370266571640968,0.02900231070816517,0.022750267758965492,0.05670120194554329,0.06554386764764786,0.0921606719493866,0.01936354860663414,0.08880245685577393
557,0.048321157693862915,0.02728879451751709,0.022952543571591377,0.027626432478427887,0.06809817254543304,0.05370388180017471,0.014829497784376144,0.10284708440303802,0.03943194821476936,0.09667855501174927,0.0143398093059659,0.033774055540561676,0.02353605069220066,0.03330805152654648,0.03127143532037735,0.055168841034173965,0.0771619901061058,0.12205412238836288,0.010273191146552563,0.09732554107904434
558,0.06587333977222443,0.03682820871472359,0.026809118688106537,0.027252595871686935,0.05517801642417908,0.05284921079874039,0.019180133938789368,0.06849704682826996,0.038115520030260086,0.10014219582080841,0.0179285891354084,0.03770685940980911,0.03563328832387924,0.03542199358344078,0.040629804134368896,0.06809009611606598,0.07651442289352417,0.11830494552850723,0.012223887257277966,0.06681415438652039
559,0.04534279927611351,0.033695243299007416,0.026791414245963097,0.020531700924038887,0.0926971435546875,0.04761997610330582,0.011058499105274677,0.10485324263572693,0.026739777997136116,0.1248934268951416,0.01368211954832077,0.042905233800411224,0.03629721701145172,0.024494368582963943,0.02415527030825615,0.06107787415385246,0.06013007089495659,0.11977522820234299,0.01444088015705347,0.06880883127450943
560,0.05858864262700081,0.024093318730592728,0.04452696070075035,0.024811863899230957,0.05720178410410881,0.053631894290447235,0.015870656818151474,0.08112306892871857,0.032873962074518204,0.09072844684123993,0.014784352853894234,0.048196252435445786,0.034522898495197296,0.031070886179804802,0.03198795020580292,0.07694685459136963,0.07781091332435608,0.11272916197776794,0.011283709667623043,0.07720845192670822
561,0.053303807973861694,0.05505569651722908,0.029177913442254066,0.02320696786046028,0.06606178730726242,0.04772420600056648,0.014606892131268978,0.09166330844163895,0.028502602130174637,0.11185167729854584,0.018629299476742744,0.03656476363539696,0.03805055841803551,0.02746354416012764,0.03378582000732422,0.060918647795915604,0.06169840320944786,0.11521007865667343,0.016751600429415703,0.06976378709077835
562,0.04480006918311119,0.05852539464831352,0.04620436951518059,0.024097822606563568,0.07984672486782074,0.044419217854738235,0.012843603268265724,0.08547042310237885,0.029120927676558495,0.09758683294057846,0.011615859344601631,0.0810350701212883,0.03814883902668953,0.02606169506907463,0.02975335530936718,0.06903611123561859,0.0655069351196289,0.07531813532114029,0.015642307698726654,0.06495686620473862
563,0.054391492158174515,0.04701258987188339,0.04170073941349983,0.030546702444553375,0.05156934633851051,0.05501394346356392,0.01767263002693653,0.05961218848824501,0.040916383266448975,0.06777707487344742,0.011363176628947258,0.05493268370628357,0.05477192997932434,0.036094024777412415,0.04125981405377388,0.08526165038347244,0.08452986180782318,0.08287715166807175,0.013671520166099072,0.06901763379573822
564,0.05242235213518143,0.053348831832408905,0.0351453572511673,0.027766166254878044,0.08764215558767319,0.05456264689564705,0.009911241009831429,0.0764453262090683,0.041043467819690704,0.09070587903261185,0.012878109700977802,0.045092906802892685,0.03730597719550133,0.027725808322429657,0.0319296158850193,0.07227478921413422,0.06691645085811615,0.09446870535612106,0.014433864504098892,0.06797341257333755
565,0.04870583489537239,0.056902531534433365,0.03094436787068844,0.02463494800031185,0.07541608810424805,0.04202833026647568,0.011723504401743412,0.0935911163687706,0.032506391406059265,0.1001729816198349,0.014490971341729164,0.043276138603687286,0.03996996209025383,0.027118470519781113,0.03012515977025032,0.0584767647087574,0.06863831728696823,0.11013592034578323,0.02315898984670639,0.06797413527965546
566,0.045248787850141525,0.07176554203033447,0.03229573369026184,0.022131165489554405,0.09882950037717819,0.05858464539051056,0.011484917253255844,0.07927737385034561,0.029068412259221077,0.10699782520532608,0.011196023784577847,0.04413321614265442,0.0440659336745739,0.022618234157562256,0.03128121793270111,0.06439138948917389,0.054440051317214966,0.07591644674539566,0.019389895722270012,0.07687288522720337
567,0.04431852325797081,0.05302931368350983,0.027641253545880318,0.02253040298819542,0.07979954779148102,0.04893491044640541,0.010352450422942638,0.07361606508493423,0.04452412202954292,0.09351848065853119,0.009712278842926025,0.05870230123400688,0.052724648267030716,0.02542397938668728,0.03702313080430031,0.07532237470149994,0.08125240355730057,0.08388395607471466,0.01349235326051712,0.06418978422880173
568,0.03965982049703598,0.0717545673251152,0.019634369760751724,0.01629127748310566,0.10602770745754242,0.040278784930706024,0.009077105671167374,0.10488943010568619,0.0266500823199749,0.1138264536857605,0.012768727727234364,0.06313434988260269,0.030339200049638748,0.020118502900004387,0.024142887443304062,0.047394003719091415,0.05599192529916763,0.10705085843801498,0.02086881920695305,0.07009384036064148
569,0.04967687651515007,0.05617500841617584,0.02035992592573166,0.01859130524098873,0.09412329643964767,0.07163630425930023,0.012648339383304119,0.08902046829462051,0.03456980362534523,0.10602498054504395,0.015491732396185398,0.03959789127111435,0.030826609581708908,0.027330899611115456,0.03104207292199135,0.05477304011583328,0.05303049832582474,0.09982101619243622,0.020086195319890976,0.07516346126794815
570,0.048323653638362885,0.06639248877763748,0.02258399873971939,0.019893784075975418,0.10147049278020859,0.050711292773485184,0.010945314541459084,0.09441889822483063,0.031839217990636826,0.0941978245973587,0.0143643943592906,0.030492890626192093,0.04244088754057884,0.021799322217702866,0.030991487205028534,0.05675536021590233,0.06027998402714729,0.11228489875793457,0.01897047646343708,0.07083471864461899
571,0.03605508431792259,0.13232241570949554,0.011151663959026337,0.010967749170958996,0.11706527322530746,0.037474896758794785,0.008851679973304272,0.12540797889232635,0.019202182069420815,0.11057606339454651,0.014001406729221344,0.018981309607625008,0.020580869168043137,0.015041662380099297,0.020211750641465187,0.02872261218726635,0.04016367346048355,0.1347053200006485,0.0197781790047884,0.07872996479272842
572,0.051535338163375854,0.10196882486343384,0.017903298139572144,0.02335585094988346,0.0854143276810646,0.0351669006049633,0.011002985760569572,0.09642846882343292,0.028957149013876915,0.10510146617889404,0.01539499033242464,0.025988711044192314,0.02907387912273407,0.029660912230610847,0.029391199350357056,0.050597965717315674,0.06539101153612137,0.10528832674026489,0.017929013818502426,0.07443796098232269
573,0.034204766154289246,0.0886952131986618,0.014286666177213192,0.01522122323513031,0.0981270894408226,0.023721616715192795,0.008838891051709652,0.12512704730033875,0.028923634439706802,0.12886840105056763,0.013135120272636414,0.021837374195456505,0.025105392560362816,0.02030249685049057,0.028196068480610847,0.03667724132537842,0.04421013593673706,0.12107901275157928,0.023449987173080444,0.099981889128685
574,0.03987119719386101,0.04591012001037598,0.008713860996067524,0.010521592572331429,0.12400320917367935,0.018914688378572464,0.006125654559582472,0.1614237129688263,0.019501827657222748,0.14829720556735992,0.017265887930989265,0.013539314270019531,0.018539540469646454,0.021971065551042557,0.029512323439121246,0.02607758343219757,0.035702597349882126,0.1468752920627594,0.012207746505737305,0.09501861035823822
575,0.03341825306415558,0.038371048867702484,0.1281544268131256,0.018056683242321014,0.05057903379201889,0.03565080836415291,0.025422319769859314,0.09870914369821548,0.021128909662365913,0.09825438261032104,0.011448260396718979,0.13690391182899475,0.01846010982990265,0.020467428490519524,0.020666848868131638,0.06168470159173012,0.043980225920677185,0.09230726212263107,0.0073388065211474895,0.038988515734672546
576,0.0494418740272522,0.03901449590921402,0.03854221850633621,0.029072904959321022,0.04833029955625534,0.06605638563632965,0.008757020346820354,0.06465022265911102,0.03708704933524132,0.13914887607097626,0.012737675569951534,0.04846256226301193,0.12075604498386383,0.026741396635770798,0.029409348964691162,0.06489939242601395,0.0628059059381485,0.06312606483697891,0.00911642424762249,0.04183704033493996
577,0.06903236359357834,0.0332428440451622,0.059842780232429504,0.07262792438268661,0.041211389005184174,0.021817881613969803,0.010898216627538204,0.059111837297677994,0.08426618576049805,0.07319778203964233,0.007367382757365704,0.06906740367412567,0.006235932931303978,0.03908464312553406,0.04580987989902496,0.07763691991567612,0.0813741683959961,0.10274028778076172,0.006206094287335873,0.039216455072164536
578,0.036983780562877655,0.023172495886683464,0.029913021251559258,0.018104469403624535,0.03358926251530647,0.06704594194889069,0.01497567631304264,0.0397317036986351,0.04568866640329361,0.06389017403125763,0.008594347164034843,0.06950689852237701,0.034770574420690536,0.0254232008010149,0.03747960180044174,0.10874881595373154,0.2568438649177551,0.04210696369409561,0.008034814149141312,0.035388536751270294
579,0.023807857185602188,0.03154439106583595,0.03665587678551674,0.01742398925125599,0.0356893464922905,0.39945748448371887,0.015257876366376877,0.012635131366550922,0.053061679005622864,0.0650683119893074,0.006835668347775936,0.11493504792451859,0.013997329398989677,0.0303692314773798,0.03202962502837181,0.04195939004421234,0.022559449076652527,0.016388636082410812,0.006885012146085501,0.02343367040157318
580,0.07721560448408127,0.013355875387787819,0.06816962361335754,0.100936658680439,0.017710309475660324,0.06983717530965805,0.017194336280226707,0.015134196728467941,0.08400021493434906,0.03204821050167084,0.007196755148470402,0.0742328017950058,0.04939310625195503,0.08517052978277206,0.06174584478139877,0.0958988219499588,0.08156687021255493,0.025441791862249374,0.0037221545353531837,0.020022014155983925
581,0.038604240864515305,0.037294939160346985,0.03168518468737602,0.02889915369451046,0.06320862472057343,0.03342701494693756,0.010798108763992786,0.10492568463087082,0.03339269012212753,0.13359513878822327,0.015192383900284767,0.03892498090863228,0.05775674805045128,0.02794628217816353,0.02759760431945324,0.047936953604221344,0.06678471714258194,0.11271043121814728,0.022812029346823692,0.06649650633335114
582,0.03857138380408287,0.0542074516415596,0.016765804961323738,0.01858772337436676,0.05373010411858559,0.030977798625826836,0.021779567003250122,0.0931776836514473,0.06778969615697861,0.10531267523765564,0.012495717033743858,0.026258209720253944,0.022479696199297905,0.030943581834435463,0.059309642761945724,0.06129364296793938,0.08930063992738724,0.11787792295217514,0.009538901969790459,0.06959561258554459
583,0.07044211030006409,0.008208650164306164,0.060788415372371674,0.0426696352660656,0.027909917756915092,0.11986328661441803,0.019876686856150627,0.01537168025970459,0.049128208309412,0.03515816107392311,0.00757145369425416,0.07148950546979904,0.11542876809835434,0.047288961708545685,0.04430128633975983,0.10273058712482452,0.07459422200918198,0.031065117567777634,0.010781308636069298,0.04532657563686371
584,0.05964737758040428,0.020087383687496185,0.030992664396762848,0.02641132101416588,0.0724293440580368,0.07259050011634827,0.012147866189479828,0.07131841778755188,0.03998422622680664,0.09213186800479889,0.013128737919032574,0.04866400361061096,0.04824072867631912,0.033153120428323746,0.0335603691637516,0.08084999769926071,0.07268912345170975,0.09406691044569016,0.0163943562656641,0.06150318682193756
585,0.0649961456656456,0.009251764975488186,0.04402666538953781,0.03743227571249008,0.04672320559620857,0.05224837362766266,0.02187950722873211,0.049377359449863434,0.05910602584481239,0.07082036137580872,0.011776447296142578,0.06117251515388489,0.055423226207494736,0.04946792125701904,0.04272960498929024,0.09382282197475433,0.07964146882295609,0.07359715551137924,0.009749007411301136,0.06675215065479279
586,0.056792523711919785,0.008330296725034714,0.06232917681336403,0.03813137486577034,0.051926106214523315,0.08887485414743423,0.020056897774338722,0.03556627035140991,0.05036848038434982,0.05821117386221886,0.011433624662458897,0.06542112678289413,0.05651967227458954,0.04208547621965408,0.03677433356642723,0.09445397555828094,0.08274804055690765,0.06370715796947479,0.011361703276634216,0.0649021714925766
587,0.05548065900802612,0.02211897447705269,0.04840310662984848,0.03412316367030144,0.057334814220666885,0.06284284591674805,0.015274361707270145,0.06765291839838028,0.038891009986400604,0.09264633804559708,0.011682354845106602,0.05841148644685745,0.03587307780981064,0.03536634147167206,0.03343420475721359,0.08747264742851257,0.08163972944021225,0.09486779570579529,0.008669402450323105,0.057807087898254395
588,0.05999996140599251,0.008780183270573616,0.033652450889348984,0.02770155295729637,0.0726938247680664,0.05492257699370384,0.018121302127838135,0.060867637395858765,0.03289391100406647,0.09284102916717529,0.014881553128361702,0.04289200156927109,0.05549102649092674,0.032932039350271225,0.0332685150206089,0.08436314761638641,0.07252923399209976,0.09217201918363571,0.012782885693013668,0.09620681405067444
589,0.05786247178912163,0.025106048211455345,0.04546437785029411,0.03181508183479309,0.07170528918504715,0.0583556666970253,0.013708522543311119,0.06737900525331497,0.03516603261232376,0.08364886045455933,0.010837760753929615,0.058107536286115646,0.05041725933551788,0.03007631003856659,0.03320052847266197,0.08849090337753296,0.07247153669595718,0.0891876220703125,0.013264039531350136,0.06372532993555069
590,0.06840039044618607,0.014769171364605427,0.05419757962226868,0.042646635323762894,0.042268067598342896,0.07865507900714874,0.0176901463419199,0.03468994423747063,0.04758525267243385,0.05240034684538841,0.010400692000985146,0.06421785801649094,0.06440194696187973,0.04227910563349724,0.0389789380133152,0.10766257345676422,0.08545057475566864,0.057155072689056396,0.013914214447140694,0.062228839844465256
591,0.063942551612854,0.010088318958878517,0.05384768918156624,0.034612055867910385,0.03830608353018761,0.0958513393998146,0.01526250597089529,0.03386486694216728,0.047279197722673416,0.052456341683864594,0.01159428246319294,0.14108775556087494,0.057876184582710266,0.0355544313788414,0.04213028401136398,0.09442407637834549,0.07170413434505463,0.05162077024579048,0.007199273910373449,0.04128951206803322
592,0.06516765803098679,0.034366145730018616,0.017434528097510338,0.013901757076382637,0.11104653775691986,0.04535038769245148,0.012187659740447998,0.09600284695625305,0.025709493085741997,0.10245845466852188,0.018565742298960686,0.02879406325519085,0.022464442998170853,0.020413167774677277,0.02832217328250408,0.0521731935441494,0.05256834998726845,0.13056659698486328,0.02523527666926384,0.09726531058549881
593,0.11436369270086288,0.019818004220724106,0.020838486030697823,0.023234792053699493,0.057900186628103256,0.07674092054367065,0.022855747491121292,0.03744794800877571,0.04273446276783943,0.07438331842422485,0.016744185239076614,0.033892370760440826,0.05280810967087746,0.040308818221092224,0.04994482174515724,0.08229765295982361,0.07729235291481018,0.07705040276050568,0.014688660390675068,0.06464939564466476
594,0.043166033923625946,0.021068159490823746,0.010287348181009293,0.011570918373763561,0.1302051693201065,0.026558445766568184,0.010597439482808113,0.10772908478975296,0.020410792902112007,0.14480328559875488,0.016315508633852005,0.016308030113577843,0.020298881456255913,0.01814609207212925,0.02695104293525219,0.03911963477730751,0.04940138757228851,0.13422107696533203,0.039634834975004196,0.1132013276219368
595,0.046374473720788956,0.039483390748500824,0.011611681431531906,0.012790694832801819,0.1179448589682579,0.02778945304453373,0.011760924942791462,0.10097051411867142,0.026787670329213142,0.12838676571846008,0.013653650879859924,0.022876134142279625,0.034136027097702026,0.022119786590337753,0.031239859759807587,0.05065456032752991,0.05518708750605583,0.10629190504550934,0.037780165672302246,0.10215271264314651
596,0.05970178171992302,0.027251454070210457,0.020999090746045113,0.018247652798891068,0.0681888684630394,0.04240467771887779,0.017856275662779808,0.08159607648849487,0.043934695422649384,0.10741163045167923,0.012547905556857586,0.04253333434462547,0.046282727271318436,0.03757498413324356,0.04415949806571007,0.06031513586640358,0.07134070992469788,0.10676403343677521,0.011844123713672161,0.07903890311717987
597,0.05433877184987068,0.02057395689189434,0.048771217465400696,0.025921087712049484,0.049727100878953934,0.050742533057928085,0.018262527883052826,0.039419081062078476,0.055199265480041504,0.06772582978010178,0.009736473672091961,0.11708381026983261,0.056277450174093246,0.03541155532002449,0.052587129175662994,0.0858258381485939,0.08457013219594955,0.06343182176351547,0.008397861383855343,0.055992040783166885
598,0.06224500760436058,0.0306103453040123,0.02772553078830242,0.026413587853312492,0.06071155518293381,0.04590810835361481,0.01505289040505886,0.06829530000686646,0.04980712756514549,0.0954495221376419,0.010752099566161633,0.05182400345802307,0.060394518077373505,0.03509289771318436,0.04037763178348541,0.0816015899181366,0.0817052572965622,0.08445549011230469,0.013197454623878002,0.05837280675768852
599,0.05747073516249657,0.05729201063513756,0.02271879091858864,0.020921191200613976,0.08982083201408386,0.050155580043792725,0.011199998669326305,0.06199514493346214,0.05029597505927086,0.08840090781450272,0.013566494919359684,0.023046663030982018,0.028895964846014977,0.03366197273135185,0.03754469379782677,0.08884429931640625,0.08833181113004684,0.09133744239807129,0.013544379733502865,0.07094554603099823
600,0.048892535269260406,0.08641306310892105,0.03642040491104126,0.023482386022806168,0.06688034534454346,0.04175736755132675,0.012219241820275784,0.0772664025425911,0.03639349713921547,0.09488184005022049,0.011017033830285072,0.05321066826581955,0.05086944252252579,0.028419548645615578,0.02784649282693863,0.06956824660301208,0.07033371925354004,0.09445127844810486,0.013366361148655415,0.05630217120051384
601,0.07100778073072433,0.10157687216997147,0.02670465037226677,0.02507305145263672,0.05159764736890793,0.05799027159810066,0.012097767554223537,0.0719873234629631,0.0357784628868103,0.06996690481901169,0.008451618254184723,0.052148617804050446,0.029002554714679718,0.030899375677108765,0.028830265626311302,0.10272236913442612,0.07691757380962372,0.08597881346940994,0.007128400262445211,0.05412669479846954
602,0.05562474578619003,0.04449044540524483,0.03465253859758377,0.029914245009422302,0.039930447936058044,0.0488617978990078,0.009756388142704964,0.04302109405398369,0.04501355066895485,0.056158266961574554,0.005702199414372444,0.05899062007665634,0.04997115954756737,0.03418487682938576,0.02867908589541912,0.11161819100379944,0.1980898380279541,0.05930200591683388,0.008119232021272182,0.03790998086333275
603,0.06765224039554596,0.047605689615011215,0.05535995587706566,0.03962356597185135,0.03949054330587387,0.07759258896112442,0.024173306301236153,0.040394701063632965,0.051562074571847916,0.06308522075414658,0.009488740935921669,0.0688062310218811,0.01892698183655739,0.04573725908994675,0.04309431090950966,0.1006883978843689,0.07618511468172073,0.06894715130329132,0.0071679167449474335,0.05440814048051834
604,0.06703823804855347,0.027098767459392548,0.046186573803424835,0.03365522623062134,0.03665870800614357,0.11610950529575348,0.016706915572285652,0.041052136570215225,0.04192211106419563,0.05544092133641243,0.009725205600261688,0.07061554491519928,0.09353642910718918,0.03790292143821716,0.03993072733283043,0.08478157967329025,0.069740891456604,0.06060044467449188,0.007067974656820297,0.04422258213162422
605,0.05058290809392929,0.03036167286336422,0.02576606720685959,0.02643415704369545,0.08208907395601273,0.056925754994153976,0.017428550869226456,0.07248768210411072,0.033550165593624115,0.08427470922470093,0.01652001030743122,0.041210707277059555,0.05013233423233032,0.030598198994994164,0.03659423068165779,0.043383561074733734,0.09051410108804703,0.09789320081472397,0.017370039597153664,0.09587622433900833
606,0.0752771720290184,0.025035278871655464,0.03225464001297951,0.03611767664551735,0.04999242722988129,0.07827305048704147,0.021701928228139877,0.03698445484042168,0.05175721272826195,0.06480536609888077,0.014578618109226227,0.046625375747680664,0.07227647304534912,0.046904709190130234,0.05964586138725281,0.08322104066610336,0.06861007958650589,0.0706944391131401,0.010172168724238873,0.05506546050310135
607,0.04855430871248245,0.06081964448094368,0.015363895334303379,0.01797814480960369,0.072875015437603,0.04549737274646759,0.019429601728916168,0.06184447556734085,0.03945235535502434,0.09056641906499863,0.01642662100493908,0.02620891109108925,0.0317276231944561,0.029372800141572952,0.05057888105511665,0.0508718304336071,0.07520925253629684,0.11331947147846222,0.01942484639585018,0.11447043716907501
608,0.06136680021882057,0.07005497813224792,0.021196190267801285,0.02285841293632984,0.07279948145151138,0.04478918015956879,0.015394470654428005,0.060168806463479996,0.03807797282934189,0.10098599642515182,0.016465451568365097,0.03519582375884056,0.042839836329221725,0.03267734870314598,0.0417192168533802,0.07092723250389099,0.07304812967777252,0.0971645638346672,0.015781959518790245,0.06648033857345581
609,0.06094576045870781,0.12370092421770096,0.017226746305823326,0.018764836713671684,0.04534197598695755,0.05927978828549385,0.02125134877860546,0.03437689691781998,0.04545777291059494,0.06580527871847153,0.01061999425292015,0.034940071403980255,0.10207481682300568,0.03579515218734741,0.05108511820435524,0.06826874613761902,0.06344377994537354,0.06656774133443832,0.01779944822192192,0.05724818632006645
610,0.05618724599480629,0.017503418028354645,0.07809224724769592,0.03771202266216278,0.018590010702610016,0.06806091219186783,0.02043144777417183,0.013173910789191723,0.08579500764608383,0.02719864994287491,0.005860412027686834,0.10339020192623138,0.09654434770345688,0.04997357726097107,0.08197523653507233,0.10151638090610504,0.07808870077133179,0.029735784977674484,0.0034377709962427616,0.02672681212425232
611,0.045432496815919876,0.019852671772241592,0.03555632755160332,0.023162640631198883,0.05361361801624298,0.05003364011645317,0.018120568245649338,0.05905689299106598,0.06126135215163231,0.08553605526685715,0.01726672798395157,0.07599441707134247,0.056441325694322586,0.036307405680418015,0.0592813566327095,0.0679778903722763,0.07897491008043289,0.08289329707622528,0.013977188616991043,0.0592522956430912
612,0.07065096497535706,0.009311553090810776,0.03854764625430107,0.04294084385037422,0.05165155977010727,0.05720869079232216,0.01134133618324995,0.05745093896985054,0.0564669594168663,0.07543101906776428,0.011889735236763954,0.05714833363890648,0.04216580092906952,0.04644230008125305,0.03533767908811569,0.09592843055725098,0.08750326186418533,0.09164295345544815,0.008751749992370605,0.05217783898115158
613,0.0420624278485775,0.006306373979896307,0.0802575871348381,0.04012659564614296,0.0215038750320673,0.06049979105591774,0.011620386503636837,0.02109292894601822,0.05007890611886978,0.03611201420426369,0.006353700999170542,0.28933361172676086,0.0538073368370533,0.03468013182282448,0.02719850465655327,0.08706492185592651,0.06740367412567139,0.0328165739774704,0.005078999791294336,0.026594040915369987
614,0.06317274272441864,0.011926529929041862,0.02541978284716606,0.02594195492565632,0.061447978019714355,0.14325347542762756,0.012898187153041363,0.0742863267660141,0.04174495488405228,0.07099255919456482,0.010795477777719498,0.06186987832188606,0.010631521232426167,0.03532792255282402,0.03473766893148422,0.08162587136030197,0.06547388434410095,0.10473933070898056,0.006658708676695824,0.05704789608716965
615,0.042775705456733704,0.0054217553697526455,0.038929443806409836,0.03432440757751465,0.02780984900891781,0.045388348400592804,0.010456074960529804,0.03239605575799942,0.05636558309197426,0.04110242426395416,0.006513139232993126,0.050749681890010834,0.043673187494277954,0.03790603205561638,0.030045421794056892,0.1661931425333023,0.235894113779068,0.05758307874202728,0.004719994030892849,0.031747132539749146
616,0.09106895327568054,0.008642354048788548,0.0553557313978672,0.04262487590312958,0.043105997145175934,0.08095923811197281,0.015909437090158463,0.038247864693403244,0.04603824391961098,0.07843876630067825,0.011005486361682415,0.06432320177555084,0.04549407586455345,0.039983488619327545,0.04027434065937996,0.10226142406463623,0.07245518267154694,0.0637335553765297,0.012841749005019665,0.04722769185900688
617,0.06762954592704773,0.01495793554931879,0.03231906518340111,0.03509361296892166,0.041110944002866745,0.0504022091627121,0.01689484715461731,0.06798866391181946,0.06810595840215683,0.07231200486421585,0.013080380856990814,0.06236622855067253,0.0524166002869606,0.044767457991838455,0.038894638419151306,0.07202150672674179,0.10686828196048737,0.08402913063764572,0.006269288714975119,0.05246460437774658
618,0.07322818040847778,0.012628229334950447,0.05393647402524948,0.04768627509474754,0.029646189883351326,0.06854550540447235,0.017755134031176567,0.02433999441564083,0.07440108805894852,0.040846724063158035,0.00850039254873991,0.06760197877883911,0.11944720149040222,0.04903813824057579,0.049538157880306244,0.10442006587982178,0.07926030457019806,0.04408058151602745,0.00492596672847867,0.03016597591340542
619,0.06262656301259995,0.0234848465770483,0.03128860145807266,0.031970664858818054,0.07566395401954651,0.04546986520290375,0.013381699100136757,0.07250341027975082,0.043163612484931946,0.09245900064706802,0.01210072636604309,0.03719451278448105,0.04673756659030914,0.03572441264986992,0.035409677773714066,0.0674489215016365,0.07591691613197327,0.12496715039014816,0.010574840009212494,0.061907846480607986
620,0.058688558638095856,0.022576091811060905,0.036828476935625076,0.045279331505298615,0.05038587749004364,0.043890561908483505,0.016685768961906433,0.05230022594332695,0.05412966385483742,0.07631368935108185,0.012283863499760628,0.05092734470963478,0.05225864797830582,0.04469909891486168,0.045352354645729065,0.0805809423327446,0.10660463571548462,0.08383378386497498,0.011398861184716225,0.05497567355632782
621,0.0436098612844944,0.035838209092617035,0.02105000428855419,0.021389305591583252,0.08939149230718613,0.03644170984625816,0.01321491226553917,0.10229192674160004,0.02810991369187832,0.129421204328537,0.013824527151882648,0.027159838005900383,0.03649638220667839,0.027350539341568947,0.03094799630343914,0.05258858948945999,0.06364592909812927,0.13141657412052155,0.01567656174302101,0.08012770861387253
622,0.055799417197704315,0.025761529803276062,0.034486450254917145,0.03024503029882908,0.03612421825528145,0.04801710695028305,0.015108234249055386,0.039393045008182526,0.05448557063937187,0.058786872774362564,0.007536417804658413,0.05377765744924545,0.12373676151037216,0.037757713347673416,0.05229300260543823,0.10211688280105591,0.10575103759765625,0.06461327522993088,0.007156902924180031,0.04704693704843521
623,0.056683290749788284,0.024815740063786507,0.03671784698963165,0.03186709061264992,0.05228615179657936,0.06945114582777023,0.01848509907722473,0.0485159195959568,0.049636904150247574,0.08099070936441422,0.01106567308306694,0.05083965137600899,0.07509642839431763,0.04145204648375511,0.05016016215085983,0.08370495587587357,0.08137939125299454,0.07224112004041672,0.010334599763154984,0.05426998436450958
624,0.056241877377033234,0.02146054618060589,0.06545025110244751,0.04648861289024353,0.02844277210533619,0.07458700984716415,0.016617458313703537,0.03322109952569008,0.04723174497485161,0.05128919333219528,0.008106947876513004,0.06732794642448425,0.0953836441040039,0.04546795412898064,0.0355011485517025,0.10532385110855103,0.09437474608421326,0.06338996440172195,0.005031449254602194,0.039055272936820984
625,0.05056105926632881,0.034199610352516174,0.05114401876926422,0.03552748262882233,0.041131991893053055,0.0760662704706192,0.01683400198817253,0.049811504781246185,0.05236490070819855,0.07451235502958298,0.009698458015918732,0.052686743438243866,0.06969060003757477,0.04068365693092346,0.03700845688581467,0.09070097655057907,0.08758102357387543,0.0718587264418602,0.008392632938921452,0.04953717067837715
626,0.05144773796200752,0.05248764529824257,0.03471876680850983,0.030841343104839325,0.0510595478117466,0.045977167785167694,0.011618350632488728,0.06281617283821106,0.048578809946775436,0.08116548508405685,0.009779169224202633,0.056774336844682693,0.06805314123630524,0.03833279758691788,0.03339841961860657,0.09145430475473404,0.10400275886058807,0.07209628075361252,0.009660372510552406,0.04572795331478119
627,0.05195854976773262,0.046482596546411514,0.058465778827667236,0.030068546533584595,0.041348185390233994,0.048971038311719894,0.018853047862648964,0.05496402457356453,0.04789447784423828,0.09078752249479294,0.010863027535378933,0.0577240064740181,0.08687474578619003,0.04154545068740845,0.031097648665308952,0.08123387396335602,0.07891585677862167,0.0720263123512268,0.006707812659442425,0.04320921748876572
628,0.05752475932240486,0.026459570974111557,0.06109834834933281,0.04507512226700783,0.030380334705114365,0.11815031617879868,0.02087213471531868,0.023740267381072044,0.06504785269498825,0.04392193257808685,0.008647087030112743,0.08135928958654404,0.05567716062068939,0.05351535230875015,0.04691586643457413,0.09145776182413101,0.07957639545202255,0.04574542120099068,0.006541637238115072,0.0382855162024498
629,0.05544643849134445,0.021636072546243668,0.061305224895477295,0.04951129108667374,0.04562972113490105,0.09641154110431671,0.015512723475694656,0.050288163125514984,0.038328345865011215,0.07204518467187881,0.010964268818497658,0.06172875687479973,0.04495100677013397,0.042225755751132965,0.033637236803770065,0.08919167518615723,0.07937370240688324,0.0765453353524208,0.009202270768582821,0.046055663377046585
630,0.062031421810388565,0.052478160709142685,0.03569711744785309,0.029578430578112602,0.060106854885816574,0.08932169526815414,0.018915444612503052,0.05765797197818756,0.029708830639719963,0.0811149850487709,0.012784851714968681,0.04115621745586395,0.03678833320736885,0.037577152252197266,0.028680434450507164,0.06797318160533905,0.0848107859492302,0.10184624791145325,0.010181412100791931,0.061582859605550766
631,0.06610412150621414,0.039576753973960876,0.034306492656469345,0.0325489267706871,0.049329981207847595,0.05933491140604019,0.018943961709737778,0.0468936525285244,0.05407446250319481,0.06969569623470306,0.015028043650090694,0.05625413730740547,0.04319235682487488,0.0401611328125,0.04585311561822891,0.086636483669281,0.10597973316907883,0.07633914053440094,0.010776124894618988,0.04896046221256256
632,0.051359884440898895,0.03858650475740433,0.027092931792140007,0.025271184742450714,0.06004729121923447,0.044595133513212204,0.013614840805530548,0.07139594107866287,0.03077663481235504,0.08693282306194305,0.016429152339696884,0.13055934011936188,0.024552522227168083,0.0296831876039505,0.03101852722465992,0.06499513238668442,0.07244357466697693,0.10618906468153,0.01537049189209938,0.0590788833796978
633,0.040385738015174866,0.037961430847644806,0.0424371138215065,0.02305055968463421,0.04870787635445595,0.02902095764875412,0.010368932038545609,0.04897709935903549,0.02432442456483841,0.07458887249231339,0.008698971010744572,0.267753928899765,0.024536259472370148,0.02028350532054901,0.01856113225221634,0.07757806032896042,0.08267349004745483,0.06306283175945282,0.013144674710929394,0.04388013109564781
634,0.05604366213083267,0.014016358181834221,0.05725344642996788,0.0508393868803978,0.036005664616823196,0.052284229546785355,0.020772496238350868,0.030578600242733955,0.0851961076259613,0.05529448390007019,0.008143093436956406,0.06837145239114761,0.05553799867630005,0.0694732740521431,0.06111311912536621,0.09308644384145737,0.08250457048416138,0.05612565949559212,0.0075986022129654884,0.039753809571266174
635,0.031124938279390335,0.013101254589855671,0.07113151252269745,0.022345514968037605,0.02395743876695633,0.027699528262019157,0.00960343424230814,0.025844527408480644,0.03028925694525242,0.03756173700094223,0.004861083813011646,0.46817275881767273,0.02587183751165867,0.021146560087800026,0.021516304463148117,0.05405531823635101,0.042662445455789566,0.04181881994009018,0.003741747234016657,0.023489469662308693
636,0.0685407891869545,0.010940858162939548,0.07008463144302368,0.05683990567922592,0.02734614908695221,0.08207277208566666,0.014334217645227909,0.030948637053370476,0.061606843024492264,0.04402287304401398,0.005591660737991333,0.07045093923807144,0.06588428467512131,0.041667062789201736,0.03223663195967674,0.11299389600753784,0.1100144237279892,0.05545834079384804,0.005794677883386612,0.03316352143883705
637,0.05385623872280121,0.010262511670589447,0.06532514840364456,0.05939914286136627,0.03360912948846817,0.09192988276481628,0.014240503311157227,0.032044343650341034,0.07010018825531006,0.05088678374886513,0.008144661784172058,0.0840519443154335,0.03586800396442413,0.048061519861221313,0.04589338228106499,0.10156171768903732,0.09986098855733871,0.05084044486284256,0.006404656916856766,0.037650298327207565
638,0.06380998343229294,0.016154032200574875,0.03236269950866699,0.03274868428707123,0.038445085287094116,0.1488066166639328,0.022362161427736282,0.03503146767616272,0.06250090152025223,0.05606997013092041,0.010884500108659267,0.05367960035800934,0.036328770220279694,0.03930366784334183,0.053492672741413116,0.08355540037155151,0.09812723100185394,0.06739205121994019,0.006335327867418528,0.0426018089056015
639,0.04736732691526413,0.025477994233369827,0.02117595449090004,0.02657126635313034,0.05175916105508804,0.06019049137830734,0.013950859196484089,0.08813054114580154,0.045631904155015945,0.08980326354503632,0.013607253320515156,0.03222993016242981,0.02501116506755352,0.0365278385579586,0.038163237273693085,0.07476209849119186,0.10674133151769638,0.12352152913808823,0.014131828211247921,0.06523370742797852
640,0.029604297131299973,0.026825090870261192,0.008895155973732471,0.012221792712807655,0.06708772480487823,0.017179051414132118,0.008581859059631824,0.0848117396235466,0.020557314157485962,0.08618781715631485,0.009216316975653172,0.06412357091903687,0.015633026137948036,0.016827112063765526,0.018481025472283363,0.08685683459043503,0.23551608622074127,0.09413983672857285,0.01808813400566578,0.0791555643081665
641,0.07724956423044205,0.03391563519835472,0.02291940338909626,0.03489580750465393,0.053483933210372925,0.04033701494336128,0.017437521368265152,0.06405563652515411,0.044225774705410004,0.09430789202451706,0.016445424407720566,0.025859208777546883,0.0189497172832489,0.0416664220392704,0.044845737516880035,0.06810522824525833,0.09172729402780533,0.1250653713941574,0.012763166800141335,0.07173929363489151
642,0.06333700567483902,0.02210109867155552,0.04002367705106735,0.02836744301021099,0.051134586334228516,0.04928625375032425,0.01644100248813629,0.05817389488220215,0.031474191695451736,0.08440248668193817,0.013834544457495213,0.04698954522609711,0.05116624757647514,0.03332490473985672,0.03605136275291443,0.08083008229732513,0.1255556344985962,0.09246095269918442,0.016123970970511436,0.05891566723585129
643,0.06887204200029373,0.017421409487724304,0.05034758523106575,0.05822765454649925,0.032955896109342575,0.04777465760707855,0.0148676298558712,0.033622484654188156,0.06099170446395874,0.04201493784785271,0.00811608973890543,0.05248823016881943,0.09331156313419342,0.04637386277318001,0.040293674916028976,0.1326538324356079,0.09805797785520554,0.059928048402071,0.006990102585405111,0.03468362241983414
644,0.0554211400449276,0.008579649031162262,0.1340838074684143,0.06286075711250305,0.03438757359981537,0.06578174978494644,0.01786045916378498,0.02851651795208454,0.04133627936244011,0.040692541748285294,0.007992926053702831,0.09953303635120392,0.054957315325737,0.04315942898392677,0.0289788655936718,0.10957136750221252,0.08431185036897659,0.04012023285031319,0.00536837475374341,0.03648129105567932
645,0.05436956137418747,0.00789041817188263,0.08456787467002869,0.04802599921822548,0.0321345180273056,0.10882024466991425,0.01606481708586216,0.035709623247385025,0.04008619114756584,0.05332177132368088,0.011769775301218033,0.08665062487125397,0.07061610370874405,0.03763005509972572,0.031820040196180344,0.09535730630159378,0.08450791239738464,0.06366543471813202,0.005218136124312878,0.031768012791872025
646,0.049808867275714874,0.0642755925655365,0.04046715050935745,0.03893106430768967,0.05206896737217903,0.040527261793613434,0.020530933514237404,0.05914876237511635,0.05305347219109535,0.08149278163909912,0.011673040688037872,0.04385441914200783,0.027599265798926353,0.04854189604520798,0.042081620544195175,0.06371521949768066,0.08812218904495239,0.10365305095911026,0.00836712121963501,0.06207793578505516
647,0.050337810069322586,0.010784427635371685,0.03116959147155285,0.03290041908621788,0.0756390318274498,0.04338941350579262,0.013246728107333183,0.08187666535377502,0.03965779021382332,0.11276097595691681,0.012126740999519825,0.03383278474211693,0.05887887626886368,0.033348049968481064,0.0344749316573143,0.06618651002645493,0.06788615882396698,0.12096267938613892,0.01628956012427807,0.06424260884523392
648,0.06032593175768852,0.04294944554567337,0.03872288018465042,0.028859810903668404,0.062048763036727905,0.0390193946659565,0.014597762376070023,0.0865326076745987,0.0345151461660862,0.08771315962076187,0.011191553436219692,0.05061429366469383,0.05379649996757507,0.029573943465948105,0.03262273222208023,0.07267368584871292,0.06626738607883453,0.11872109025716782,0.010181496851146221,0.059062112122774124
649,0.0766032338142395,0.01614636369049549,0.04113136976957321,0.04058444872498512,0.030204767361283302,0.08133378624916077,0.018418138846755028,0.025124484673142433,0.0649297907948494,0.04354722797870636,0.0071446760557591915,0.05708731710910797,0.10580902546644211,0.047900401055812836,0.052651699632406235,0.10448454320430756,0.09134281426668167,0.050678569823503494,0.007028583902865648,0.03784249722957611
650,0.06564772874116898,0.029158517718315125,0.033218126744031906,0.032674241811037064,0.06236438453197479,0.08462142944335938,0.015977144241333008,0.05016829073429108,0.045915279537439346,0.06689552217721939,0.012968160212039948,0.04890814051032066,0.04670114070177078,0.03568679094314575,0.043377526104450226,0.07930014282464981,0.07907189428806305,0.08541741222143173,0.011321441270411015,0.0705987736582756
651,0.06347018480300903,0.022387737408280373,0.0440615713596344,0.038314346224069595,0.03990931063890457,0.07525982707738876,0.019188985228538513,0.03765033558011055,0.07578318566083908,0.0479794479906559,0.010829104110598564,0.052770841866731644,0.06436432152986526,0.04830922558903694,0.057527005672454834,0.09033259004354477,0.08896348625421524,0.07661829888820648,0.0064780935645103455,0.039792973548173904
652,0.05358998849987984,0.06338705122470856,0.026610994711518288,0.023575572296977043,0.060961056500673294,0.05594417080283165,0.01363656111061573,0.0751030445098877,0.05158572643995285,0.09265947341918945,0.01167163997888565,0.04793759435415268,0.07433702796697617,0.028327278792858124,0.04085081070661545,0.06431906670331955,0.06705040484666824,0.08499183505773544,0.011170788668096066,0.05228100344538689
653,0.05669211596250534,0.05828263238072395,0.02483511157333851,0.02271139621734619,0.07760600000619888,0.0525442399084568,0.015245934017002583,0.05871042609214783,0.04985108599066734,0.09320897608995438,0.009401393122971058,0.042470138520002365,0.038962237536907196,0.031664635986089706,0.046579502522945404,0.07882697880268097,0.07674587517976761,0.09201888740062714,0.011431386694312096,0.06220372021198273
654,0.04956500232219696,0.08240189403295517,0.06359143555164337,0.05066627264022827,0.028142165392637253,0.08217431604862213,0.013908008113503456,0.03151708468794823,0.049459997564554214,0.047621600329875946,0.008656463585793972,0.08706635981798172,0.07636871188879013,0.039948638528585434,0.03826983645558357,0.08039415627717972,0.07842379808425903,0.05272592231631279,0.006118454039096832,0.03297555819153786
655,0.0892157107591629,0.01924329623579979,0.04131713882088661,0.03789445012807846,0.024673445150256157,0.13064327836036682,0.013657612726092339,0.03952765092253685,0.04897475242614746,0.039141763001680374,0.008397506549954414,0.059146132320165634,0.030960850417613983,0.03964242339134216,0.035331275314092636,0.13550789654254913,0.0976194217801094,0.07391127198934555,0.0031686683651059866,0.03202008828520775
656,0.02819318138062954,0.007893390953540802,0.032228391617536545,0.03156036138534546,0.01816854253411293,0.04573214426636696,0.006717126816511154,0.029065607115626335,0.04333031550049782,0.032484639436006546,0.005354783963412046,0.03877398371696472,0.035519298166036606,0.028594091534614563,0.0212358757853508,0.13015443086624146,0.3993678092956543,0.04504392296075821,0.0028282857965677977,0.017747260630130768
657,0.08437646925449371,0.014342264272272587,0.04036576673388481,0.04293172061443329,0.055526234209537506,0.06830503046512604,0.0165212731808424,0.07620025426149368,0.05339128151535988,0.08398222178220749,0.013674747198820114,0.043445248156785965,0.0347403883934021,0.04241558536887169,0.035807035863399506,0.06414898484945297,0.06280406564474106,0.11447591334581375,0.00841443706303835,0.0441230870783329
658,0.05739643797278404,0.004677517805248499,0.03914147615432739,0.0315946526825428,0.03916735574603081,0.050536882132291794,0.016216859221458435,0.052879367023706436,0.06324700266122818,0.058501120656728745,0.010548941791057587,0.05446777120232582,0.09455028921365738,0.043054819107055664,0.036094918847084045,0.10860321670770645,0.10679846256971359,0.08186087012290955,0.005090880207717419,0.04556385427713394
659,0.046412307769060135,0.024791531264781952,0.02122294344007969,0.022836320102214813,0.11049425601959229,0.04965926706790924,0.012148883193731308,0.10518219321966171,0.025951562449336052,0.09789104014635086,0.015755383297801018,0.03009229525923729,0.04360891133546829,0.022807704284787178,0.02434992417693138,0.05353758484125137,0.06122564151883125,0.1267922967672348,0.01290077343583107,0.09233234077692032
660,0.059951942414045334,0.00334501126781106,0.0717281773686409,0.055727768689394,0.029817352071404457,0.06755226105451584,0.01737651228904724,0.030163902789354324,0.055197883397340775,0.046584706753492355,0.008452926762402058,0.07033529132604599,0.09604726731777191,0.050009701400995255,0.04188016429543495,0.11792681366205215,0.08821738511323929,0.058754611760377884,0.0037169994320720434,0.027206355705857277
661,0.05780312418937683,0.011121808551251888,0.03402482345700264,0.02514306828379631,0.0785011276602745,0.061776500195264816,0.015661993995308876,0.0933912917971611,0.040529023855924606,0.11810331046581268,0.01274201087653637,0.043975330889225006,0.028215263038873672,0.03278115391731262,0.03172106668353081,0.06828071922063828,0.06399205327033997,0.11270745098590851,0.009971502237021923,0.05954209715127945
662,0.0630623921751976,0.0077356500551104546,0.056355953216552734,0.04381712153553963,0.027828237041831017,0.09680186212062836,0.014962728135287762,0.028116561472415924,0.06176487356424332,0.04880951717495918,0.007457406260073185,0.06210310384631157,0.14313428103923798,0.040164265781641006,0.0449029877781868,0.10474295169115067,0.06669056415557861,0.05261032283306122,0.004395411815494299,0.024538058787584305
663,0.08683954924345016,0.01491271611303091,0.04574771597981453,0.059330422431230545,0.050045423209667206,0.054142896085977554,0.014102808199822903,0.050357069820165634,0.05947015434503555,0.07710891216993332,0.009952708147466183,0.05484480783343315,0.04724578559398651,0.041747257113456726,0.040932707488536835,0.09514237195253372,0.07435791939496994,0.0779489204287529,0.006531460210680962,0.03922617435455322
664,0.05751848593354225,0.005469038616865873,0.07059860229492188,0.04355515539646149,0.020921962335705757,0.10357967019081116,0.016299234703183174,0.027211671695113182,0.05414675176143646,0.04004615172743797,0.007058039307594299,0.06854671984910965,0.1616833657026291,0.038644641637802124,0.03340369835495949,0.09516103565692902,0.08279509097337723,0.04319718852639198,0.006147143431007862,0.024010062217712402
665,0.069468654692173,0.01032166089862585,0.05026198551058769,0.03809002414345741,0.06575164943933487,0.04664924740791321,0.013532678596675396,0.059193745255470276,0.04569289833307266,0.09757538884878159,0.016813049092888832,0.04977278783917427,0.04625937342643738,0.038983866572380066,0.029782574623823166,0.10364153236150742,0.07176945358514786,0.08132077753543854,0.009115241467952728,0.05599451810121536
666,0.05589413642883301,0.005642481613904238,0.05932315066456795,0.04937504976987839,0.046033862978219986,0.05825246870517731,0.018186282366514206,0.038586098700761795,0.07175970822572708,0.05304763466119766,0.012348354794085026,0.052015066146850586,0.08437112718820572,0.047357361763715744,0.052771493792533875,0.09776708483695984,0.07981107383966446,0.06530812382698059,0.00680298637598753,0.04534170776605606
667,0.061972569674253464,0.005910373758524656,0.04862454533576965,0.037936046719551086,0.05709764361381531,0.05437331274151802,0.011346351355314255,0.06850297749042511,0.055283982306718826,0.0935155525803566,0.013678391464054585,0.054869189858436584,0.03351420536637306,0.04035961255431175,0.03242947906255722,0.09621404111385345,0.09018395096063614,0.08777310699224472,0.00826660729944706,0.04814187064766884
668,0.017644386738538742,0.012438717298209667,0.0029473097529262304,0.003894306253641844,0.09195373952388763,0.0060387649573385715,0.005052484106272459,0.29846638441085815,0.010036309249699116,0.20454566180706024,0.016033055260777473,0.0039242953062057495,0.008318543434143066,0.007185220252722502,0.011382490396499634,0.014952333644032478,0.02190396748483181,0.20971539616584778,0.009505582973361015,0.044056475162506104
669,0.06146771088242531,0.002109634457156062,0.05487160012125969,0.0579238198697567,0.02871483750641346,0.05748175084590912,0.01409157644957304,0.02484746277332306,0.0733892172574997,0.05142850801348686,0.006624059285968542,0.049816835671663284,0.13029350340366364,0.05681715905666351,0.04452003166079521,0.11408904939889908,0.08352877199649811,0.05008019879460335,0.0035426903050392866,0.03435777500271797
670,0.08345291763544083,0.0022518779151141644,0.06091272458434105,0.05639846622943878,0.03377767652273178,0.05253858491778374,0.0177929550409317,0.030514786019921303,0.1005527526140213,0.06036393716931343,0.008727705106139183,0.06469639390707016,0.057224612683057785,0.06913582980632782,0.04976881667971611,0.07958076149225235,0.06674150377511978,0.05208263546228409,0.008294598199427128,0.04518533870577812
671,0.04574178159236908,0.004068339243531227,0.029781989753246307,0.030946308746933937,0.034290239214897156,0.037977367639541626,0.011527362279593945,0.055797278881073,0.051250431686639786,0.0973961278796196,0.009326913394033909,0.19896262884140015,0.06800330430269241,0.04361281916499138,0.0272538885474205,0.07907980680465698,0.06611036509275436,0.06838517636060715,0.005870900582522154,0.034611091017723083
672,0.06410033255815506,0.003404351882636547,0.031829092651605606,0.045564502477645874,0.04392841085791588,0.03861838951706886,0.015836495906114578,0.04866022244095802,0.09947969764471054,0.09145068377256393,0.010893911123275757,0.06167761981487274,0.052793849259614944,0.06293492764234543,0.044226739555597305,0.0904516950249672,0.08542099595069885,0.06756693869829178,0.005223412998020649,0.03593093529343605
673,0.0705011785030365,0.0022404110059142113,0.02683315798640251,0.052389875054359436,0.018744707107543945,0.02622228115797043,0.014271370135247707,0.028989890590310097,0.06585817784070969,0.05095931887626648,0.005950978025794029,0.20429517328739166,0.08877784013748169,0.06655959784984589,0.0355757437646389,0.09397716820240021,0.07599598914384842,0.045311763882637024,0.0031313220970332623,0.02340950258076191
674,0.07667139917612076,0.003732936689630151,0.026720663532614708,0.043044719845056534,0.03684614598751068,0.03552531823515892,0.01702651008963585,0.04996515437960625,0.06839726120233536,0.06752931326627731,0.007907063700258732,0.04407033324241638,0.10768740624189377,0.05107424408197403,0.029217837378382683,0.10282859206199646,0.10928749293088913,0.08494048565626144,0.0055683087557554245,0.0319540798664093
675,0.06062803789973259,0.0023346906527876854,0.02087605930864811,0.029276393353939056,0.032067980617284775,0.0343560092151165,0.024047309532761574,0.05537634715437889,0.0803268551826477,0.09276843070983887,0.012095657177269459,0.03708390146493912,0.08308102190494537,0.06470673531293869,0.0498410165309906,0.11171094328165054,0.09728897362947464,0.08444672077894211,0.0038492679595947266,0.023830633610486984
676,0.07247623801231384,0.0007926395628601313,0.019024983048439026,0.021858517080545425,0.020550629124045372,0.051354240626096725,0.02423902042210102,0.04203132912516594,0.058046914637088776,0.0458742119371891,0.004567139316350222,0.04342849925160408,0.09719233959913254,0.06046256050467491,0.05507541447877884,0.15606191754341125,0.11908397078514099,0.09060293436050415,0.001289351494051516,0.015981605276465416
677,0.04739467054605484,0.0002670813992153853,0.00831096526235342,0.00814273301512003,0.013769429177045822,0.043229326605796814,0.08262056112289429,0.02322782762348652,0.10276731848716736,0.08098366856575012,0.005340141244232655,0.049208156764507294,0.05643236264586449,0.044735442847013474,0.10549646615982056,0.18634027242660522,0.09456285089254379,0.035916801542043686,0.0009291435708291829,0.010320490226149559
678,0.051170580089092255,0.00020321659394539893,0.007975940592586994,0.009503353387117386,0.010341446846723557,0.04374830424785614,0.024829663336277008,0.0239955335855484,0.1264650523662567,0.03934592008590698,0.0035061549860984087,0.07209789007902145,0.01634703390300274,0.04231196269392967,0.10698165744543076,0.22046692669391632,0.1288090944290161,0.06491465121507645,0.0005923600983805954,0.00639006495475769
679,0.007123967166990042,0.00010214211215497926,0.0005496864905580878,0.00043352993088774383,0.007877500727772713,0.0024621873162686825,0.0104531804099679,0.04198543727397919,0.05872490257024765,0.15654905140399933,0.003078779438510537,0.011353589594364166,0.007635251618921757,0.003641159273684025,0.608123779296875,0.014703995548188686,0.012771482579410076,0.05033140257000923,0.0001438139588572085,0.001954492647200823
680,0.05093112587928772,7.705502503085881e-05,0.002753647044301033,0.006007419899106026,0.024702608585357666,0.008974113501608372,0.028706185519695282,0.02892095223069191,0.15095119178295135,0.026333065703511238,0.006994443014264107,0.028401656076312065,0.0022533731535077095,0.04442749172449112,0.18663319945335388,0.19095225632190704,0.08758587390184402,0.11240542680025101,0.0006611895514652133,0.01132675725966692
681,0.03435667231678963,6.77445568726398e-05,0.0003989249817095697,0.0016431452240794897,0.0010279725538566709,0.008935440331697464,0.002517238724976778,0.0050252461805939674,0.3342755138874054,0.0031742819119244814,0.0009051971137523651,0.0005804302054457366,0.00397504260763526,0.00576572772115469,0.5100185871124268,0.03864716365933418,0.033692650496959686,0.014324006624519825,4.22772609454114e-05,0.000626426306553185
682,0.0018374966457486153,6.545840733451769e-05,0.0002571484073996544,0.0003227080451324582,0.0013294871896505356,0.00026082503609359264,0.00044656236423179507,0.0018340975511819124,0.004910359159111977,0.032152529805898666,0.0017368827247992158,0.00028171882149763405,0.0002675364085007459,0.0010345370974391699,0.9464221596717834,0.0027066979091614485,0.0012948991497978568,0.0023630596697330475,3.634438689914532e-05,0.0004392624832689762
683,0.11498469859361649,5.170224540052004e-05,0.27250924706459045,0.1041921004652977,0.001349179306998849,0.016387181356549263,0.005137872416526079,0.00037210562732070684,0.0023600684944540262,0.0008495484944432974,0.0006030891672708094,0.025375010445713997,5.477305967360735e-05,0.11874614655971527,0.010428149253129959,0.3146756589412689,0.007980503141880035,0.002277890220284462,0.0001365816278848797,0.0015265638940036297
684,0.12527130544185638,0.00013002919149585068,0.016877230256795883,0.012171863578259945,0.011125949211418629,0.0029032325837761164,0.0025031594559550285,0.11436907947063446,0.0012267419369891286,0.19159236550331116,0.004656726960092783,0.0014140579150989652,0.004135290160775185,0.008374350145459175,0.0023681465536355972,0.04962261766195297,0.17867468297481537,0.2664482593536377,0.0003390369820408523,0.005792773794382811
685,0.059819988906383514,0.0001506665430497378,0.2110716700553894,0.11620384454727173,0.0068091354332864285,0.05732283368706703,0.008631691336631775,0.015813102945685387,0.023242224007844925,0.022208640351891518,0.0031269369646906853,0.0650506466627121,0.03876477852463722,0.05562829598784447,0.013863833621144295,0.17714382708072662,0.08205530047416687,0.03447822481393814,0.0006726295687258244,0.007936755195260048
686,0.050570692867040634,0.00014794041635468602,0.19007831811904907,0.10186013579368591,0.0038729810621589422,0.049094345420598984,0.007820977829396725,0.006793697364628315,0.02982124127447605,0.014056975953280926,0.002299592597410083,0.2059941291809082,0.0815604105591774,0.04745340347290039,0.0143513772636652,0.10457038134336472,0.06103980168700218,0.022240761667490005,0.0004536307242233306,0.0059149134904146194
687,0.035000067204236984,0.00022274705406744033,0.21319404244422913,0.10840808600187302,0.002067485824227333,0.07215550541877747,0.009562371298670769,0.0025982516817748547,0.036487430334091187,0.00579507602378726,0.0014208428328856826,0.09077455848455429,0.12536148726940155,0.042349673807621,0.01790422573685646,0.16348275542259216,0.060545869171619415,0.00788238923996687,0.0003298128431197256,0.004453670233488083
688,0.03657393157482147,0.00039119040593504906,0.19877468049526215,0.12423215806484222,0.005600631237030029,0.07697003334760666,0.009970813058316708,0.006975438911467791,0.03944486007094383,0.010557042434811592,0.0020584610756486654,0.09034600853919983,0.16032549738883972,0.04989764466881752,0.02049005962908268,0.09533879905939102,0.04917128011584282,0.014173795469105244,0.0007281224825419486,0.007975375279784203
689,0.06058197095990181,0.0006606365786865354,0.1094929650425911,0.0760391429066658,0.02031414955854416,0.07670491933822632,0.01215644646435976,0.01886092685163021,0.04108991473913193,0.04098512604832649,0.005466478411108255,0.08047638088464737,0.08809830248355865,0.05728011205792427,0.024424023926258087,0.14081233739852905,0.07982491701841354,0.042778681963682175,0.0032439318019896746,0.020703693851828575
690,0.06993986666202545,0.0006356188096106052,0.08153600990772247,0.05183716118335724,0.023397346958518028,0.06846530735492706,0.010442188940942287,0.031774770468473434,0.03332564979791641,0.047457143664360046,0.006747487001121044,0.04349649325013161,0.17992110550403595,0.04234430566430092,0.018078548833727837,0.11110027879476547,0.08350146561861038,0.06636100262403488,0.002883483888581395,0.026750463992357254
691,0.021959446370601654,0.0002471776388119906,0.12923462688922882,0.06529583781957626,0.005254786927253008,0.037827268242836,0.01067310106009245,0.0054277474991977215,0.04260379821062088,0.009360586293041706,0.0023237147834151983,0.30311378836631775,0.10833179205656052,0.0388493612408638,0.020843718200922012,0.0891156867146492,0.08304335176944733,0.012603970244526863,0.0014938967069610953,0.012393051758408546
692,0.06485964357852936,0.0003871767839882523,0.06700063496828079,0.0711226686835289,0.022165074944496155,0.07532300055027008,0.011917516589164734,0.02810639515519142,0.041402578353881836,0.045311592519283295,0.009050861932337284,0.057474397122859955,0.11943572014570236,0.056509342044591904,0.025496408343315125,0.10747884213924408,0.09129152446985245,0.07233374565839767,0.0038152493070811033,0.029514295980334282
693,0.047929152846336365,0.0003555788134690374,0.0854249894618988,0.06107281893491745,0.005608233157545328,0.05480681732296944,0.006852422375231981,0.010461361147463322,0.03898851200938225,0.019672734662890434,0.0051843468099832535,0.39100900292396545,0.04680220037698746,0.0402216911315918,0.02239956520497799,0.07593222707509995,0.05636746808886528,0.022548729553818703,0.0011108898324891925,0.0072466484270989895
694,0.06746675074100494,0.0005798428319394588,0.07006663084030151,0.07021083682775497,0.02772446721792221,0.0678105279803276,0.01363817136734724,0.03294643014669418,0.0405961275100708,0.05034418776631355,0.006125595420598984,0.04858044534921646,0.1328372061252594,0.044676050543785095,0.027941644191741943,0.09419546276330948,0.07678725570440292,0.07716888934373856,0.0053224340081214905,0.044977761805057526
695,0.07419753074645996,0.0006534986896440387,0.1015026718378067,0.06427416950464249,0.021623415872454643,0.05191691964864731,0.011765164323151112,0.03205055743455887,0.04900302365422249,0.06536533683538437,0.007744877133518457,0.061554186046123505,0.1165238544344902,0.045368485152721405,0.024703774601221085,0.09555035084486008,0.08706282079219818,0.0644494891166687,0.0023530996404588223,0.02233196049928665
696,0.0601806603372097,0.0007521212683059275,0.11566191166639328,0.06253677606582642,0.024648727849125862,0.06263752281665802,0.009764643386006355,0.030931897461414337,0.03781132027506828,0.05256154015660286,0.0059315236285328865,0.13434724509716034,0.05765271559357643,0.034173592925071716,0.018816696479916573,0.11934763193130493,0.09234613180160522,0.05585978180170059,0.0019487026147544384,0.02208206243813038
697,0.06724952906370163,0.0008929056348279119,0.06924043595790863,0.050077639520168304,0.029943112283945084,0.05544425919651985,0.009136257693171501,0.04758691042661667,0.0430007241666317,0.07137355953454971,0.007339105475693941,0.05106351897120476,0.1524374783039093,0.0357242114841938,0.021473919972777367,0.10381089150905609,0.08428691327571869,0.07265026867389679,0.0026978524401783943,0.02456153742969036
698,0.058282434940338135,0.0008408480207435787,0.07044307887554169,0.05652574449777603,0.048226241022348404,0.051222797483205795,0.00953209213912487,0.059213656932115555,0.0441746711730957,0.0935409814119339,0.009855497628450394,0.09325862675905228,0.047122638672590256,0.03678639605641365,0.02070022001862526,0.10468775779008865,0.07392702251672745,0.08047670871019363,0.004627167712897062,0.03654705733060837
699,0.043026555329561234,0.0006926359492354095,0.05368544161319733,0.033048879355192184,0.044718705117702484,0.06279844790697098,0.006192220840603113,0.06508602201938629,0.02007976360619068,0.0674416646361351,0.008229462429881096,0.2518652081489563,0.036428432911634445,0.025330809876322746,0.012969212606549263,0.07979446649551392,0.057052116841077805,0.09130432456731796,0.005642807111144066,0.03460276871919632
700,0.052136220037937164,0.0008491199114359915,0.03828920051455498,0.03229997307062149,0.07836198806762695,0.056435342878103256,0.010521551594138145,0.095403291285038,0.03070450946688652,0.08579322695732117,0.012402564287185669,0.04252072796225548,0.05254940688610077,0.028847137466073036,0.017926234751939774,0.07346966117620468,0.07578632235527039,0.13522212207317352,0.00622723251581192,0.0742458775639534
701,0.044162455946207047,0.0015034839743748307,0.018747603520751,0.021834000945091248,0.10365233570337296,0.03785457834601402,0.008330919779837132,0.1481848657131195,0.024650126695632935,0.11505452543497086,0.012456616386771202,0.02440619468688965,0.03154598921537399,0.02194122038781643,0.01915758289396763,0.05836721137166023,0.0736355409026146,0.16418154537677765,0.006360972765833139,0.06396342813968658
702,0.02714851312339306,0.0010300586000084877,0.013411845080554485,0.011666438542306423,0.0910472422838211,0.01640034094452858,0.0037393649108707905,0.11540882289409637,0.01264994777739048,0.09393099695444107,0.006784308701753616,0.013174767605960369,0.026598846539855003,0.011652213521301746,0.008228053338825703,0.12538567185401917,0.2542085349559784,0.11043666303157806,0.00970213022083044,0.04738713428378105
703,0.03923812881112099,0.0005649527302011847,0.03911382704973221,0.02582254819571972,0.0879843533039093,0.0196777805685997,0.01110723428428173,0.12254118919372559,0.03376078978180885,0.1135687306523323,0.012430330738425255,0.015016515739262104,0.026118949055671692,0.034137703478336334,0.02007109299302101,0.07551267743110657,0.10802623629570007,0.15797026455402374,0.0067477598786354065,0.05058208107948303
704,0.04872874543070793,0.0006482245516963303,0.016966793686151505,0.020444771274924278,0.118564173579216,0.02557462267577648,0.0074503859505057335,0.13014742732048035,0.02274630218744278,0.14660610258579254,0.010153001174330711,0.026216400787234306,0.04684901237487793,0.022733889520168304,0.01565340906381607,0.06390578299760818,0.05893527343869209,0.1326920986175537,0.012015468440949917,0.07296023517847061
705,0.05856015160679817,0.0008956973906606436,0.01325903832912445,0.019239516928792,0.10184754431247711,0.04599877446889877,0.010316644795238972,0.09331713616847992,0.02831169217824936,0.11567958444356918,0.01252983883023262,0.02575806900858879,0.015730079263448715,0.028330443426966667,0.025113234296441078,0.07167524099349976,0.08562050014734268,0.16248609125614166,0.0069237700663506985,0.07839923352003098
706,0.037010207772254944,0.0002552161458879709,0.050367411226034164,0.04192598536610603,0.025236675515770912,0.059680476784706116,0.006257828325033188,0.02987697347998619,0.023340711370110512,0.04470423236489296,0.005807925947010517,0.4264404773712158,0.044307220727205276,0.01869315281510353,0.014258994720876217,0.05783139169216156,0.040825266391038895,0.049098771065473557,0.0022465214133262634,0.021830305457115173
707,0.08144324272871017,0.006373460404574871,0.033778831362724304,0.03744248300790787,0.042423348873853683,0.05413595214486122,0.009205629117786884,0.11163467168807983,0.02759626694023609,0.061334628611803055,0.012652860954403877,0.03442741930484772,0.004148595035076141,0.034185413271188736,0.017659991979599,0.10998985916376114,0.1176229789853096,0.17326809465885162,0.001141915563493967,0.02952851913869381
708,0.010328790172934532,0.0002454509667586535,0.009581020101904869,0.01064762007445097,0.004142692778259516,0.012966104783117771,0.0018139795865863562,0.010386796668171883,0.011236407794058323,0.009462292306125164,0.0014383177040144801,0.009896031580865383,0.013265883550047874,0.007308532949537039,0.0051050372421741486,0.36876776814460754,0.4957057237625122,0.014104396104812622,0.0003123756614513695,0.0032823816873133183
709,0.031382184475660324,0.001915161032229662,0.008860628120601177,0.007202344946563244,0.1426810473203659,0.007063077762722969,0.004154069349169731,0.22674761712551117,0.00784580409526825,0.21536651253700256,0.010142074897885323,0.008054873906075954,0.01031579077243805,0.00884184055030346,0.005817055236548185,0.0067730555310845375,0.011918057687580585,0.21688202023506165,0.006112613249570131,0.06191498786211014
710,0.06283590942621231,0.00011756376625271514,0.04847247898578644,0.061782028526067734,0.017038585618138313,0.019120769575238228,0.014230494387447834,0.05534867197275162,0.0426788255572319,0.040855709463357925,0.005408004857599735,0.04963313415646553,0.06495228409767151,0.049998603761196136,0.02194047160446644,0.1446959376335144,0.16783419251441956,0.11570138484239578,0.0008930324693210423,0.01645135134458542
711,0.023720059543848038,0.0001881925418274477,0.008214090019464493,0.006841864436864853,0.05672178417444229,0.0037085150834172964,0.0029521582182496786,0.3178538382053375,0.008380897343158722,0.17823372781276703,0.011034129187464714,0.008772984147071838,0.018360696732997894,0.007026064209640026,0.004523675423115492,0.011718290857970715,0.028959404677152634,0.2660558223724365,0.0023857220076024532,0.0343407467007637
712,0.02039268985390663,2.7310910809319466e-05,0.024935882538557053,0.007800697814673185,0.0022558607161045074,0.014658419415354729,0.00411867443472147,0.0018547934014350176,0.008568885736167431,0.005885990336537361,0.0007494557066820562,0.02620174176990986,0.8251926302909851,0.008144307881593704,0.003941288683563471,0.028942231088876724,0.010470451787114143,0.0036098298151046038,0.00013895549636799842,0.002107620006427169
713,0.12245224416255951,7.578609802294523e-05,0.11476898938417435,0.13989116251468658,0.01159782987087965,0.02236948534846306,0.016645289957523346,0.0062946416437625885,0.07805326581001282,0.017625337466597557,0.0027827059384435415,0.04523268714547157,0.05866922810673714,0.05865627899765968,0.02715154178440571,0.16967642307281494,0.06921221315860748,0.019543929025530815,0.0006104445783421397,0.018681777641177177
714,0.0068031237460672855,1.2477817108447198e-05,0.21931931376457214,0.04704656824469566,0.00047693116357550025,0.08012732863426208,0.0029673094395548105,0.0005639414303004742,0.00684979185461998,0.0011871268507093191,0.0003334541688673198,0.585988461971283,0.009011857211589813,0.008539484813809395,0.0015116451540961862,0.01995469443500042,0.006990919820964336,0.0012293942272663116,0.00011802324297605082,0.000965065264608711
715,0.045945484191179276,0.00032423652010038495,0.010644071735441685,0.014111539348959923,0.18941187858581543,0.01408012118190527,0.009850535541772842,0.12076912820339203,0.012942072935402393,0.17195187509059906,0.020501617342233658,0.015604681335389614,0.01257126685231924,0.019268400967121124,0.011124283075332642,0.0539562813937664,0.05453666299581528,0.1276645064353943,0.004125191830098629,0.09061108529567719
716,0.01500791683793068,4.104470644961111e-05,0.040890686213970184,0.03151382505893707,0.0019998031202703714,0.016338840126991272,0.00828640442341566,0.005481047090142965,0.06604880094528198,0.0063586547039449215,0.0020298054441809654,0.3082502782344818,0.010834386572241783,0.03575989603996277,0.018438078463077545,0.19787456095218658,0.22081191837787628,0.011859249323606491,0.00013523893721867353,0.0020357859320938587
717,0.022005300968885422,0.00015179379261098802,0.003927316050976515,0.005152046214789152,0.34358668327331543,0.004266164731234312,0.015183473005890846,0.0788257047533989,0.00479090865701437,0.1141163632273674,0.015695074573159218,0.005128694232553244,0.004611530341207981,0.008150437846779823,0.004614660516381264,0.016469480469822884,0.023373693227767944,0.09779290109872818,0.010182426311075687,0.22197221219539642
718,0.03978417441248894,4.7208028263412416e-05,0.1091497614979744,0.06657757610082626,0.003911010921001434,0.030066611245274544,0.02031773142516613,0.004815226886421442,0.09423800557851791,0.008394415490329266,0.002015839796513319,0.15010546147823334,0.13774074614048004,0.06539985537528992,0.02926802635192871,0.1239737793803215,0.09826110303401947,0.011719001457095146,0.00021696150361094624,0.003992442041635513
719,0.040618184953927994,0.0002085880987579003,0.02531895600259304,0.04801984503865242,0.09649788588285446,0.0221076849848032,0.014093117788434029,0.09059935063123703,0.03262271732091904,0.1287386268377304,0.012956785969436169,0.06019771099090576,0.062393683940172195,0.0291583351790905,0.017415566369891167,0.05197645723819733,0.07121502608060837,0.11652234196662903,0.006091599818319082,0.07324156165122986
720,0.050237610936164856,4.2085066525032744e-05,0.07697069644927979,0.09320808947086334,0.019058985635638237,0.023106157779693604,0.02425404265522957,0.020127808675169945,0.11942003667354584,0.024871284142136574,0.0047048721462488174,0.07069361209869385,0.10612109303474426,0.09486434608697891,0.0319434255361557,0.09313701838254929,0.09064994007349014,0.03885168582201004,0.0006246828706935048,0.01710793375968933
721,0.045189112424850464,0.000149814659380354,0.06980133801698685,0.09287566691637039,0.017881786450743675,0.03934946283698082,0.06757937371730804,0.004048591945320368,0.06110932305455208,0.01106286235153675,0.0037307951133698225,0.07236819714307785,0.12175387144088745,0.0801665261387825,0.034654516726732254,0.1142476424574852,0.10075922310352325,0.013003555126488209,0.001391954836435616,0.04887241870164871
722,0.02362593449652195,3.066451972699724e-05,0.2251066416501999,0.17564328014850616,0.0038818763568997383,0.03662073612213135,0.01023720484226942,0.002204282907769084,0.04658782109618187,0.006284944247454405,0.0013212100602686405,0.07485979795455933,0.19784165918827057,0.0601767897605896,0.011704966425895691,0.07452487200498581,0.03887569531798363,0.005586057435721159,0.00021881000429857522,0.0046603181399405
723,0.022742243483662605,0.00019766319019254297,0.012927920557558537,0.012082993052899837,0.3015030324459076,0.011438722722232342,0.012819157913327217,0.0751892626285553,0.01920279860496521,0.1380431354045868,0.01219115685671568,0.020711025223135948,0.03960224986076355,0.01773403026163578,0.010560465976595879,0.03692953661084175,0.038126103579998016,0.06186530366539955,0.006520875729620457,0.14960823953151703
724,0.060272227972745895,0.00016696954844519496,0.02499748207628727,0.04701417312026024,0.029301438480615616,0.024850377812981606,0.013635048642754555,0.07924972474575043,0.10797776281833649,0.07075750827789307,0.0076009007170796394,0.029646575450897217,0.08019736409187317,0.07018860429525375,0.03255752474069595,0.06691762059926987,0.12999530136585236,0.09939292073249817,0.0011949375038966537,0.024078257381916046
725,0.03131960704922676,3.888933497364633e-05,0.10841615498065948,0.08991564065217972,0.008450133726000786,0.04270239174365997,0.019168641418218613,0.0047569782473146915,0.11091313511133194,0.012143540196120739,0.0026176406536251307,0.16994129121303558,0.11023615300655365,0.07281092554330826,0.0302802175283432,0.08981660008430481,0.07751817256212234,0.010723410174250603,0.0005077846581116319,0.007717241067439318
726,0.02428828552365303,0.0001207094537676312,0.007205354515463114,0.010118620470166206,0.08501893281936646,0.006829352583736181,0.004005302209407091,0.258200466632843,0.007846100255846977,0.20537406206130981,0.014384279027581215,0.006973706651479006,0.01929408870637417,0.01181487925350666,0.003883423749357462,0.01792934723198414,0.028992675244808197,0.2529362142086029,0.0024164626374840736,0.032361216843128204
727,0.03151876851916313,5.7804754760582e-05,0.03914375603199005,0.0755205899477005,0.00922711193561554,0.01345928106456995,0.010268093086779118,0.028869803994894028,0.08811871707439423,0.025299718603491783,0.006607500836253166,0.28991368412971497,0.037381693720817566,0.07470202445983887,0.031092103570699692,0.0672784149646759,0.10524755716323853,0.054331112653017044,0.0006160832708701491,0.011341606266796589
728,0.03697475418448448,9.121312177740037e-05,0.018305053934454918,0.033245671540498734,0.08174915611743927,0.011277209036052227,0.008663023822009563,0.1755490005016327,0.0185459665954113,0.1871911883354187,0.013003083877265453,0.01709499955177307,0.040476612746715546,0.026652943342924118,0.01103423722088337,0.03897150978446007,0.06170153245329857,0.18235471844673157,0.002740781521424651,0.03437194973230362
729,0.04740482568740845,0.00012546665675472468,0.040662527084350586,0.0787847712635994,0.01307256706058979,0.03377900272607803,0.008382261730730534,0.04302236810326576,0.04645198956131935,0.03743523359298706,0.007796707563102245,0.14557772874832153,0.16947728395462036,0.04697431996464729,0.01707693748176098,0.0668657198548317,0.10105890035629272,0.0817035660147667,0.0008962688152678311,0.013439847156405449
730,0.05544956400990486,0.00010313272650819272,0.027831420302391052,0.045458946377038956,0.012326673604547977,0.031155724078416824,0.013588318601250648,0.018837740644812584,0.05328076705336571,0.029095515608787537,0.006482151336967945,0.1551302820444107,0.20952926576137543,0.05096849426627159,0.027124229818582535,0.10339640825986862,0.10350260138511658,0.04022393375635147,0.0009385140147060156,0.01557072438299656
731,0.035788170993328094,0.0001344522024737671,0.00257530203089118,0.00512330187484622,0.03072141669690609,0.0035790586844086647,0.005072114989161491,0.264873743057251,0.005834383890032768,0.09235204011201859,0.014221476390957832,0.005418763030320406,0.07269059866666794,0.011062707751989365,0.003905609482899308,0.01318595465272665,0.05004911869764328,0.364255428314209,0.000843244488351047,0.01830548234283924
732,0.06863027065992355,6.0562382714124396e-05,0.06674391031265259,0.07602064311504364,0.01643580012023449,0.020359624177217484,0.013653737492859364,0.033410683274269104,0.05611085891723633,0.035481907427310944,0.009203428402543068,0.07038870453834534,0.08292246609926224,0.06204677373170853,0.02501058019697666,0.11477364599704742,0.15574072301387787,0.07433891296386719,0.001601416035555303,0.01703462190926075
733,0.009874120354652405,0.00013670578482560813,0.00037732868804596364,0.0009941968601197004,0.0640493780374527,0.000857384002301842,0.0012736961944028735,0.40300706028938293,0.0011157575063407421,0.10804842412471771,0.017581844702363014,0.0004934099270030856,0.004572673700749874,0.002680783160030842,0.0012853562366217375,0.0023904533591121435,0.012813749723136425,0.34564170241355896,0.0021726172417402267,0.02062867023050785
734,0.0011197797721251845,3.157425089739263e-05,0.5312982201576233,0.005672476254403591,0.00010432495037093759,0.0010238070972263813,0.0008253759006038308,0.00022502147476188838,0.0022136082407087088,0.0003982413618359715,8.23858063085936e-05,0.43250834941864014,0.002068694680929184,0.0017635570839047432,0.00040973557042889297,0.017219573259353638,0.002310437150299549,0.000419807736761868,7.763473149680067e-06,0.0002904305001720786
735,6.487126665888354e-05,0.998116135597229,2.8416423447197303e-05,2.1976946300128475e-05,0.0001744574256008491,6.48054774501361e-05,1.564805643283762e-05,0.00010692109208321199,2.206275166827254e-05,0.0006183773512020707,4.347548747318797e-05,2.9034506951575167e-05,0.0001183065032819286,1.8808585082297213e-05,3.381253554834984e-05,9.531758405501023e-05,5.821137528982945e-05,0.000122625264339149,7.161746907513589e-05,0.00017403285892214626
736,0.41206133365631104,0.00012330077879596502,0.0033895692322403193,0.007156043779104948,0.007077780552208424,0.03324822336435318,0.004508001264184713,0.006593977101147175,0.0648575872182846,0.029062142595648766,0.01066876482218504,0.019177738577127457,0.01020571868866682,0.017637044191360474,0.04049723967909813,0.22799605131149292,0.07878117263317108,0.022000377997756004,0.0008358641061931849,0.004116294905543327
737,0.11703678965568542,7.445514347637072e-05,0.02070075273513794,0.04641658812761307,0.001992965815588832,0.03857912868261337,0.014078393578529358,0.0021238361950963736,0.343500018119812,0.009867893531918526,0.002581467619165778,0.058473650366067886,0.007920235395431519,0.10089510679244995,0.07152304798364639,0.09880023449659348,0.05159717798233032,0.0074850344099104404,0.0010826833313331008,0.005262327846139669
738,0.01365338359028101,0.00024368820595555007,0.0009035991388373077,0.0014166036853566766,0.29040998220443726,0.0018649587873369455,0.017364343628287315,0.005940178409218788,0.001328366925008595,0.036236170679330826,0.006840139161795378,0.0038183117285370827,0.0015131717082113028,0.00391432736068964,0.0014454711927101016,0.005584958475083113,0.0036787872668355703,0.009315751492977142,0.04502267390489578,0.5495011806488037
739,0.029443100094795227,0.00022839286248199642,9.334268543170765e-05,0.00021848626784048975,0.05194281414151192,0.000880640756804496,0.0010416728910058737,0.2078007310628891,0.0012170831905677915,0.22765947878360748,0.04630504548549652,0.00039381819078698754,0.00015915039693936706,0.0010467946995049715,0.0008952201460488141,0.0024535981938242912,0.010187474079430103,0.4054202139377594,0.0022104433737695217,0.010399493388831615
740,0.00013571669114753604,0.9978960752487183,5.8386329328641295e-05,5.8249683206668124e-05,5.453645280795172e-05,0.0002518394321668893,4.606791117112152e-05,4.544899638858624e-05,0.00019028013048227876,9.667872654972598e-05,2.190590566897299e-05,0.00016775789845269173,5.377421257435344e-05,7.95396335888654e-05,0.00013533966557588428,0.0002834348997566849,0.0002295777085237205,7.292711961781606e-05,1.2149917893111706e-05,0.00010813789413077757
741,0.018288811668753624,5.148972195456736e-05,0.024041714146733284,0.013523790054023266,0.0007994404877535999,0.7052390575408936,0.015696562826633453,0.00028175601619295776,0.05865688621997833,0.0019194934284314513,0.0006761096301488578,0.03361258655786514,0.004766266793012619,0.03926277905702591,0.026777226477861404,0.04369153454899788,0.00998879037797451,0.0011571688810363412,0.00011176633415743709,0.0014537734678015113
742,0.04267292469739914,7.066690159263089e-05,0.03284379467368126,0.03981783241033554,0.004561120644211769,0.07326886057853699,0.015407665632665157,0.008957249112427235,0.14546188712120056,0.008480885997414589,0.002583186374977231,0.17384716868400574,0.018021365627646446,0.056948114186525345,0.042458873242139816,0.12529194355010986,0.17833992838859558,0.02417738549411297,0.00047535228077322245,0.0063085416331887245
743,0.014817931689321995,0.0003542442573234439,0.07131344079971313,0.007232822477817535,0.007496817037463188,0.026675254106521606,0.016652924939990044,0.010053154081106186,0.045184142887592316,0.009623343124985695,0.002267891075462103,0.4186681807041168,0.002895314944908023,0.016936292871832848,0.024480396881699562,0.25499624013900757,0.04267825558781624,0.015942303463816643,0.0006864792085252702,0.011025238782167435
744,0.08930819481611252,4.9675330956233665e-05,0.02300252765417099,0.04184335470199585,0.021788010373711586,0.019102059304714203,0.011943160556256771,0.03247750550508499,0.10048273950815201,0.056695010513067245,0.01044379360973835,0.030950533226132393,0.15739578008651733,0.10976647585630417,0.043179236352443695,0.08598186075687408,0.08894550800323486,0.0584113746881485,0.002023055450990796,0.01620394177734852
745,0.12410051375627518,3.360038317623548e-05,0.0414150170981884,0.11620859056711197,0.012921836227178574,0.027746427804231644,0.01790747232735157,0.024490630254149437,0.08840756118297577,0.03964734077453613,0.00838412530720234,0.03071257844567299,0.028239967301487923,0.11569374799728394,0.06256019324064255,0.08347154408693314,0.10079453140497208,0.052533116191625595,0.000973243557382375,0.023750560358166695
746,8.285933290608227e-05,0.9992438554763794,3.600745458243182e-06,4.993502898287261e-06,6.688794383080676e-05,2.3013288227957673e-05,1.1667506441881415e-05,4.116777563467622e-05,1.8789794921758585e-05,0.00013100197247695178,2.0458117433008738e-05,1.18160096462816e-05,9.227363079844508e-06,1.369323581457138e-05,4.0802980947773904e-05,5.103725197841413e-05,3.13640121021308e-05,6.360865518217906e-05,1.0702039617171977e-05,0.00011861198436236009
747,0.02293338254094124,0.00010562544775893912,0.0012060143053531647,0.007378428243100643,0.006395434029400349,0.00700813252478838,0.017522741109132767,0.01950734481215477,0.19937390089035034,0.03136518597602844,0.014061464928090572,0.022191772237420082,0.0013999312650412321,0.09172800183296204,0.42470696568489075,0.0429004468023777,0.04978988319635391,0.028359681367874146,0.001222466118633747,0.010836519300937653
748,0.06856407225131989,3.460207881289534e-05,0.035847775638103485,0.04010792076587677,0.0017256983555853367,0.023192521184682846,0.014493171125650406,0.00277097150683403,0.21358180046081543,0.010395933873951435,0.0032857151236385107,0.12335482984781265,0.002206833567470312,0.14275026321411133,0.1367020308971405,0.11199191957712173,0.060578424483537674,0.005131162237375975,0.0002888395974878222,0.002988182008266449
749,0.02179875038564205,5.283686186885461e-05,0.00019199764938093722,0.0004964683321304619,0.025273503735661507,0.0004661349521484226,0.0009516555001027882,0.20680545270442963,0.0034628761932253838,0.5453389883041382,0.043438754975795746,0.0013428559759631753,0.00022318703122437,0.00320459995418787,0.002810911973938346,0.0036041897255927324,0.020277593284845352,0.11277035623788834,0.0005270246765576303,0.0069592236541211605
750,0.006461752112954855,0.00010016997839557007,1.6472336938022636e-05,7.699322304688394e-05,0.050039615482091904,0.00022122773225419223,0.0006051373202353716,0.06661970913410187,0.0008297408348880708,0.702969491481781,0.11770842224359512,0.0001575490750838071,6.971078255446628e-05,0.0014427106361836195,0.0013828737428411841,0.00036500385613180697,0.000910235452465713,0.03983660787343979,0.0008633459219709039,0.00932165514677763
751,0.08162666857242584,0.0002214365522377193,0.00869235210120678,0.015715928748250008,0.021339360624551773,0.02646617777645588,0.011566721834242344,0.05979450047016144,0.07305878400802612,0.2080560177564621,0.03562283515930176,0.04905244708061218,0.0010184206767007709,0.0674297958612442,0.057321492582559586,0.09710356593132019,0.09096857160329819,0.07338792085647583,0.001337749301455915,0.020214300602674484
752,0.052705299109220505,9.996115113608539e-05,0.007616308983415365,0.0411352701485157,0.0012569886166602373,0.011185047216713428,0.016340075060725212,0.0041903117671608925,0.19438107311725616,0.010236831381917,0.008115922100841999,0.05747294798493385,0.0016005472280085087,0.30846738815307617,0.08130224049091339,0.08463501930236816,0.1060357615351677,0.010211743414402008,0.00021476524125318974,0.0027913828380405903
753,0.0022741651628166437,0.00030080851865932345,0.00032997666858136654,0.00021590129472315311,0.05949920788407326,0.0008142890874296427,0.02553366683423519,0.0011032124748453498,0.0005413213511928916,0.003079756395891309,0.0011755585437640548,0.0009240582003258169,4.6445667976513505e-05,0.0017065806314349174,0.0008611000957898796,0.004009740427136421,0.0022883990313857794,0.0019161725649610162,0.003270902670919895,0.8901056051254272
754,0.16612470149993896,9.516975114820525e-05,0.0044738915748894215,0.004176007583737373,0.0007967834244482219,0.30069512128829956,0.0022849859669804573,0.002002977067604661,0.00708119897171855,0.0022454033605754375,0.0016891537234187126,0.025562673807144165,0.0015537235885858536,0.01349194161593914,0.007331125903874636,0.35992932319641113,0.09138482809066772,0.008072440512478352,7.305369945243001e-05,0.0009310768800787628
755,0.12064677476882935,5.344157762010582e-05,0.019364388659596443,0.010814781300723553,0.004322522785514593,0.07266134023666382,0.00539266737177968,0.005472081713378429,0.0036828250158578157,0.007933293469250202,0.0036133357789367437,0.03558534383773804,0.06593161821365356,0.017753513529896736,0.0029478264041244984,0.43656036257743835,0.16241949796676636,0.02005956321954727,0.00026501520187593997,0.004515752196311951
756,0.7493176460266113,0.00029314481071196496,0.00048662725021131337,0.0013832241529598832,0.014649060554802418,0.021810317412018776,0.003029497805982828,0.007729177363216877,0.001061792834661901,0.008272784762084484,0.00496100215241313,0.00026070207240991294,0.0006915362318977714,0.003294694935902953,0.001128565869294107,0.06095702201128006,0.05774078145623207,0.04613971337676048,0.0002738425973802805,0.016517071053385735
757,0.0021553337574005127,0.9773311018943787,0.0022284146398305893,0.002224753610789776,0.0008105458691716194,0.0020258352160453796,0.0004267892800271511,0.0004237550019752234,0.00048271912964992225,0.0010976582998409867,0.0002796802727971226,0.001754998229444027,0.0002892261545639485,0.0014893368352204561,0.0004235414380673319,0.0030977900605648756,0.00129640509840101,0.0008357881451956928,0.0001196649536723271,0.0012035927502438426
758,0.07318245619535446,1.5047179658722598e-05,0.11339271813631058,0.07975781708955765,0.011441083624958992,0.06929825991392136,0.02370580844581127,0.010934416204690933,0.021613072603940964,0.0325302928686142,0.008670478127896786,0.09605204313993454,0.005940036848187447,0.07362692803144455,0.02234453521668911,0.1909395456314087,0.12286826968193054,0.025342658162117004,0.0013422876363620162,0.016995394602417946
759,0.11066127568483353,2.235317515442148e-05,0.1060091033577919,0.055080920457839966,0.00752184446901083,0.041451238095760345,0.00922806654125452,0.017163798213005066,0.019935239106416702,0.01727900840342045,0.007939224131405354,0.08778399229049683,0.004759874660521746,0.06061001494526863,0.010374949313700199,0.2257464975118637,0.1743352860212326,0.037195444107055664,0.00023961284023243934,0.006658441852778196
760,0.03495475649833679,6.100354949012399e-05,0.00013428788224700838,0.0003710775345098227,0.020275548100471497,0.000676677911542356,0.0004414996365085244,0.36182382702827454,0.0003869584761559963,0.23433859646320343,0.048680637031793594,0.0005109445191919804,8.938688552007079e-05,0.0019529841374605894,0.0006689321016892791,0.0040823048911988735,0.02241699956357479,0.26203158497810364,0.0006600244087167084,0.005439537111669779
761,0.009531065821647644,9.870614121609833e-06,0.4565824270248413,0.20528504252433777,0.0007346986676566303,0.014610054902732372,0.02164783701300621,0.0008200268493965268,0.010979782789945602,0.0012677033664658666,0.0007483096560463309,0.0906558558344841,0.00022433354752138257,0.09624624997377396,0.007083954755216837,0.0546853132545948,0.024401703849434853,0.0019118518102914095,8.925605652621016e-05,0.00248238118365407
762,0.09541458636522293,1.5093010006239638e-05,0.11141694337129593,0.08809133619070053,0.0044443062506616116,0.04191909357905388,0.012944524176418781,0.009596936404705048,0.04848923906683922,0.022714219987392426,0.00776696065440774,0.12785857915878296,0.003460240550339222,0.0821036770939827,0.021787796169519424,0.1596071720123291,0.1334158331155777,0.019931288436055183,0.0002527896431274712,0.008763344027101994
763,0.19396980106830597,4.406947118695825e-05,0.1092369556427002,0.09593469649553299,0.00719427689909935,0.03589721396565437,0.009191303513944149,0.03486190363764763,0.028676962479948997,0.029086126014590263,0.012260728515684605,0.01552265789359808,0.0019464652286842465,0.08357755094766617,0.014805594459176064,0.12413543462753296,0.11991270631551743,0.06913983821868896,0.0004998964723199606,0.014101357199251652
764,0.0854053646326065,2.9476985218934715e-05,0.0020501732360571623,0.008874135091900826,0.059132665395736694,0.007712144870311022,0.001912137377075851,0.18489603698253632,0.0038015858735889196,0.36656588315963745,0.0427023284137249,0.003812385257333517,0.0003115577856078744,0.013260869309306145,0.005666913464665413,0.02838350646197796,0.03195013105869293,0.13582046329975128,0.002527556149289012,0.015180776827037334
765,0.074033223092556,1.5653891750844195e-05,0.15257388353347778,0.13776755332946777,0.01577787846326828,0.03809648007154465,0.0159999318420887,0.028660152107477188,0.024756889790296555,0.053872719407081604,0.010895803570747375,0.05849671736359596,0.0011760679772123694,0.0760900154709816,0.023198537528514862,0.13977301120758057,0.08874708414077759,0.043633680790662766,0.0009181523928418756,0.015508819371461868
766,0.11062779277563095,1.556818824610673e-05,0.13767826557159424,0.09427668154239655,0.004985423292964697,0.056361738592386246,0.006607444956898689,0.007906701415777206,0.03100324422121048,0.01707582361996174,0.004666877444833517,0.09204476326704025,0.005507546942681074,0.06498882174491882,0.020175576210021973,0.20679767429828644,0.11489348113536835,0.018879663199186325,0.00025236263172701,0.005248654168099165
767,0.09374172240495682,9.422780567547306e-05,0.009798702783882618,0.012193549424409866,0.15434864163398743,0.01434242818504572,0.0072346837259829044,0.12777090072631836,0.0072107804007828236,0.2576809227466583,0.021947843953967094,0.01209754403680563,0.006382960360497236,0.023360010236501694,0.008096404373645782,0.04150760918855667,0.029620280489325523,0.09273535013198853,0.006901715416461229,0.07292751967906952
768,0.11159127950668335,3.906797064701095e-05,0.06599083542823792,0.17658238112926483,0.010434637777507305,0.07833322882652283,0.007113160565495491,0.021115943789482117,0.030573878437280655,0.03313639760017395,0.008488014340400696,0.043934959918260574,0.001937501598149538,0.15392114222049713,0.021309098228812218,0.13895182311534882,0.05648713558912277,0.02662903442978859,0.0011446243152022362,0.012273101136088371
769,0.1163552775979042,2.3495340428780764e-05,0.0494888499379158,0.07749512791633606,0.05215577781200409,0.01834421418607235,0.008527463302016258,0.09314906597137451,0.02676215209066868,0.14339080452919006,0.016595734283328056,0.031324636191129684,0.0026528167072683573,0.05221349373459816,0.03029811382293701,0.09651381522417068,0.057456254959106445,0.08585706353187561,0.002577664330601692,0.038811370730400085
770,0.09217271208763123,1.1780519344029017e-05,0.09574034065008163,0.2325287014245987,0.018645476549863815,0.014868542551994324,0.006936294957995415,0.05054965615272522,0.017073379829525948,0.09589828550815582,0.014235299080610275,0.03183829411864281,0.0036543491296470165,0.1347184032201767,0.014641568064689636,0.06700275838375092,0.04251086339354515,0.050567176192998886,0.0011400494258850813,0.01525859721004963
771,0.04490312933921814,2.3410990252159536e-05,0.08296726644039154,0.5272921919822693,0.01702048070728779,0.008349312469363213,0.00937771238386631,0.03033936396241188,0.00968399178236723,0.042378854006528854,0.010674466378986835,0.02581734023988247,0.0010173621121793985,0.07308978587388992,0.015818271785974503,0.031476665288209915,0.023907579481601715,0.02814207412302494,0.0010914297308772802,0.016620410606265068
772,0.08682078868150711,2.5740595447132364e-05,0.09308484196662903,0.22156034409999847,0.07025368511676788,0.008094393648207188,0.007812070194631815,0.08426889777183533,0.0063806455582380295,0.15829288959503174,0.019470103085041046,0.015610701404511929,0.0010358730796724558,0.04554162174463272,0.009269604459404945,0.04372083768248558,0.033051442354917526,0.0500485822558403,0.005446941126137972,0.0402003675699234
773,0.058332525193691254,1.527290078229271e-05,0.007946140132844448,0.017372529953718185,0.09880675375461578,0.004473851528018713,0.0038942922838032246,0.19499267637729645,0.03261683136224747,0.32154813408851624,0.01990574412047863,0.0026411740109324455,0.0031502582132816315,0.03355516865849495,0.04045218974351883,0.02566727250814438,0.02092585526406765,0.0736808106303215,0.0035117536317557096,0.03650382161140442
774,0.07672445476055145,1.1182966773048975e-05,0.0319439135491848,0.10228106379508972,0.07550474256277084,0.004345451947301626,0.009006856009364128,0.13429057598114014,0.023347634822130203,0.22779296338558197,0.02121185138821602,0.01853204146027565,0.0011347932741045952,0.061427000910043716,0.031040169298648834,0.03403143212199211,0.03095732256770134,0.0624096542596817,0.004694852512329817,0.04929976165294647
775,0.057067736983299255,3.215113247279078e-05,0.08564621210098267,0.11866854876279831,0.06579163670539856,0.002300096908584237,0.0025328455958515406,0.16535240411758423,0.0043099853210151196,0.2617073953151703,0.02365102805197239,0.02379242517054081,0.0006791864288970828,0.021151399239897728,0.006672095041722059,0.02477843128144741,0.03258388489484787,0.07783012837171555,0.002239939058199525,0.023198647424578667
776,0.11601497232913971,2.2937460016692057e-05,0.030783988535404205,0.03980904445052147,0.06473855674266815,0.009387952275574207,0.004176524933427572,0.10892262309789658,0.0121206846088171,0.3607509434223175,0.02608170174062252,0.021839825436472893,0.0023106394801288843,0.030032485723495483,0.01371689047664404,0.04168882220983505,0.028505412861704826,0.05719013512134552,0.0023203380405902863,0.02957848459482193
777,0.12249034643173218,7.574224582640454e-06,0.1702089011669159,0.275675505399704,0.009552625939249992,0.017425335943698883,0.004477175883948803,0.018823107704520226,0.036956820636987686,0.06423336267471313,0.011434764601290226,0.050610169768333435,0.0018487988272681832,0.08074139803647995,0.024126645177602768,0.06306931376457214,0.025065816938877106,0.01663787290453911,0.0004246000899001956,0.006176661234349012
778,0.07455305755138397,3.562801794032566e-05,0.021313156932592392,0.060749053955078125,0.06745859235525131,0.005842287093400955,0.002675203373655677,0.17647486925125122,0.009198551997542381,0.3204081356525421,0.029584098607301712,0.010446370579302311,0.000616634963080287,0.03512492775917053,0.007355936802923679,0.03647472336888313,0.03868017718195915,0.07488475739955902,0.0016531163128092885,0.026461606845259666
779,0.0578484944999218,5.1865645218640566e-05,0.014364324510097504,0.035599712282419205,0.05924609676003456,0.0045946803875267506,0.0022299042902886868,0.24399179220199585,0.006084214895963669,0.35087963938713074,0.02418883703649044,0.013447330333292484,0.0006564973155036569,0.01862248033285141,0.006760996766388416,0.02942565456032753,0.023245524615049362,0.08136694878339767,0.0027136949356645346,0.02467491291463375
780,0.06888699531555176,1.6900281480047852e-05,0.21851973235607147,0.1709335595369339,0.005854880437254906,0.02551574446260929,0.007783766370266676,0.00591383408755064,0.04520740360021591,0.025778714567422867,0.004550699610263109,0.1573118269443512,0.0010816685389727354,0.06861986219882965,0.02604885771870613,0.10574804246425629,0.04387431591749191,0.010338928550481796,0.00023797455651219934,0.007768420968204737
781,0.09580980241298676,2.2593412722926587e-05,0.08911599963903427,0.137979656457901,0.02388179674744606,0.04046149551868439,0.008608824573457241,0.02994248829782009,0.04058244451880455,0.1103452518582344,0.010818714275956154,0.07014328241348267,0.0066102733835577965,0.08252786099910736,0.019628748297691345,0.12493804097175598,0.06828667223453522,0.027534207329154015,0.0006303591653704643,0.012121065519750118
782,0.1293993890285492,9.61540499702096e-05,0.012647407129406929,0.033273499459028244,0.06150568649172783,0.023789506405591965,0.009027812629938126,0.12115228921175003,0.010527797974646091,0.2045329511165619,0.023010196164250374,0.027051545679569244,0.00840852316468954,0.043751150369644165,0.013075397349894047,0.08278793841600418,0.07205376029014587,0.07850388437509537,0.00294531905092299,0.04244958236813545
783,0.10567784309387207,5.118166882311925e-05,0.09514987468719482,0.11139659583568573,0.00924715492874384,0.07009416818618774,0.010723039507865906,0.01244346983730793,0.033559419214725494,0.04572829604148865,0.00902843289077282,0.09258326888084412,0.01596636138856411,0.11397500336170197,0.01792849227786064,0.1554143726825714,0.07098342478275299,0.01996183767914772,0.0002868408337235451,0.00979223195463419
784,0.06082332506775856,1.3742632290814072e-05,0.17080260813236237,0.19476807117462158,0.0028928120154887438,0.04184311628341675,0.0073630353435873985,0.004083273001015186,0.046983640640974045,0.010300585068762302,0.002080330392345786,0.08146656304597855,0.059455506503582,0.07549825310707092,0.015501557849347591,0.13387885689735413,0.07801977545022964,0.009364016354084015,0.00013353629037737846,0.0047125741839408875
785,0.07923928648233414,3.566345549188554e-05,0.13177387416362762,0.13304874300956726,0.02120930142700672,0.0464484803378582,0.00819174200296402,0.041690222918987274,0.022814709693193436,0.06305907666683197,0.008060060441493988,0.06708472222089767,0.028653526678681374,0.06460373103618622,0.012801812030375004,0.11224878579378128,0.09428863227367401,0.04834127426147461,0.00080624979455024,0.015586189925670624
786,0.0781712606549263,4.072306182933971e-05,0.09489355981349945,0.1003296747803688,0.02068377658724785,0.03897813707590103,0.008141320198774338,0.06306441128253937,0.03469453379511833,0.06578517705202103,0.005720551125705242,0.03399268910288811,0.047266002744436264,0.06793686747550964,0.016766950488090515,0.12078089267015457,0.10402203351259232,0.07908651232719421,0.0007177594234235585,0.01891273260116577
787,0.05741191282868385,2.255096478620544e-05,0.11369273066520691,0.14989669620990753,0.01713121496140957,0.03508441522717476,0.008289876393973827,0.030371567234396935,0.0446632020175457,0.03265402838587761,0.0035801150370389223,0.07191623002290726,0.05863633006811142,0.07716376334428787,0.016246501356363297,0.1164027750492096,0.09800197929143906,0.049323081970214844,0.00041908727143891156,0.019075913354754448
788,0.09562695026397705,5.447569128591567e-05,0.07236306369304657,0.10040424019098282,0.016091184690594673,0.025662194937467575,0.005042680073529482,0.0611383356153965,0.033211179077625275,0.09036809206008911,0.008620161563158035,0.04573875293135643,0.12277523428201675,0.05635031685233116,0.01334715262055397,0.07810056209564209,0.09754601120948792,0.06773055344820023,0.0003648864512797445,0.00944059994071722
789,0.06524079293012619,4.028520197607577e-05,0.14885058999061584,0.1467411071062088,0.011986988596618176,0.04145309701561928,0.00587262399494648,0.032429005950689316,0.039246950298547745,0.03979610279202461,0.003909002989530563,0.053814489394426346,0.09879713505506516,0.061848998069763184,0.013322073966264725,0.0874822810292244,0.0918884128332138,0.04764925688505173,0.000290423835394904,0.009319806471467018
790,0.04307396337389946,2.2988984710536897e-05,0.2862532138824463,0.20403780043125153,0.009319642558693886,0.04135103151202202,0.005125262774527073,0.0173298679292202,0.028598062694072723,0.021020151674747467,0.0023847324773669243,0.06794954836368561,0.05747000873088837,0.044001683592796326,0.00711224228143692,0.06950850784778595,0.05832206830382347,0.030359147116541862,0.00030109426006674767,0.0064384774304926395
791,0.06930816918611526,4.8653295380063355e-05,0.0988326370716095,0.09868934005498886,0.026728278025984764,0.04333983361721039,0.004049823619425297,0.06827929615974426,0.025733841583132744,0.07720966637134552,0.007443706039339304,0.038149263709783554,0.11517833918333054,0.03873518854379654,0.009446721524000168,0.09727901220321655,0.08125690370798111,0.08856411278247833,0.0005428692093119025,0.01115375105291605
792,0.04509536176919937,2.4760132873780094e-05,0.18734292685985565,0.10438326001167297,0.007848231121897697,0.062403783202171326,0.005042971111834049,0.015652770176529884,0.032377347350120544,0.018514998257160187,0.002888432238250971,0.0811632052063942,0.14739538729190826,0.05584679916501045,0.010258790105581284,0.10743884742259979,0.08306173980236053,0.027912138029932976,0.00013484973169397563,0.005180072970688343
793,0.027196936309337616,1.4553805158357136e-05,0.3919583559036255,0.10327889025211334,0.007577066775411367,0.03825388103723526,0.0035337379667907953,0.008345644921064377,0.020392119884490967,0.01636633649468422,0.0020350730046629906,0.07488806545734406,0.09335189312696457,0.03262770175933838,0.0068059745244681835,0.09061913192272186,0.05989210307598114,0.015493851155042648,0.000204327458050102,0.007142078597098589
794,0.05092032998800278,5.3669205954065546e-05,0.12300540506839752,0.10482952743768692,0.012632794678211212,0.03473921865224838,0.0041197314858436584,0.03019091673195362,0.02420763112604618,0.045746710151433945,0.00379395205527544,0.03357318043708801,0.21833893656730652,0.03712552785873413,0.008640714921057224,0.10909802466630936,0.10579053312540054,0.04642194136977196,0.00019749342754948884,0.00655484851449728
795,0.033670853823423386,1.0769613254524302e-05,0.282124787569046,0.23728956282138824,0.0007542165694758296,0.031977005302906036,0.0055884807370603085,0.0015278824139386415,0.04933496192097664,0.0027624100912362337,0.0006760263931937516,0.05330212786793709,0.10363766551017761,0.044297631829977036,0.009498462080955505,0.07986931502819061,0.05543901398777962,0.006317999679595232,3.7158941267989576e-05,0.0018396511441096663
796,0.03050667978823185,1.733405042614322e-05,0.3412589132785797,0.10727287083864212,0.0020414642058312893,0.07357821613550186,0.00600386830046773,0.0038411146961152554,0.040464553982019424,0.005988100543618202,0.0013597863726317883,0.14037995040416718,0.06345020234584808,0.036292944103479385,0.00705689238384366,0.08072292059659958,0.04799839109182358,0.008419525809586048,9.747646981850266e-05,0.0032237812411040068
797,0.03109842725098133,9.662787488196045e-05,0.00585792725905776,0.007021857891231775,0.3122086524963379,0.01799519546329975,0.005025455262511969,0.15976470708847046,0.012549981474876404,0.14843790233135223,0.012362189590930939,0.008927423506975174,0.014936418272554874,0.018757421523332596,0.006663041189312935,0.01800621673464775,0.026186151430010796,0.13695496320724487,0.002391899237409234,0.054730646312236786
798,0.0005956969689577818,1.429482381354319e-06,0.10816846787929535,0.00427137641236186,6.380608829203993e-05,0.0007617136579938233,0.0002364702377235517,0.00024672027211636305,0.001977843465283513,0.00027432807837612927,5.9486410464160144e-05,0.8741311430931091,0.0007111320155672729,0.0015954109840095043,0.00029886909760534763,0.003679355140775442,0.002330124843865633,0.0004996950738132,3.079386488025193e-06,9.100713941734284e-05
799,0.08270774781703949,4.2030824261019006e-05,0.0038254649844020605,0.017646608874201775,0.1821330040693283,0.004295052029192448,0.00142442318610847,0.16911344230175018,0.0046471538953483105,0.23602670431137085,0.01961759850382805,0.002807153156027198,0.0038498875219374895,0.006492100656032562,0.003111819736659527,0.04320724681019783,0.03676372021436691,0.14020100235939026,0.006815864704549313,0.03526678681373596
800,0.005017830058932304,2.373251845710911e-06,0.023297039791941643,0.007573743350803852,0.00016698503168299794,0.006178137846291065,0.00038066357956267893,0.0005558843840844929,0.005595293361693621,0.0006692998576909304,0.00015494263789150864,0.011937499046325684,0.013630712404847145,0.003921255003660917,0.0010934901656582952,0.6124125719070435,0.30639705061912537,0.0007872168789617717,8.63908189785434e-06,0.00021736334019806236
801,0.0818701982498169,2.3050486561260186e-05,0.12584446370601654,0.08177071064710617,0.009392118081450462,0.039434127509593964,0.03196750581264496,0.003248262917622924,0.05251142010092735,0.012762228026986122,0.00248160632327199,0.0913534089922905,0.006297351326793432,0.07396581023931503,0.01660967990756035,0.263570636510849,0.08636599034070969,0.008162339217960835,0.0008628378855064511,0.011480754241347313
802,0.022814661264419556,4.10608081438113e-05,0.012964087538421154,0.009963837452232838,0.22429275512695312,0.00825304351747036,0.004283658694475889,0.11514303833246231,0.003986397758126259,0.332788348197937,0.00817171297967434,0.010783430188894272,0.029471026733517647,0.00711918855085969,0.0023527834564447403,0.021026959642767906,0.01958444155752659,0.06231245771050453,0.0033055127132683992,0.10131493955850601
803,0.05196874961256981,6.171828135848045e-05,0.01850239373743534,0.0204389039427042,0.11494868993759155,0.009965924546122551,0.0043988958932459354,0.15799161791801453,0.0458802655339241,0.22572284936904907,0.008515563793480396,0.03488795831799507,0.019265465438365936,0.03539414703845978,0.016905037686228752,0.038151778280735016,0.06993560492992401,0.10955112427473068,0.0009798260871320963,0.016514630988240242
804,0.06754861027002335,2.340257924515754e-05,0.06305351853370667,0.06127792224287987,0.02245911955833435,0.06904850900173187,0.013724308460950851,0.029301736503839493,0.07211516797542572,0.03442414104938507,0.0028405876364558935,0.07492893189191818,0.12243327498435974,0.06084589287638664,0.03219766914844513,0.12064587324857712,0.08535498380661011,0.04960322380065918,0.0006478797877207398,0.017505690455436707
805,0.08901870250701904,1.0467782885825727e-05,0.07180846482515335,0.11501534283161163,0.006149981636554003,0.02204155921936035,0.005811030510812998,0.028714405372738838,0.10595885664224625,0.03614097461104393,0.0032576441299170256,0.0428970605134964,0.11103015393018723,0.06825678795576096,0.018593953922390938,0.10420309752225876,0.1169283464550972,0.05025374889373779,0.00015925169282127172,0.003723882371559739
806,0.05753928795456886,3.35986987920478e-05,0.04033644124865532,0.03491201251745224,0.055068857967853546,0.027210921049118042,0.007603875827044249,0.0830274373292923,0.04905850067734718,0.0766902044415474,0.004422219004482031,0.04665117710828781,0.09905488044023514,0.03507325053215027,0.01565663330256939,0.11113530397415161,0.11564666032791138,0.10081720352172852,0.0020117582753300667,0.03802823647856712
807,0.07546941936016083,2.3598493498866446e-05,0.03558837249875069,0.036316029727458954,0.019775258377194405,0.03570620343089104,0.005957035347819328,0.06324288249015808,0.0486883670091629,0.05763736367225647,0.003427291987463832,0.053406987339258194,0.15270867943763733,0.033873166888952255,0.017347628250718117,0.1250961869955063,0.1014987975358963,0.11918647587299347,0.0008014761842787266,0.014207080006599426
808,0.1319461613893509,1.0976355952152517e-05,0.018564514815807343,0.027581440284848213,0.005532121751457453,0.04112666845321655,0.004972230643033981,0.04390452057123184,0.10354629158973694,0.04709157347679138,0.004011981654912233,0.0442705973982811,0.06892263144254684,0.061078235507011414,0.02883407101035118,0.1305525004863739,0.1451081931591034,0.08900736272335052,0.00011036016803700477,0.0037978373002260923
809,0.06599462032318115,2.7050889912061393e-05,0.02912924252450466,0.025954296812415123,0.011775226332247257,0.032122086733579636,0.00814094953238964,0.06519856303930283,0.04462529718875885,0.053893376141786575,0.0033999960869550705,0.04395328834652901,0.16996930539608002,0.02842259593307972,0.06633854657411575,0.13573066890239716,0.0996706560254097,0.10844539105892181,0.00030016503296792507,0.006880735978484154
810,0.10659209638834,8.35711216495838e-06,0.04541619494557381,0.04371768608689308,0.007744288071990013,0.03894515708088875,0.007318114396184683,0.029939649626612663,0.04569180682301521,0.022826621308922768,0.003126327646896243,0.07547958940267563,0.05863506719470024,0.06290081143379211,0.015408921055495739,0.22300028800964355,0.132012739777565,0.0764322280883789,0.000215651816688478,0.004545172210782766
811,0.01688333787024021,8.390218681597617e-06,0.008722647093236446,0.007142982445657253,0.00014035095227882266,0.8443490862846375,0.0016434836434200406,0.00018918300338555127,0.01953991688787937,0.0001761011517373845,0.0001090102014131844,0.012276362627744675,0.004455374553799629,0.01183654647320509,0.006689789239317179,0.05369056388735771,0.010846630670130253,0.0009803820867091417,1.1854015610879287e-05,0.00030134039116092026
812,0.0038866661489009857,2.0112951460760087e-05,0.006756397429853678,0.003422821406275034,0.0002760934003163129,0.02750871144235134,0.003344959346577525,0.0007386486395262182,0.006471720058470964,0.0009303616243414581,0.00035867744009010494,0.007057930342853069,0.005752801429480314,0.006567734759300947,0.905288815498352,0.012808703817427158,0.006879160180687904,0.001361724454909563,0.0001092774182325229,0.00045191755634732544
813,0.0549907460808754,1.2156794582551811e-05,0.04085027799010277,0.0057170274667441845,0.0006929845549166203,0.13993722200393677,0.0016917085740715265,0.0004694740055128932,0.001626139273867011,0.0011865419801324606,0.00030029978370293975,0.07235793024301529,0.005681378301233053,0.004352286923676729,0.000856257975101471,0.620447039604187,0.04677601158618927,0.0014746980741620064,1.9272751160315238e-05,0.0005560571444220841
814,0.044201407581567764,3.590486812754534e-06,0.0009504420449957252,0.0014359167544171214,0.1229444071650505,0.0020029337611049414,0.0006880732835270464,0.22227458655834198,0.0014849808067083359,0.3332575261592865,0.009078673087060452,0.0030580158345401287,0.002730246866121888,0.0027737051714211702,0.0011268211528658867,0.014171360991895199,0.02488323301076889,0.19978125393390656,0.0007394690765067935,0.01240553893148899
815,0.005886783357709646,8.506676181241346e-07,3.1898514862405136e-05,0.00021037165424786508,0.014433988370001316,0.00013902316277381033,5.6062493968056515e-05,0.46266236901283264,5.9940935898339376e-05,0.3398823142051697,0.020163414999842644,6.15503522567451e-05,0.00023026013514027,0.00030846521258354187,3.717057188623585e-05,0.00046534460852853954,0.00395594397559762,0.15048865973949432,9.509552182862535e-05,0.0008266325457952917
816,0.00024686826509423554,2.4542572418795316e-08,0.025949163362383842,0.970207154750824,3.2040916266851127e-06,0.00023461227829102427,5.4926225857343525e-05,8.390009497816209e-06,0.00013343439786694944,1.3816611499350984e-05,7.883895705163013e-06,0.00047698462731204927,2.5629935407778248e-05,0.001861605909653008,1.5512405298068188e-05,0.0003762489359360188,0.0003240494115743786,4.177997470833361e-05,5.255075166132883e-07,1.5893785530352034e-05
817,0.00014221141464076936,8.809487184180398e-08,0.9551047682762146,0.024486102163791656,2.1686325908376602e-06,0.001116267405450344,0.00012321534450165927,1.9371079815755365e-06,0.00034474406857043505,5.364346634451067e-06,2.7119153855892364e-06,0.015096863731741905,3.2048097637016326e-05,0.0009204588131979108,4.301083390600979e-05,0.0020726388320326805,0.0004808248777408153,6.8379213189473376e-06,3.6359188015921973e-07,1.5561707186861895e-05
818,0.006402313243597746,3.5823995858663693e-06,4.1765408241190016e-05,0.00022855029965285212,0.01036522164940834,6.714402115903795e-05,8.365625399164855e-05,0.24198007583618164,0.0004027508548460901,0.6525759100914001,0.011119282804429531,0.00022850041568744928,3.305107384221628e-05,0.0009280940284952521,0.00021333280892577022,0.0009333798079751432,0.005339350551366806,0.06791932880878448,0.00010717547411331907,0.0010217840317636728
819,0.0008444529375992715,5.026566213928163e-06,3.8936759665375575e-06,8.091300514934119e-06,0.009239735081791878,9.014513125293888e-06,1.2279231668799184e-05,0.09263364225625992,5.564240836974932e-06,0.8555784821510315,0.007601932622492313,1.3914126611780375e-05,2.4354769266210496e-05,4.369091766420752e-05,5.015887836634647e-06,5.575313116423786e-05,0.0005314568406902254,0.033111993223428726,3.153030775138177e-05,0.00022028913372196257
820,6.16293546045199e-05,8.304184575536055e-07,1.0822836884472053e-05,5.486179816216463e-06,0.9857121109962463,1.782310937414877e-05,4.439055555849336e-05,0.0010495726019144058,6.0076313275203574e-06,0.007494193501770496,0.00023430457804352045,3.922069663531147e-05,4.5983279051142745e-06,1.7453543478040956e-05,7.2141574491979554e-06,0.00011889865709235892,0.00011851295130327344,0.0005521120619960129,0.00018239273049402982,0.004320992156863213
821,0.0021040132269263268,1.00558122539951e-06,0.35527294874191284,0.07779636234045029,8.149486347974744e-06,0.011438812129199505,0.006100648548454046,1.1273243217146955e-05,0.07648243755102158,2.1614314391626976e-05,1.925218566611875e-05,0.36439862847328186,0.0009703483083285391,0.0421917587518692,0.007946106605231762,0.03987075015902519,0.015182805247604847,6.17062469245866e-05,2.2566987354366574e-06,0.00010375048441346735
822,0.0013412563130259514,3.472538537607761e-06,0.04381772130727768,0.04349257051944733,1.0284142263117246e-05,0.004170531406998634,0.0057726288214325905,2.7294023311696947e-05,0.3425413966178894,1.7743019270710647e-05,3.0817624065093696e-05,0.4207295775413513,0.0018847286701202393,0.05390823259949684,0.02342754602432251,0.036837536841630936,0.021756527945399284,0.00013620135723613203,1.1122793921458651e-06,7.867994281696156e-05
823,0.009264884516596794,2.46365812017757e-06,0.0004322850436437875,0.0012948544463142753,0.005487901624292135,0.0004438695323187858,0.00021839640976395458,0.2875641882419586,0.0008196154958568513,0.1531039923429489,0.008920839056372643,0.0016635159263387322,0.002592915203422308,0.002532724989578128,0.00032884819665923715,0.005004270933568478,0.09810563176870346,0.42134320735931396,1.838189382397104e-05,0.0008447482832707465
824,0.07691314071416855,1.0831039617187344e-05,0.04364432021975517,0.08941471576690674,0.000928203749936074,0.013956315815448761,0.00482903141528368,0.022538302466273308,0.028060847893357277,0.006884362548589706,0.001739046536386013,0.03995680809020996,0.003279320662841201,0.05691824108362198,0.003914932254701853,0.0679265707731247,0.12813888490200043,0.4097408056259155,4.97302380608744e-06,0.001194960786961019
825,0.09516077488660812,1.8955330233438872e-05,0.005912584252655506,0.015177655033767223,0.004880031570792198,0.00868924055248499,0.0033914989326149225,0.07411713153123856,0.023474905639886856,0.0362919382750988,0.0051313405856490135,0.014720841310918331,0.01234382577240467,0.021157993003726006,0.008871970698237419,0.07605446875095367,0.22059674561023712,0.370432585477829,3.603651202865876e-05,0.003534818533807993
826,0.1093875989317894,1.5008412447059527e-05,0.03627636656165123,0.03633372485637665,0.00033218832686543465,0.19130608439445496,0.003678308567032218,0.0021594385616481304,0.03803722560405731,0.0018615878652781248,0.0006071578827686608,0.06749605387449265,0.007930804044008255,0.04365716129541397,0.008229206316173077,0.23920787870883942,0.19660905003547668,0.01636407896876335,5.593747573584551e-06,0.0004954965552315116
827,0.002155620139092207,2.290189058840042e-06,0.645637035369873,0.1669432520866394,1.0139519872609526e-05,0.08132430911064148,0.0008593678358010948,1.2772540685546119e-05,0.007374833337962627,1.784185405995231e-05,7.2316761361435056e-06,0.04554155468940735,0.006730992812663317,0.017697270959615707,0.0009112141560763121,0.02033315971493721,0.004256082698702812,0.00010592883336357772,6.647614441135374e-07,5.473777127917856e-05
828,0.07261525839567184,2.029051393037662e-05,0.0875542089343071,0.1201772391796112,0.0006839964771643281,0.031688835471868515,0.01293085515499115,0.002781184855848551,0.09256959706544876,0.003661324270069599,0.0010359245352447033,0.10486071556806564,0.03684135898947716,0.15435488522052765,0.03006662428379059,0.12595003843307495,0.10671047121286392,0.013852017000317574,1.3296936231199652e-05,0.0016079231863841414
829,0.0016816852148622274,3.7896472804277437e-06,0.006216003559529781,0.0017088083550333977,1.473454358347226e-05,0.9816872477531433,6.556206062668934e-05,2.4017987016122788e-05,0.0002660741738509387,5.313875954016112e-05,1.571872599015478e-05,0.0023816945031285286,0.0004193545610178262,0.000402918754843995,0.00014898729568812996,0.0038557176012545824,0.0008855577325448394,0.00014955727965570986,1.112916152123944e-06,1.7240281522390433e-05
830,0.009160026907920837,2.138443960575387e-05,0.005853358190506697,0.0031799215357750654,0.26331207156181335,0.006446454208344221,0.0056542507372796535,0.005037990398705006,0.0008018675725907087,0.010222835466265678,0.0010289871133863926,0.006604502443224192,0.0017614583484828472,0.0022947920951992273,0.00040469056693837047,0.012178991921246052,0.010174254886806011,0.00869663991034031,0.0007309134234674275,0.6464030146598816
831,0.07832159101963043,5.4220268793869764e-05,0.05922487750649452,0.12404503673315048,0.012857879512012005,0.009297676384449005,0.009996704757213593,0.05575595796108246,0.021489130333065987,0.13070987164974213,0.0315895602107048,0.04259670898318291,0.0015292451716959476,0.08308904618024826,0.010540529154241085,0.07145724445581436,0.09467219561338425,0.13941781222820282,0.00024375994689762592,0.023106155917048454
832,0.029384346678853035,8.492795132042374e-06,0.3428657054901123,0.20039181411266327,6.347251473926008e-05,0.025473935529589653,0.003234033938497305,0.00018132905825041234,0.0888681411743164,0.0005535735399462283,0.00019591317686717957,0.0560450404882431,0.018253551796078682,0.10165100544691086,0.008026184514164925,0.08770012855529785,0.03557014465332031,0.0012415765086188912,5.333105946192518e-06,0.00026167448959313333
833,0.005652460269629955,4.5998740461072885e-06,0.5497661828994751,0.18610689043998718,4.8064444854389876e-05,0.013978364877402782,0.0012707324931398034,0.00012498836440499872,0.007958910427987576,0.00020208935893606395,0.0001121769892051816,0.10713498294353485,0.004622907843440771,0.020620811730623245,0.0010592618491500616,0.06901872903108597,0.031591374427080154,0.00057455018395558,2.456389211147325e-06,0.00014152411313261837
834,0.05769775062799454,0.003462625900283456,0.119808129966259,0.06725746393203735,0.046630993485450745,0.018098920583724976,0.01815885119140148,0.01812071166932583,0.02538960427045822,0.02530718594789505,0.006109456066042185,0.05166225880384445,0.020248977467417717,0.049689650535583496,0.006974237505346537,0.05672430247068405,0.06749863177537918,0.03387880325317383,0.0009031041990965605,0.3063667416572571
835,0.030607467517256737,1.5056186384754255e-05,0.2019134759902954,0.2626364231109619,0.00012711128511000425,0.03147056698799133,0.005737644620239735,0.00039317391929216683,0.07707111537456512,0.0005747093237005174,0.0002758773334790021,0.108756884932518,0.01744622178375721,0.11550619453191757,0.013512387871742249,0.09019497781991959,0.04105348885059357,0.001973918406292796,2.169828258047346e-05,0.000701162323821336
836,0.03554925322532654,8.515078661730513e-06,0.3524901568889618,0.23167861998081207,0.0005286381347104907,0.02129642851650715,0.005810360889881849,0.0015340603422373533,0.05785197392106056,0.0037857156712561846,0.0011395467445254326,0.06672602146863937,0.007816264405846596,0.09244818240404129,0.006252278108149767,0.06558901816606522,0.0431206114590168,0.0048776608891785145,4.8549369239481166e-05,0.0014292570995166898
837,0.0012439389247447252,0.9773991107940674,0.0022361590526998043,0.001596768037416041,0.00029604684095829725,0.002164588775485754,0.0002652617695275694,0.0004513479652814567,0.0023470823653042316,0.0005799740320071578,0.00012112136755604297,0.002252236707136035,0.0010108576389029622,0.0012504354817792773,0.0010423760395497084,0.0025362756568938494,0.00181733095087111,0.0008539970149286091,3.305096470285207e-05,0.0004937373450957239
838,0.0854295939207077,5.94762823311612e-05,0.04606831073760986,0.068328857421875,0.0031395917758345604,0.059347301721572876,0.010406939312815666,0.04025544971227646,0.06686387956142426,0.015920311212539673,0.00266531715169549,0.051868733018636703,0.008724788203835487,0.06042958050966263,0.016901064664125443,0.11039004474878311,0.1737714558839798,0.1760355532169342,5.405186675488949e-05,0.003319354960694909
839,0.016065387055277824,2.287663119204808e-05,0.05844230577349663,0.01677071861922741,0.0002701787743717432,0.663672924041748,0.005114451516419649,0.0007748791249468923,0.05125630274415016,0.0007262899307534099,0.00020247953943908215,0.07678021490573883,0.007697723340243101,0.017630819231271744,0.009448125027120113,0.04450904577970505,0.02594824507832527,0.003992248792201281,1.4956233826524112e-05,0.0006507869111374021
840,0.006538867950439453,1.2536504982563201e-05,0.0500367246568203,0.0150581831112504,0.00012539117597043514,0.8049379587173462,0.0012401505373418331,0.0003249392320867628,0.007172486279159784,0.000358530436642468,0.00016755337128415704,0.028931112959980965,0.0040931617841124535,0.006218749564141035,0.0014830396976321936,0.04149412736296654,0.029973844066262245,0.0015115505084395409,1.063681429513963e-05,0.0003044819750357419
841,0.05826496332883835,4.642918429453857e-05,0.018230345100164413,0.016988856717944145,0.10010181367397308,0.024590082466602325,0.008938235230743885,0.09275539964437485,0.024562515318393707,0.2124529927968979,0.02441273257136345,0.030379069969058037,0.03984501212835312,0.03614223375916481,0.007279377430677414,0.05003915727138519,0.07077588886022568,0.13396744430065155,0.0011533729266375303,0.04906684532761574
842,0.13603749871253967,3.6887871829094365e-05,0.07801105082035065,0.08898548036813736,0.0005005564307793975,0.04699152335524559,0.007095497101545334,0.0011241253232583404,0.06369384378194809,0.00211636396124959,0.0006959105376154184,0.054109904915094376,0.14315101504325867,0.05925785005092621,0.008515967056155205,0.23416319489479065,0.06736896932125092,0.006634007673710585,4.856404120801017e-05,0.0014421353116631508
843,0.023720763623714447,2.1714822651119903e-05,0.001206160057336092,0.0020682013127952814,0.03820386528968811,0.0014204347971826792,0.0024871535133570433,0.5702335238456726,0.002232614904642105,0.08636054396629333,0.02297218143939972,0.0030617439188063145,0.004995631519705057,0.0040534851141273975,0.001059519941918552,0.004174332600086927,0.028114892542362213,0.17670655250549316,0.0008054617210291326,0.026084713637828827
844,0.27450594305992126,6.725981802446768e-05,0.006300064269453287,0.02155502326786518,0.0009415874956175685,0.03598880395293236,0.008573207072913647,0.0025126198306679726,0.24124589562416077,0.006037925370037556,0.006042356602847576,0.02158377878367901,0.003155054524540901,0.16109924018383026,0.06270555406808853,0.09245626628398895,0.044638846069574356,0.008837218396365643,8.886784053174779e-05,0.0016583544202148914
845,9.478218998992816e-05,4.09631667253052e-07,0.9817122220993042,0.008300340734422207,2.0138870695518563e-06,0.000587189570069313,0.00011659720621537417,3.412222213228233e-06,0.000307536858599633,4.058774266013643e-06,1.7501241700301762e-06,0.007578237913548946,6.0282458434812725e-05,0.00042176127317361534,4.439568874659017e-05,0.0005780885694548488,0.00015612877905368805,1.237678498000605e-05,1.726933476220438e-07,1.3708295227843337e-05
846,0.011370770633220673,8.388218702748418e-06,0.00015678079216741025,0.0006450851797126234,0.0024094705004245043,0.00020480506645981222,0.0002365531981922686,0.018823299556970596,0.0017259916057810187,0.9309513568878174,0.014991022646427155,0.00039847326115705073,0.00013178882363718003,0.0028045482467859983,0.0008665837813168764,0.0015199609333649278,0.00199610716663301,0.010133743286132812,3.4459259040886536e-05,0.000587700167670846
847,0.01954837329685688,2.3803264411981218e-05,0.00018791211186908185,0.0010275810491293669,0.004685838706791401,0.0002939020923804492,0.00028577420744113624,0.4841485619544983,0.0006206676480360329,0.1192522943019867,0.021043604239821434,0.0002890694886445999,8.297837484860793e-05,0.0015725152334198356,0.00023281321045942605,0.0018264484824612737,0.010253127664327621,0.3321897089481354,7.729392382316291e-05,0.0023541110567748547
848,0.0006463198806159198,0.9939016103744507,0.000495924090500921,0.00040671552415005863,0.00023600779240950942,0.0002945697633549571,5.434675404103473e-05,0.0004745567566715181,0.0001386897056363523,0.000591938616707921,0.00011770161654567346,0.00030827251612208784,6.202965596457943e-05,0.00017837669292930514,8.839833753881976e-05,0.0005081406561657786,0.0004955742624588311,0.0007362415781244636,3.2320043828804046e-05,0.00022385059855878353
849,0.6855484247207642,2.5259343601646833e-05,0.0050802649930119514,0.022066917270421982,0.0009392703068442643,0.020573407411575317,0.0017560843843966722,0.005970535799860954,0.004390079062432051,0.007969682104885578,0.005681282840669155,0.010809806175529957,0.0009417516994290054,0.02351311407983303,0.001664580311626196,0.1022263839840889,0.060899436473846436,0.038511380553245544,4.6480668970616534e-05,0.00138024368789047
850,0.0026288065128028393,6.807497811678331e-06,0.0019682440906763077,0.017876075580716133,6.461737211793661e-05,0.0015947939828038216,0.004075168631970882,0.00016711215721443295,0.024517090991139412,0.000524063769262284,0.0007023380021564662,0.0034807550255209208,0.0010368762305006385,0.9113284349441528,0.017484668642282486,0.005230554845184088,0.006512334104627371,0.0004465713573154062,3.778285827138461e-05,0.0003135018050670624
851,0.010721489787101746,7.289735367521644e-05,0.03682560846209526,0.05592503398656845,0.006036787759512663,0.00618694256991148,0.07285088300704956,0.0009054379188455641,0.036914050579071045,0.0014647439820691943,0.0018940884619951248,0.12845484912395477,0.0006313486373983324,0.0815163254737854,0.01432434655725956,0.07184579223394394,0.03900997340679169,0.0036812808830291033,0.001170756877399981,0.42955461144447327
852,0.0019756329711526632,8.217543654609472e-05,0.0001700454013189301,0.00011671635002130643,0.1766274869441986,0.0001671231002546847,0.008412113413214684,0.003422690322622657,8.705179061507806e-05,0.007286328822374344,0.0020061456598341465,0.001989363692700863,8.036178041948006e-05,0.0003980156616307795,0.00016885282821021974,0.0012798768002539873,0.0010449184337630868,0.004557367879897356,0.02171756513416767,0.7683935761451721
853,0.009593789465725422,1.2482883903430775e-05,0.07088404148817062,0.02906702645123005,0.00019592551689129323,0.005594486836344004,0.010825769044458866,0.00011491588520584628,0.08241117000579834,0.0016721026040613651,0.002042298438027501,0.6748738288879395,0.00037789641646668315,0.08107920736074448,0.012635216116905212,0.0154126500710845,0.002147909952327609,0.00026962903211824596,2.3909322408144362e-05,0.0007618451490998268
854,0.0013287734473124146,1.1060360520787071e-05,0.015390723012387753,0.0019339538412168622,3.0359989978023805e-05,0.9657444357872009,0.00027719736681319773,2.9818553230143152e-05,0.000319240934913978,5.4999542044242844e-05,3.9110684156185016e-05,0.00807049311697483,0.0003379759727977216,0.0005055057699792087,0.0002389364963164553,0.004773236811161041,0.0006937317666597664,0.00012709308066405356,1.2770670764439274e-05,7.771875971229747e-05
855,0.0025418023578822613,3.2476258638780564e-05,6.507059879368171e-05,0.0003021754091605544,0.014775488525629044,0.00015764975978527218,0.0004387947265058756,0.45382440090179443,0.0004924476379528642,0.3561272621154785,0.032245952636003494,0.0004163178091403097,9.022139420267195e-05,0.0017407785635441542,0.00031230447348207235,0.0005235780263319612,0.003200139384716749,0.12980350852012634,0.00030692797736264765,0.00260069128125906
856,0.02654862403869629,0.00012025368050672114,0.056264523416757584,0.07277967035770416,0.004534972365945578,0.003045341931283474,0.01404001284390688,0.01685897819697857,0.08371227234601974,0.045086994767189026,0.09924858808517456,0.12111030519008636,0.015487144701182842,0.14883734285831451,0.039784353226423264,0.06610836088657379,0.1515084058046341,0.02171696536242962,0.0010076103499159217,0.012193507514894009
857,0.008533956483006477,8.463903213851154e-05,0.00023696187417954206,0.0010578955989331007,0.004828764591366053,0.0004051332944072783,0.0008298276807181537,0.303622841835022,0.00041205750312656164,0.038481488823890686,0.012545673176646233,0.0013818542938679457,0.0002986635663546622,0.0022963068913668394,0.0003164389927405864,0.002573376754298806,0.013797461055219173,0.6029331684112549,0.00011428137077018619,0.005247078370302916
858,0.0035188652109354734,7.263264706125483e-05,2.207296529377345e-05,4.6920347813284025e-05,0.0038869003765285015,0.00013390631647780538,5.4410753364209086e-05,0.02566440962255001,4.163466292084195e-05,0.91175377368927,0.02937346138060093,0.0002493129577487707,0.000726221245713532,0.0004865193332079798,5.278692697174847e-05,0.000484431249788031,0.0020740486215800047,0.020945852622389793,4.2097050027223304e-05,0.00036552094388753176
859,0.002234926912933588,5.8732484831125475e-06,0.0002931628259830177,0.0002673132112249732,1.8490947695681825e-05,0.0003820882993750274,9.695449989521876e-05,3.8563041016459465e-05,0.0001422630884917453,0.00026151491329073906,6.96628267178312e-05,0.0002965104940813035,0.9916715025901794,0.0005884108250029385,8.21458306745626e-05,0.002280256012454629,0.001124778762459755,0.00011313077266095206,2.069133870463702e-06,2.748742190306075e-05
860,0.03789529576897621,4.518634159467183e-05,0.04247959703207016,0.02516813948750496,0.00014804815873503685,0.21931105852127075,0.0018112938851118088,0.00013481364294420928,0.004913824610412121,0.00040418244316242635,0.00033195989090017974,0.029937541112303734,0.5550790429115295,0.013368731364607811,0.0017446075798943639,0.05205106735229492,0.0136782918125391,0.0008030439494177699,5.382514063967392e-05,0.0006322588305920362
861,0.027832772582769394,9.923690959112719e-05,0.000513352919369936,0.0039589060470461845,0.006437808275222778,0.0013520523207262158,0.0011081811971962452,0.1437113732099533,0.003679741406813264,0.041846927255392075,0.029386010020971298,0.0007173176854848862,0.0011558838887140155,0.011436399072408676,0.001321772811934352,0.010926716029644012,0.03738045692443848,0.6729540824890137,0.00011655112757580355,0.0040610008873045444
862,0.012063033878803253,7.653080683667213e-05,3.14520912070293e-05,0.0001647594472160563,0.006076247431337833,0.00017263120389543474,0.0001909006095957011,0.3325735926628113,0.00011915204231627285,0.05752451717853546,0.04029881954193115,0.00025731162168085575,0.0025368668138980865,0.0012140626786276698,7.332621316891164e-05,0.0006004637689329684,0.007540260907262564,0.5369676947593689,0.00010271498467773199,0.0014040927635505795
863,0.017956819385290146,5.857803262188099e-05,0.05456971004605293,0.02348383143544197,8.902760600904003e-05,0.03234919533133507,0.0036284036468714476,0.0001712199009489268,0.02899928204715252,0.0002471350599080324,0.0003967619559261948,0.09087355434894562,0.04077707231044769,0.026383355259895325,0.008077675476670265,0.37765535712242126,0.29299119114875793,0.0007597261574119329,1.6489448171341792e-05,0.0004994908231310546
864,0.016190268099308014,3.7082234030094696e-06,0.37474170327186584,0.18705858290195465,4.3538624595385045e-05,0.01908060535788536,0.0040808673948049545,7.303255551960319e-05,0.016800301149487495,0.00011137004912598059,0.00017986982129514217,0.08874738961458206,0.13361400365829468,0.06605516374111176,0.0022597983479499817,0.06827697157859802,0.021856559440493584,0.0004318613500799984,1.4256834219850134e-05,0.00036013973294757307
865,0.16298747062683105,4.480287771002622e-06,0.1476505547761917,0.14401870965957642,0.0012894481187686324,0.048953812569379807,0.006418774835765362,0.0026732031255960464,0.017876284196972847,0.006883174646645784,0.0055775512009859085,0.0564642995595932,0.015067553147673607,0.11766855418682098,0.002799788722768426,0.14499647915363312,0.10276632755994797,0.011846618726849556,0.00039763262611813843,0.0036520434077829123
866,0.03526972234249115,6.289405428105965e-05,0.00421011820435524,0.010900940746068954,0.03727332130074501,0.002717905445024371,0.006278028711676598,0.03786740452051163,0.03439991548657417,0.2690693438053131,0.15735602378845215,0.011653613299131393,0.00012378121027722955,0.2057722806930542,0.01795247569680214,0.015502613969147205,0.05215034261345863,0.048138443380594254,0.0036400288809090853,0.04965421184897423
867,0.21297430992126465,0.0003559160977602005,0.00048331054858863354,0.008820955641567707,0.006863711401820183,0.008978215977549553,0.006187779828906059,0.1075751855969429,0.019790740683674812,0.08035573363304138,0.07495421916246414,0.013293654657900333,0.0005424236878752708,0.05583254247903824,0.011855930089950562,0.06899529695510864,0.13782565295696259,0.16911037266254425,0.0003134607686661184,0.014886024408042431
868,0.21778719127178192,5.831160524394363e-05,0.015172172337770462,0.009538731537759304,0.001461921026930213,0.12508943676948547,0.010895299725234509,0.0027482244186103344,0.038948941975831985,0.004703798796981573,0.004559637047350407,0.13559703528881073,0.0028303496073931456,0.041708432137966156,0.013664771802723408,0.2353864163160324,0.12750251591205597,0.008436045609414577,0.00024837563978508115,0.0036567498464137316
869,0.03943396732211113,9.343690180685371e-05,0.00818398967385292,0.013673707842826843,0.0033264048397541046,0.10845432430505753,0.044789545238018036,0.0019878163002431393,0.12377849966287613,0.00584107730537653,0.021687543019652367,0.038739703595638275,0.007172007113695145,0.22784364223480225,0.03606373816728592,0.14100868999958038,0.156350776553154,0.004183263052254915,0.0011098315007984638,0.01627260446548462
870,0.0007686494500376284,0.00038153576315380633,6.942003528820351e-05,0.00021493443637154996,0.024841858074069023,0.0002616027486510575,0.01691623218357563,0.0004863006470259279,0.00034496455918997526,0.0014312313869595528,0.001311299274675548,0.0006050262600183487,1.1082635865022894e-05,0.0039041643030941486,0.0003563491627573967,0.0015774768544360995,0.0016103395028039813,0.0006355316145345569,0.007284988649189472,0.9369834065437317
871,0.006018332205712795,5.80497580813244e-05,0.0016212014015763998,0.002568593015894294,9.240754479833413e-06,0.032855503261089325,0.0022090959828346968,1.1220902706554625e-05,0.003292987821623683,8.002822141861543e-06,4.948666173731908e-05,0.07465236634016037,0.0002972659422084689,0.01096285693347454,0.001174603821709752,0.6804085969924927,0.18355759978294373,6.919596489751711e-05,6.569207016582368e-06,0.00016088897245936096
872,0.038183700293302536,5.326337122824043e-05,0.001873682951554656,0.0008391935843974352,7.727964839432389e-05,0.3784831762313843,0.001106788287870586,9.33128540054895e-05,0.0022329152561724186,0.00010298860433977097,0.0003814638184849173,0.05433104932308197,0.02364918775856495,0.006598291918635368,0.000654485251288861,0.34182852506637573,0.1486586630344391,0.0005155677790753543,2.707922067202162e-05,0.000304941349895671
873,0.17260563373565674,0.00024359981762245297,0.000836525927297771,0.0011366162216290832,0.0007346374914050102,0.25783032178878784,0.0009743230184540153,0.0014379114145413041,0.0007959749200381339,0.0019487901590764523,0.004983674269169569,0.01938341185450554,0.006388529669493437,0.011469817720353603,0.0003042843600269407,0.31623542308807373,0.19510583579540253,0.005144476890563965,0.00018863900913856924,0.002248921198770404
874,0.022411737591028214,0.00025624255067668855,5.540376150747761e-05,0.0014101997949182987,0.011732897721230984,0.002250796416774392,0.0008371272124350071,0.053327400237321854,0.0006687030545435846,0.6177260279655457,0.17067091166973114,0.0032507432624697685,0.00015598529716953635,0.031038479879498482,0.0002954876981675625,0.012027716264128685,0.028794661164283752,0.03753569349646568,0.000645045714918524,0.004905810579657555
875,0.02388361468911171,5.9342619351809844e-05,6.244519317988306e-05,0.0007436292944476008,0.01667548157274723,0.0012178899487480521,0.0007365867495536804,0.21392953395843506,0.0008208880317397416,0.1858833283185959,0.12204394489526749,0.000976641895249486,3.847309199045412e-05,0.009017784148454666,0.00032185521558858454,0.007776505313813686,0.2325686514377594,0.14483726024627686,0.003891157219186425,0.03450784459710121
876,0.4493257999420166,0.00019818253349512815,0.0001364711788482964,0.0002715896989684552,0.0022213582415133715,0.25843045115470886,0.00019990067812614143,0.0030537894926965237,0.00014094833750277758,0.0033594840206205845,0.006201872136443853,0.00023153627989813685,0.000629336223937571,0.0014364025555551052,5.957415123702958e-05,0.08534016460180283,0.17261211574077606,0.014307208359241486,0.00040125305531546474,0.0014400400687009096
877,0.04100123420357704,0.00018606820958666503,0.0006236865883693099,0.0005870414315722883,6.013585880282335e-05,0.6215298175811768,0.00018039321003016084,4.6470235247397795e-05,0.00020918057998642325,8.62913511809893e-05,0.00019183135009370744,0.010972049087285995,0.006280278787016869,0.002589145442470908,6.513650441775098e-05,0.26882973313331604,0.04610477387905121,0.0003228138666599989,1.9089124180027284e-05,0.00011230411473661661
878,0.05061296746134758,0.0007550964364781976,0.00025826646015048027,0.002124463440850377,0.00014969991752877831,0.30320337414741516,0.0001560593955218792,0.00021303651737980545,0.0001315241534030065,0.00031400093575939536,0.000593522738199681,0.0006594992591999471,0.0002518959518056363,0.010452039539813995,5.4126685427036136e-05,0.5962937474250793,0.032526399940252304,0.0010721352882683277,2.3215170585899614e-05,0.00015197659377008677
879,0.055328480899333954,0.0002934477524831891,2.058541213045828e-05,0.00026094159693457186,0.032744113355875015,0.0011884793639183044,0.00018055892724078149,0.4046928882598877,7.738551357761025e-05,0.0943838432431221,0.08410635590553284,1.0531783118494786e-05,0.00014896005450282246,0.0010336292907595634,2.4717955966480076e-05,0.0031579385977238417,0.010002944618463516,0.2920173406600952,0.0055341399274766445,0.014785208739340305
880,0.3076140880584717,0.00023316244187299162,0.0005121303256601095,0.0019744618330150843,0.010551664046943188,0.09676650166511536,0.0007114603649824858,0.014472758397459984,0.0005110101774334908,0.017396334558725357,0.01782981865108013,0.004563804250210524,0.000919950834941119,0.009979881346225739,0.00012352461635600775,0.21728664636611938,0.24969063699245453,0.04111657664179802,0.0017707630759105086,0.005971486680209637
881,0.08544615656137466,0.0002165958285331726,0.0009008678607642651,0.00229668035171926,0.0006394539377652109,0.6371630430221558,0.00041325483471155167,0.00030820004758425057,0.000508939556311816,0.0012303999392315745,0.0019695761147886515,0.015297060832381248,0.0008454310591332614,0.012605920433998108,0.00021061407460365444,0.18043939769268036,0.05740411952137947,0.0012618816690519452,0.0002829606819432229,0.000553123711142689
882,0.0377163290977478,0.00023350416449829936,0.0003393477527424693,0.0006189808482304215,0.0002794734900817275,0.8518584370613098,0.00013428095553535968,0.00016628896992187947,0.00024589139502495527,0.0003576586314011365,0.000683918478898704,0.000784476927947253,0.0007308778585866094,0.0037107698153704405,0.00015781067486386746,0.0937645211815834,0.00722549669444561,0.0005383241223171353,0.00021487953199539334,0.0002354753960389644
883,0.18965104222297668,0.0008485028520226479,5.297607640386559e-05,0.0002477369853295386,0.0786823257803917,0.00680268881842494,0.00011448645091149956,0.12028075009584427,7.52535488572903e-05,0.33469894528388977,0.05925425887107849,0.0006567441741935909,0.0020622452720999718,0.0007705581374466419,3.3125637855846435e-05,0.02294776774942875,0.03202105686068535,0.12681664526462555,0.019190195947885513,0.004788996186107397
884,0.2834726870059967,0.00042284722439944744,0.000549436779692769,0.0005147667252458632,0.03774705156683922,0.025658218190073967,0.00022154139878693968,0.05009041726589203,0.0004996696952730417,0.055975671857595444,0.034870244562625885,0.0057290527038276196,0.0025024451315402985,0.0032963817939162254,0.0001690979115664959,0.11162746697664261,0.29709723591804504,0.08346018195152283,0.003483858425170183,0.0026054850313812494
885,0.21804207563400269,0.001312490552663803,0.0002655785356182605,0.0006601493223570287,0.09775755554437637,0.13307583332061768,0.0004820993053726852,0.058587703853845596,0.00013756185944657773,0.10297884792089462,0.08346375077962875,0.0025909957475960255,0.0019198585068807006,0.00486441794782877,0.00012694626639131457,0.09004534035921097,0.10148213803768158,0.09112341701984406,0.00526058953255415,0.005812957417219877
886,0.03475349023938179,9.040730219567195e-05,0.0011063722195103765,0.0006031569791957736,0.00037567806430161,0.9188901782035828,0.00018801752594299614,0.0001690908393356949,0.00021658958576153964,0.0003108592936769128,0.0003002918674610555,0.00261127483099699,0.004474862944334745,0.0026215938851237297,0.0001021450079861097,0.02815842255949974,0.0041585080325603485,0.0006088736117817461,0.00012072650861227885,0.00013774335093330592
887,0.19614599645137787,0.0002058045647572726,0.00011974263907177374,0.0003881332522723824,0.0813201442360878,0.010034517385065556,0.000287903705611825,0.08852530270814896,0.0008151971269398928,0.2896241843700409,0.030033277347683907,0.0005564831662923098,0.017246896401047707,0.005327112041413784,0.0002905879227910191,0.022911563515663147,0.11888924986124039,0.1168333888053894,0.017874887213110924,0.0025586069095879793
888,0.1139155775308609,0.0004926770343445241,0.00042066743480972946,0.000642928178422153,0.0031456949654966593,0.1974005401134491,0.0010713216615840793,0.0019332513911649585,0.0002202699106419459,0.002259650034829974,0.003933703526854515,0.011667219921946526,0.012710154056549072,0.02030094712972641,0.0001536827185191214,0.29983967542648315,0.3219282925128937,0.006490213796496391,0.0005457423394545913,0.0009223584202118218
889,0.4426402449607849,0.0006969843525439501,0.0004835223371628672,0.0012319922680035233,0.0029535896610468626,0.05545514076948166,0.0008738983306102455,0.004768045619130135,0.00048772426089271903,0.029695037752389908,0.052524060010910034,0.018976913765072823,0.005534016527235508,0.025702929124236107,0.00035919208312407136,0.22679908573627472,0.11966417729854584,0.009837383404374123,0.0004362814943306148,0.0008740891353227198
890,0.6739588379859924,0.000171149309608154,0.0009085238561965525,0.00038690882502123713,0.003720880253240466,0.1059117317199707,0.0003822109429165721,0.0029597554821521044,0.0004786737263202667,0.007327554281800985,0.003609426785260439,0.004402406048029661,0.00821255799382925,0.002012704499065876,0.00030547232017852366,0.15643644332885742,0.018747195601463318,0.008558511734008789,0.0002812479215208441,0.0012253141030669212
891,0.041625961661338806,0.00027071149088442326,2.8710997867165133e-05,7.024129445198923e-05,0.5406625270843506,0.0015355085488408804,0.00013421732001006603,0.0524585098028183,8.35699902381748e-05,0.1998918205499649,0.05244705080986023,0.0003468471113592386,0.0010497395414859056,0.0007835927535779774,7.014430593699217e-05,0.005325432401150465,0.009916707873344421,0.0767521932721138,0.009879529476165771,0.006661415100097656
892,0.44933199882507324,0.0002729389816522598,0.00027096335543319583,0.00040710842586122453,9.826262248679996e-05,0.25039219856262207,0.00012216497270856053,8.260831236839294e-05,7.59175673010759e-05,0.00010254694643663242,0.0005650197854265571,0.006469048094004393,0.0006922730826772749,0.005748712923377752,4.6102359192445874e-05,0.2540040910243988,0.030480852350592613,0.0007435517618432641,1.391015302942833e-05,7.655671652173623e-05
893,0.03877647593617439,9.071276872418821e-05,0.00010239674156764522,0.00028739080880768597,0.008484006859362125,0.004012608900666237,0.0004508976708166301,0.4769890606403351,0.0006674285978078842,0.04412301629781723,0.02562445029616356,0.003914392087608576,0.00035983361885882914,0.0053873066790401936,0.0005634683766402304,0.006404888816177845,0.07530570030212402,0.3049600422382355,0.0002922397980000824,0.003197502112016082
894,0.00015589577378705144,1.1708914371411083e-06,1.8653343431651592e-05,8.003483344509732e-06,3.5210239275329513e-06,0.00023967713059391826,2.8100777853978798e-05,5.134573711984558e-06,3.2859934435691684e-05,1.161217278422555e-05,4.812659881281434e-06,0.0001336125424131751,0.9987782835960388,0.00017071580805350095,4.5796350605087355e-05,0.0002445600985083729,9.239144128514454e-05,1.9652916307677515e-05,7.885666377660527e-07,4.387801709526684e-06
895,0.0011647616047412157,0.00012049815995851532,1.7506023141322657e-05,2.7538530048332177e-05,0.8646937608718872,0.00025350661599077284,0.0013795704580843449,0.002781178802251816,8.642831380711868e-05,0.007233207579702139,0.005972201935946941,0.001025591162033379,0.00011061815166613087,0.001028665923513472,0.00011847151472466066,0.0007912379805929959,0.0013353535905480385,0.004363305866718292,0.04176539555191994,0.0657278373837471
896,0.1815817803144455,0.00025996656040661037,0.00040014556725509465,0.0020067202858626842,0.00040908990195021033,0.009076991118490696,0.006404561456292868,0.0021259516943246126,0.0005315509624779224,0.001535602379590273,0.004877767991274595,0.02470386028289795,0.0001708644413156435,0.5357136726379395,0.00035350528196431696,0.1727040559053421,0.04869532212615013,0.007893556728959084,4.1799397877184674e-05,0.0005014985799789429
897,0.09700834006071091,0.00018335228378418833,0.0008855073829181492,0.02995622530579567,0.002871037693694234,0.0088396817445755,0.01858694665133953,0.00749614555388689,0.006365127861499786,0.06561541557312012,0.06114010885357857,0.05716956779360771,0.00015738201909698546,0.47101813554763794,0.004382975399494171,0.052673522382974625,0.09435172379016876,0.013224311172962189,0.00044425876694731414,0.007622838485985994
898,0.0700451135635376,5.357819827622734e-05,0.007639120798557997,0.01599147729575634,0.00031798737472854555,0.07079567015171051,0.021468471735715866,8.188232459360734e-05,0.007272118702530861,0.0003427662595640868,0.0012361097615212202,0.148321270942688,0.0002999002463184297,0.48222705721855164,0.004360434133559465,0.12291396409273148,0.044323403388261795,0.0005542060825973749,0.00010767622734420002,0.001642896211706102
899,0.03247575834393501,0.0003744219720829278,0.00020151487842667848,0.0006055171834304929,0.0012057694839313626,0.00040086149238049984,0.00023076246725395322,0.09114240854978561,0.00027772740577347577,0.2012460082769394,0.2266702651977539,0.007364329416304827,2.8635235139518045e-05,0.008547581732273102,0.00012241987860761583,0.00507616251707077,0.1352306753396988,0.2883404791355133,6.823869625804946e-05,0.0003825546591542661
900,0.2551440894603729,3.3764295949367806e-05,0.0030410727486014366,0.020690923556685448,0.00010656132508302107,0.020360887050628662,0.0028853225521743298,0.0002949496847577393,0.0029320947360247374,0.0004457941686268896,0.0016966229304671288,0.024824539199471474,5.256708027445711e-05,0.6242900490760803,0.002071511000394821,0.030122490599751472,0.00930267944931984,0.0013650937471538782,3.1014340493129566e-05,0.00029976406949572265
901,0.23117919266223907,0.00010628208838170394,0.000981655903160572,0.0011113799409940839,0.009426570497453213,0.004917880054563284,0.02583167515695095,0.0006685286643914878,0.0011636886047199368,0.0014132913202047348,0.0012000533752143383,0.011865374632179737,2.7964439141214825e-05,0.005607942119240761,0.0011563682928681374,0.028972407802939415,0.010163763538002968,0.004608046729117632,0.000629933609161526,0.6589495539665222
902,0.00017358802142553031,3.750174801098183e-05,2.0558083633659407e-05,3.0419003451243043e-05,6.161977944429964e-05,0.00013428305101115257,0.0013425340875983238,7.219502003863454e-05,0.005784901324659586,0.0001766466157278046,0.0001628624158911407,0.000501873844768852,8.939103281591088e-06,0.001394798280671239,0.9892672300338745,0.00024183238565456122,0.0002741333737503737,0.00010899761400651187,8.191329834517092e-05,0.00011944281141040847
903,0.001442274427972734,3.2328276574844494e-05,1.2707872883765958e-05,2.1578778614639305e-05,0.004678457975387573,5.455789505504072e-05,5.656554640154354e-05,0.08887632191181183,1.036526828102069e-05,0.8445832133293152,0.04751983657479286,7.587079016957432e-05,6.623555236728862e-06,0.00018423129222355783,1.6323721865774132e-05,0.00014702424232382327,0.0004165421996731311,0.011615278199315071,5.730108023271896e-05,0.00018904154421761632
904,0.0020376909524202347,1.0818462214956526e-05,0.11716249585151672,0.007777469232678413,3.492402538540773e-05,0.004248146433383226,0.002534175291657448,3.891715459758416e-05,0.0010935381287708879,3.843889498966746e-05,8.86924026417546e-05,0.8433037400245667,3.2253749395749765e-06,0.007088521029800177,0.0003722894180100411,0.01109384372830391,0.0026627115439623594,8.482812700094655e-05,9.2545988081838e-06,0.0003111592959612608
905,0.1643744856119156,0.0008456695941276848,0.005302957724779844,0.018528679385781288,0.007312161847949028,0.09119097143411636,0.06374386698007584,0.010091596283018589,0.0067009348422288895,0.01723087579011917,0.016398916020989418,0.02470886893570423,6.09890375926625e-05,0.20605653524398804,0.007423330098390579,0.08535937964916229,0.054319340735673904,0.06118087098002434,0.0011314027942717075,0.1580270379781723
906,0.0014942894922569394,1.22269657367724e-05,1.2873057130491361e-05,4.232844730722718e-05,0.007705820258706808,4.510418148129247e-05,3.570969056454487e-05,0.25631991028785706,6.788820883230073e-06,0.5313416719436646,0.03545408695936203,0.00012751171016134322,2.135202521458268e-05,0.00040588792762719095,8.107769644993823e-06,3.4967877581948414e-05,5.92214273638092e-05,0.16583901643753052,0.0003945495991501957,0.0006382034625858068
907,0.284701406955719,0.00010748350177891552,0.009503738023340702,0.016807133331894875,0.0004246150201652199,0.1986779123544693,0.0015432486543431878,0.0011746688978746533,0.001480197417549789,0.003168942406773567,0.012239256873726845,0.0024187618400901556,0.00020343129290267825,0.157073512673378,0.0012398423859849572,0.16811072826385498,0.13710981607437134,0.0031619765795767307,7.678533438593149e-05,0.0007691531791351736
908,0.0060037183575332165,3.0869425245327875e-05,9.05242413864471e-05,0.0002265625080326572,0.007554039824754,0.00019417249131947756,0.00046118671889416873,0.18456144630908966,0.00025449725217185915,0.551626443862915,0.04453359916806221,0.000533212092705071,4.883957080892287e-05,0.0013073537265881896,0.000268367090029642,0.0008328480180352926,0.005272624548524618,0.19304746389389038,0.00020683022739831358,0.0029365273658186197
909,0.018075890839099884,4.520136280916631e-05,0.00036397826625034213,0.0002468841557856649,0.002150045009329915,0.0009249671129509807,0.00039872335037216544,0.0018257010960951447,0.00023422209778800607,0.0015993242850527167,0.0030712136067450047,0.00538807874545455,4.030849595437758e-05,0.0014895673375576735,0.0001719867723295465,0.02656514011323452,0.9320542216300964,0.003834646428003907,0.0002034407516475767,0.001314028981141746
910,0.013058536686003208,7.746509800199419e-05,0.0012254018802195787,0.18271896243095398,0.0005139513523317873,0.00196297955699265,0.0038505196571350098,0.0025537714827805758,0.0002794715401250869,0.025245141237974167,0.030251238495111465,0.0014642899623140693,5.716634859709302e-06,0.7073189616203308,0.00011157505650771782,0.007415085565298796,0.01215203758329153,0.009549366310238838,1.562071338412352e-05,0.00022758077830076218
911,0.005474123638123274,9.525912901153788e-06,0.042919158935546875,0.0032875281758606434,5.708842218155041e-05,0.012593601830303669,0.0019420228200033307,4.1491974116070196e-05,0.0012221714714542031,8.74391698744148e-05,0.00015152822015807033,0.8857828378677368,2.9052007448626682e-06,0.005354789085686207,0.0004511466540861875,0.03423649072647095,0.0060078236274421215,0.00011241747415624559,1.0979724720527884e-05,0.0002528380136936903
912,0.005297574680298567,4.0616945625515655e-05,2.977175790874753e-05,0.00011382703087292612,0.0012140709441155195,3.409747296245769e-05,6.187145481817424e-05,0.3310532867908478,0.00010170900350203738,0.056490566581487656,0.009100367315113544,9.631865395931527e-05,6.438870514102746e-06,0.0002624046755954623,8.77927741385065e-05,0.00019338195852469653,0.002544824965298176,0.5928042531013489,3.762651977012865e-05,0.0004270744975656271
913,7.93692670413293e-05,1.8676475974643836e-06,2.303933115399559e-06,5.304302248987369e-06,0.001636694883927703,2.661996632014052e-06,1.8715909391175956e-05,0.0070601655170321465,6.477491751866182e-07,0.9773245453834534,0.01144192460924387,4.317669663578272e-05,9.200957720167935e-07,5.480317122419365e-05,2.0799259345949395e-06,3.396501597308088e-06,7.950143299240153e-06,0.0020619311835616827,0.00016415875870734453,8.714939758647233e-05
914,0.09733208268880844,7.862215716158971e-05,0.002015642821788788,0.010486569255590439,0.060970768332481384,0.002373778261244297,0.020620230585336685,0.0506238229572773,0.005647450219839811,0.21282745897769928,0.13972026109695435,0.01580977998673916,3.0603281629737467e-05,0.08858127892017365,0.0040078614838421345,0.0360281728208065,0.06720335781574249,0.09676416218280792,0.0008418487850576639,0.08803169429302216
915,0.006798567250370979,2.5913341232808307e-06,0.02756967768073082,0.8454815745353699,0.00015754062042105943,0.0029903429094702005,0.008555954322218895,6.590754492208362e-05,0.012501902878284454,0.0002989494241774082,0.00030718345078639686,0.018021637573838234,4.681201517087175e-06,0.06423615664243698,0.004258199594914913,0.004167227540165186,0.0028971070423722267,0.00026695255655795336,7.511660805903375e-05,0.0013403090415522456
916,4.5028398744761944e-05,1.6164598264367669e-06,0.001315106637775898,0.00010119165381183848,1.5619197029081988e-06,0.00030407903250306845,0.0007670572958886623,1.5443753227373236e-06,0.00022325939789880067,1.0922713045147248e-06,2.589752739368123e-06,0.9940475225448608,1.3850524283043342e-07,0.00041866287938319147,7.083725358825177e-05,0.0022307371255010366,0.00042370136361569166,1.833347482715908e-06,4.981081360710959e-07,4.004202492069453e-05
917,0.0011378894560039043,1.320261708315229e-05,0.00045719262561760843,0.012172036804258823,0.00014843967801425606,0.0011858391808345914,0.0017350849229842424,0.0003195765311829746,0.00025428368826396763,0.0004627292510122061,0.00043096032459288836,0.0008897195803001523,6.600896540476242e-06,0.9762898087501526,0.0002236009167972952,0.001581126474775374,0.002065078355371952,0.0005461127148009837,3.1767522159498185e-06,7.645983714610338e-05
918,0.026050245389342308,1.723228706396185e-05,0.0007112682797014713,0.004389812238514423,0.0002995019603986293,0.001370802870951593,0.007050106767565012,0.00690698716789484,0.6505010724067688,0.027747755870223045,0.008355841040611267,0.00861529354006052,0.00011019605153705925,0.08470199257135391,0.1591995507478714,6.877385749248788e-05,0.00012494830298237503,0.013410147279500961,6.69933797325939e-05,0.000297837977996096
919,0.010830651037395,5.195337507757358e-06,0.00027549086371436715,0.0009777599480003119,0.007257241290062666,7.508759154006839e-05,0.001048192847520113,0.2149268090724945,0.019485587254166603,0.5604414343833923,0.09509656578302383,0.0009605383966118097,3.5431374271865934e-05,0.006563468836247921,0.005182344000786543,0.0013867983361706138,0.008484316058456898,0.06294410675764084,0.00036289094714447856,0.0036571482196450233
920,4.852246638620272e-05,7.275392022165761e-07,2.727605078689521e-06,5.379638423619326e-06,0.0019226922886446118,1.8232740330859087e-06,6.7135401877749246e-06,0.6417794227600098,2.5024517071869923e-06,0.3299903869628906,0.01414775662124157,1.3621594916912727e-05,7.691966857237276e-06,4.506031109485775e-05,3.3119326872110832e-06,1.2562417396111414e-05,8.180459553841501e-05,0.011871782131493092,2.119615783158224e-05,2.7582062102737837e-05
921,0.960418701171875,2.6328421881771646e-05,6.549522368004546e-05,0.0008337337640114129,7.966592238517478e-05,0.0026801631320267916,2.1219209884293377e-05,0.0005863976548425853,4.6603996452176943e-05,0.00018384750001132488,0.0001838769530877471,0.00014736763841938227,2.0697621948784217e-05,0.00021761358948424459,3.750544419744983e-05,0.02115023322403431,0.006382215768098831,0.006799919996410608,6.1620880842383485e-06,0.00011153914238093421
922,0.034814853221178055,3.4300651350349654e-06,0.2637498378753662,0.31740427017211914,0.00014865290722809732,0.09004447609186172,0.0061074793338775635,0.00024514319375157356,0.011412901803851128,0.0009814928052946925,0.0005191804957576096,0.08823548257350922,7.458828804374207e-06,0.07180957496166229,0.0022862511686980724,0.08581561595201492,0.024591580033302307,0.001339221023954451,2.3177957700681873e-05,0.00044956483179703355
923,0.12292573601007462,4.999395605409518e-05,0.03685460239648819,0.1109456717967987,0.00012639047054108232,0.02716257981956005,0.009668120183050632,0.0001941823138622567,0.0323614627122879,0.00026644684839993715,0.0004036033642478287,0.018295368179678917,8.65517995407572e-06,0.13749833405017853,0.009501081891357899,0.42042404413223267,0.06993124634027481,0.0017408085986971855,2.6620324206305668e-05,0.0016051530838012695
924,4.661654747906141e-05,1.5132130101846997e-05,2.422274292257498e-06,2.2440822249336634e-06,0.9822903275489807,1.077093315871025e-06,1.0620668035699055e-05,0.0006035342812538147,1.792238606412866e-07,0.009773187339305878,0.0009723912226036191,1.3587286957772449e-06,8.809383871266618e-07,3.722900828506681e-06,7.489171593988431e-07,1.894624983833637e-05,8.524450822733343e-05,0.002452598884701729,3.7089579564053565e-05,0.0036811039317399263
925,0.0007136623607948422,8.272996865343885e-07,0.00864341389387846,0.00044438839540816844,7.776680831739213e-06,0.0011293890420347452,0.00024162592308130115,4.063551750732586e-05,0.0003341501287650317,1.6149702787515707e-05,3.923294207197614e-05,0.9748903512954712,4.600564409429353e-07,0.0006564059876836836,6.277747161220759e-05,0.007919590920209885,0.004676005337387323,0.00013868225505575538,7.571143783025036e-07,4.217052264721133e-05
926,0.07224126905202866,4.194266693957616e-06,0.13000698387622833,0.12145926058292389,0.0025863233022391796,0.023625055328011513,0.014395836740732193,0.013548706658184528,0.06539300084114075,0.033468086272478104,0.007369089871644974,0.13850250840187073,3.323075361549854e-05,0.1152985692024231,0.01016890350729227,0.10345014929771423,0.10010691732168198,0.04484589025378227,0.0001610445324331522,0.0033289948478341103
927,0.996150016784668,3.3626423828536645e-05,2.172025415347889e-05,4.008288306067698e-05,2.614117693156004e-05,0.001339904498308897,4.53668462796486e-06,6.23409723630175e-05,2.9889640700275777e-06,3.3330998121527955e-05,6.509811646537855e-05,1.2878952475148253e-05,3.0146397875796538e-06,1.6631323887850158e-05,2.0990173652535304e-06,0.0002550046192482114,0.0002017346996581182,0.0017076354706659913,9.630432487028884e-07,1.9509441699483432e-05
928,2.1971345631754957e-05,1.6541656805202365e-05,3.235904841858428e-07,8.202293315662246e-07,0.02575548365712166,1.8977159470523475e-06,1.139722462539794e-05,0.22447296977043152,1.833619876379089e-06,0.7229758501052856,0.013602986931800842,5.32308831679984e-06,8.577565495215822e-06,6.734265753038926e-06,3.58825309376698e-06,8.046788025239948e-06,6.471911910921335e-05,0.012743610888719559,4.917709520668723e-05,0.0002447791921440512
929,0.03345286101102829,7.633599125256296e-06,0.0242494884878397,0.019632605835795403,0.0003905846970155835,0.7994694113731384,0.0016640862450003624,0.0007304525934159756,0.001529196510091424,0.0020905286073684692,0.0006593440193682909,0.021177921444177628,2.037250123976264e-05,0.010018005967140198,0.0007607890875078738,0.06518719345331192,0.015575656667351723,0.002854804275557399,6.089912130846642e-05,0.00046398036647588015
930,0.06218434497714043,5.7796703913481906e-05,0.06528940051794052,0.08236410468816757,0.0040311794728040695,0.011148187331855297,0.049559514969587326,0.006243114359676838,0.10231325030326843,0.010994608514010906,0.0043976628221571445,0.09520997107028961,4.9181362555827945e-05,0.17249439656734467,0.028161387890577316,0.1581803560256958,0.09518217295408249,0.03239914029836655,0.0002284633374074474,0.01949598826467991
931,7.79258698457852e-05,1.2902172557005542e-06,1.4439376627706224e-06,2.7745488750952063e-06,0.001990727847442031,1.092018010240281e-06,9.5925440746214e-07,0.8288698792457581,3.026449633125594e-07,0.026705261319875717,0.004724936094135046,3.948764970118646e-06,3.383038119864068e-06,6.148224656499224e-06,7.419014877996233e-07,6.409661637007957e-06,0.00023942092957440764,0.1373405158519745,4.690513378591277e-06,1.4740739970875438e-05
932,0.008637926541268826,4.806095148524037e-06,0.0007902510114945471,0.013463952578604221,5.218303340370767e-05,0.003283945843577385,0.005253446288406849,0.00014890861348249018,0.023936673998832703,0.00012813131615985185,0.00028475202270783484,0.0009938717121258378,5.491471256391378e-06,0.8856188058853149,0.00894161406904459,0.034066926687955856,0.01281491108238697,0.001061180722899735,1.888581937237177e-05,0.0004887352115474641
933,0.0183236263692379,3.1122033306019148e-06,0.6890783309936523,0.09843175858259201,0.0004163889680057764,0.016097860410809517,0.0021687813568860292,0.0008312001009471714,0.0020775157026946545,0.001964302733540535,0.0004373319388832897,0.05843595042824745,3.6927253859175835e-06,0.012823138386011124,0.0003275575872976333,0.07174555957317352,0.0228576697409153,0.0031762022990733385,2.996536932187155e-05,0.0007648499449715018
934,0.7548210620880127,0.00016084568051155657,0.00019873421115335077,0.00026917154900729656,2.263778333144728e-05,0.05222427845001221,2.8962231226614676e-05,5.6052034778986126e-05,4.73676627734676e-05,3.242391176172532e-05,6.842834409326315e-05,3.095044303336181e-05,1.3177329492464196e-05,0.00014544949226547033,4.2032952478621155e-05,0.18074409663677216,0.009476885199546814,0.0015491887461394072,4.779458777193213e-06,5.521682760445401e-05
935,4.562140384223312e-05,8.272734703496099e-06,1.418193505742238e-06,3.776742687477963e-06,0.6912067532539368,3.0192247777449666e-06,1.3047797438048292e-05,0.11319519579410553,5.959681175227161e-07,0.18356196582317352,0.004023605026304722,5.027278007219138e-07,1.8201970306108706e-05,1.4784217455598991e-05,3.6457581700233277e-06,1.5806366718607023e-05,4.380022073746659e-05,0.0063662040047347546,0.00016666461306158453,0.0012997722951695323
936,0.086634561419487,1.1005973647115752e-05,0.25205135345458984,0.1461673527956009,0.0011640001321211457,0.009268799796700478,0.008885224349796772,0.0068800076842308044,0.012234398163855076,0.005988805554807186,0.0037943844217807055,0.010135957039892673,1.1689548045978881e-05,0.13669206202030182,0.003188539296388626,0.14831997454166412,0.13175417482852936,0.03373007848858833,0.0002264380018459633,0.002849659649655223
937,0.3315378427505493,2.1993495465721935e-05,0.0029225426260381937,0.008232017047703266,0.002915141172707081,0.002829750068485737,0.0016566846752539277,0.024321934208273888,0.0027237716130912304,0.021115686744451523,0.006447267718613148,0.006681827828288078,2.0973933715140447e-05,0.01290189754217863,0.0009374634246341884,0.2302117794752121,0.24706216156482697,0.09326279908418655,0.0001580741081852466,0.004003310576081276
938,0.00836908258497715,4.729214560938999e-05,8.52068405947648e-05,0.0002222722687292844,0.0003107610100414604,0.00016242597484961152,4.318743958720006e-05,0.024034565314650536,8.271192200481892e-06,0.004537643864750862,0.01407971978187561,0.0005039134412072599,7.5640014074451756e-06,0.0006427624030038714,8.48096351546701e-06,0.005566916428506374,0.7869012951850891,0.15439388155937195,3.0359381071320968e-06,6.191709690028802e-05
939,0.43588170409202576,2.3325146685237996e-05,0.001145743066444993,0.0018824486760422587,0.002540184883400798,0.004826696123927832,0.002116567688062787,0.005392426624894142,0.002387382322922349,0.0035755708813667297,0.005001200828701258,0.20159897208213806,1.2097602848371025e-05,0.009219929575920105,0.0016394475242123008,0.2447778731584549,0.0639590322971344,0.010214781388640404,0.00010682702122721821,0.0036843339912593365
940,0.0565684549510479,3.3963606256293133e-06,0.30838337540626526,0.4175557792186737,0.0011095773661509156,0.004450832959264517,0.002724591176956892,0.00433313986286521,0.0064062317833304405,0.011197985149919987,0.0023316300939768553,0.061955079436302185,5.107587639940903e-06,0.04397016763687134,0.001159047824330628,0.03630584850907326,0.027263915166258812,0.012219589203596115,9.222342487191781e-05,0.0019521642243489623
941,0.9705228209495544,5.96065319768968e-06,4.336395431892015e-05,0.0004665942979045212,5.873843838344328e-05,0.00283638434484601,1.4304647265817039e-05,0.0005108552868478,3.500154707580805e-05,0.000541548477485776,0.0002740380587056279,7.680717681068927e-05,3.0854882879793877e-06,0.00014808925334364176,4.7982586693251505e-05,0.00606948509812355,0.004948865622282028,0.01323575247079134,2.9279883165145293e-05,0.00012685144611168653
942,7.485080459446181e-06,9.382937946611491e-07,1.7455151919421041e-06,3.2749360343586886e-06,0.004868858493864536,1.7159838989755372e-06,2.0746165318996646e-06,0.4662720859050751,3.180475118824688e-07,0.5113978385925293,0.002126879757270217,3.350106226207572e-06,2.637858415255323e-05,3.660140464489814e-06,1.932426130224485e-06,5.9494536799320485e-06,4.0308710595127195e-05,0.015173293650150299,7.504329005314503e-06,4.657862154999748e-05
943,0.03722233697772026,9.061936907528434e-06,0.030012326315045357,0.03145471215248108,0.0006995363510213792,0.04428309574723244,0.001647531520575285,0.0026740862522274256,0.0014056521467864513,0.003701858688145876,0.0016873093554750085,0.11992695927619934,3.192939766449854e-05,0.024975610896945,0.00044808193342760205,0.43777501583099365,0.2518610656261444,0.009174919687211514,6.083133848733269e-05,0.0009399507544003427
944,0.017277244478464127,9.303390470449813e-06,0.006002536974847317,0.025049617514014244,0.00024254443997051567,0.0030723009258508682,0.014319982379674911,0.002563193440437317,0.3958021104335785,0.003877263283357024,0.0023952617775648832,0.03145577013492584,4.4125110434833914e-05,0.35163381695747375,0.03545857593417168,0.04293754696846008,0.05763698369264603,0.00905060488730669,1.4508901585941203e-05,0.0011306342203170061
945,1.8696031474974006e-05,1.2201846857351484e-06,4.1013305462911376e-07,7.730083098067553e-07,8.89882430783473e-05,1.6032791450015793e-07,2.2697422252804245e-07,0.8959763050079346,1.9060195199926966e-07,0.03669152036309242,0.003022929420694709,1.0923080253633088e-06,4.7191622343234485e-07,8.63161062625295e-07,3.1957983992469963e-07,1.43491672588425e-06,7.883275247877464e-05,0.06410802900791168,2.7940490099354065e-07,2.3778245576977497e-06
946,0.003044509096071124,2.386672804277623e-06,6.638146442128345e-05,0.003167437156662345,0.0001315089175477624,0.0015839217230677605,0.000988222542218864,0.0002667932421900332,0.003763649147003889,0.00028212674078531563,0.0003480914456304163,0.0005088784382678568,8.866568350640591e-06,0.9701392650604248,0.0023342424537986517,0.004006167873740196,0.008453315123915672,0.000667412590701133,1.5440580682479776e-05,0.00021865197049919516
947,0.009388111531734467,8.677363325659826e-07,0.5978728532791138,0.3017677068710327,0.0001867174287326634,0.013912524096667767,0.0009075510315597057,0.0005958324763923883,0.0010386251378804445,0.0008784528472460806,0.0002337898622499779,0.02474839985370636,3.232306653444539e-06,0.009739470668137074,0.00017023154941853136,0.017087582498788834,0.017596226185560226,0.003390369936823845,1.5262987290043384e-05,0.0004488157865125686
948,0.09383703023195267,5.160812179383356e-06,4.122565223951824e-05,0.00037218176294118166,0.000358004734152928,0.00012652893201448023,4.282253939891234e-05,0.011975031346082687,4.803994670510292e-05,0.004934290423989296,0.0016230384353548288,9.682971722213551e-05,3.633568667282816e-06,0.0007100578513927758,6.066965943318792e-05,0.004136654548346996,0.022739088162779808,0.8585349917411804,1.7811129509937018e-05,0.0003342634590808302
949,0.008622245863080025,1.1216362509003375e-05,6.93887386660208e-06,1.3340748409973457e-05,0.0006519641610793769,1.3461123671731912e-05,1.5440285778822727e-06,0.05515028163790703,6.971687582790764e-08,0.007262723054736853,0.0011624107137322426,1.106356103264261e-05,5.5961686484806705e-06,9.540442988509312e-06,1.6088115728507546e-07,0.0002169949875678867,0.0019758890848606825,0.924846351146698,3.955299234803533e-06,3.3039839763659984e-05
950,0.0013501361245289445,5.248797947388084e-07,0.00811791978776455,0.0006486276397481561,6.0706399381160736e-05,0.0008073456701822579,0.0004735524707939476,0.00044567964505404234,0.00019356845587026328,0.0002552899532020092,0.00012404222798068076,0.9495205879211426,5.207365916248818e-07,0.0008725248044356704,6.728737207595259e-05,0.017571426928043365,0.018563533201813698,0.0007766030030325055,5.180684183869744e-06,0.00014149838534649462
951,0.08320685476064682,1.1247456313867588e-05,0.02310006693005562,0.018602892756462097,0.0005201220046728849,0.006522494368255138,0.005105406045913696,0.004860755521804094,0.0204816572368145,0.006669994909316301,0.00201449659653008,0.08074893057346344,3.048158214369323e-05,0.043521903455257416,0.003023118246346712,0.36788681149482727,0.31813448667526245,0.014114008285105228,2.4083361495286226e-05,0.001406532945111394
952,7.191635086201131e-05,3.6345313674246427e-06,0.010424898006021976,0.0044050090946257114,3.4036888791888487e-06,0.00043755589285865426,0.019357817247509956,2.653509227457107e-06,1.5781677575432695e-05,1.463723492634017e-05,9.423221854376607e-06,0.8645111918449402,9.9566259450512e-06,0.09945514798164368,1.9785826225415803e-05,0.0005354034365154803,0.0006490032537840307,1.209318361361511e-05,3.67781751720031e-07,4.857104431721382e-05
953,0.8781151175498962,2.5628016373957507e-05,0.00023502891417592764,0.0007125244592316449,0.0005550016649067402,0.032948948442935944,0.0004577071813400835,0.0004293970996513963,0.0006483797915279865,0.00028967339312657714,0.0005188555223867297,0.0021900127176195383,3.3087953852373175e-06,0.002122014993801713,0.0010230886982753873,0.05527656152844429,0.020912570878863335,0.0027025428134948015,1.8254500901093706e-05,0.0008085035951808095
954,0.09017425775527954,2.2793315110902768e-06,0.20332850515842438,0.4450400471687317,0.000888520386070013,0.009327178820967674,0.0044248769991099834,0.011594188399612904,0.012242996133863926,0.01557769626379013,0.0034716601949185133,0.05302974581718445,1.1239525520068128e-05,0.09873008728027344,0.0033842832781374454,0.002632366493344307,0.001826778519898653,0.04265438765287399,6.736464274581522e-05,0.0015812496421858668
955,0.9007684588432312,5.3217681852402166e-06,0.0009487181669101119,0.0024263733066618443,0.00031254615169018507,0.004143848083913326,0.00020304200006648898,0.0029418005142360926,0.00014702978660352528,0.0016229456523433328,0.0010327526833862066,0.0011866394197568297,1.4986655514803715e-05,0.0017016248311847448,7.214336073957384e-05,0.029748402535915375,0.019854754209518433,0.032311104238033295,2.0524163119262084e-05,0.0005357370828278363
956,7.458416803274304e-05,6.092391231504735e-06,1.7039870954249636e-06,2.1866089809918776e-06,0.006830662023276091,4.177076789346756e-06,6.714674782415386e-06,0.06790535151958466,3.842776834517281e-07,0.9025322794914246,0.0056691099889576435,1.2667571809288347e-06,2.110611785610672e-05,4.110946611035615e-05,2.8573451800184557e-06,5.5185835662996396e-05,0.00046897053834982216,0.016161540523171425,1.6698017134331167e-05,0.00019556927145458758
957,0.010708190500736237,4.021169843326788e-06,0.06571390479803085,0.014739567413926125,0.00014848491991870105,0.041777707636356354,0.0008315205341205001,0.0007597795920446515,0.0009515490382909775,0.0006113014533184469,0.00045840154052712023,0.4876614511013031,1.305300338572124e-05,0.014203077182173729,0.00029590391204692423,0.22836251556873322,0.1309298723936081,0.0015165804652497172,7.411137175949989e-06,0.00030297174816951156
958,0.023775942623615265,1.2602674360095989e-05,0.17614540457725525,0.05204681307077408,0.003047861624509096,0.035029441118240356,0.007188222371041775,0.005819931160658598,0.010083717294037342,0.014058098196983337,0.002483759308233857,0.39127317070961,4.7570116294082254e-05,0.03605201467871666,0.0015744183911010623,0.12619152665138245,0.09661673754453659,0.014181540347635746,8.615256956545636e-05,0.0042753759771585464
959,0.0025214492343366146,3.6794594961975235e-06,6.338043021969497e-06,2.010395473917015e-05,0.015069621615111828,2.0101193513255566e-05,1.3830045645590872e-05,0.01631903648376465,6.488629423984094e-06,0.9250977635383606,0.013065616600215435,1.9264598449808545e-05,4.303024525142973e-06,4.0120976336766034e-05,6.808039870520588e-06,7.855196599848568e-06,0.0001326072815572843,0.02714931219816208,2.718571158766281e-05,0.00046556396409869194
960,0.142030730843544,9.397164103575051e-05,0.001310015213675797,0.007120063994079828,0.07085499912500381,0.013446422293782234,0.0016587218269705772,0.08761066198348999,0.0021135990973562002,0.03049520216882229,0.052858855575323105,0.012210364453494549,8.492221968481317e-05,0.02013971470296383,0.0007486777030862868,0.08982785046100616,0.2317713499069214,0.22538216412067413,0.00027272000443190336,0.009961951524019241
961,0.047958336770534515,6.341229436657159e-06,0.16233451664447784,0.0954916700720787,0.0009116226574406028,0.13644257187843323,0.006746532861143351,0.004895401652902365,0.014582347124814987,0.006832669023424387,0.0018961320165544748,0.13384832441806793,0.0005186218768358231,0.07269392907619476,0.003697664011269808,0.17038153111934662,0.11935767531394958,0.019614847376942635,5.7750246924115345e-05,0.0017249995144084096
962,0.0026386496610939503,1.0076618082166533e-06,0.47805893421173096,0.3967500329017639,3.074136475333944e-05,0.007044879719614983,0.001431675162166357,0.00011934780195588246,0.0008825844270177186,0.00019159328076057136,0.00014151576033327729,0.004040138330310583,5.50729282622342e-06,0.08837642520666122,0.0002164603502023965,0.011163437739014626,0.008081409148871899,0.0006467534694820642,2.2358940441336017e-06,0.00017481556278653443
963,0.000539340078830719,1.466106823500013e-05,1.9278448235127144e-05,2.4512894015060738e-05,0.027169255539774895,2.329573362658266e-05,1.4078477761358954e-05,0.08121013641357422,9.118716093325929e-07,0.6840960383415222,0.10678669065237045,2.182319076382555e-05,1.5527912182733417e-05,0.00016712796059437096,2.948140036096447e-06,0.0003152810095343739,0.0032405247911810875,0.09592548757791519,6.933563417987898e-05,0.00034175711334683
964,0.027144670486450195,1.8684330598262022e-06,0.30888524651527405,0.0777338370680809,7.346528582274914e-05,0.0924525111913681,0.0012824077857658267,0.00024826027220115066,0.0011881734244525433,0.00014321757771540433,0.0001675478124525398,0.23590633273124695,0.00046359814587049186,0.04540465772151947,0.000404981488827616,0.17300522327423096,0.033899057656526566,0.00125882460270077,6.238947662495775e-06,0.0003252395836170763
965,0.014113818295300007,6.24994345344021e-06,0.44003698229789734,0.06365881860256195,0.00037071367842145264,0.029294099658727646,0.0019408148946240544,0.0021881069988012314,0.002736894879490137,0.00297253904864192,0.0005677352892234921,0.21885213255882263,8.99833466974087e-05,0.01705247536301613,0.0004428992106113583,0.12285356968641281,0.07541753351688385,0.006502841133624315,2.6079034796566702e-05,0.0008657845319248736
966,0.01568250171840191,1.1728122444765177e-05,0.03433966636657715,0.019137529656291008,0.00010591399041004479,0.03368605300784111,0.010730186477303505,0.00023248970683198422,0.005522546824067831,0.0007845383370295167,0.001521565020084381,0.6436654329299927,1.3517999832401983e-05,0.07977745682001114,0.0023699344601482153,0.1258251667022705,0.02385306917130947,0.0016222498379647732,6.3447146203543525e-06,0.001105100498534739
967,0.0015639805933460593,4.84383745060768e-05,1.1031159374397248e-05,3.838930570054799e-05,0.9451829195022583,0.00022894887661095709,4.426911982591264e-05,0.01041410956531763,5.619959665636998e-06,0.01762273721396923,0.0049144006334245205,2.8720880436594598e-05,7.893483598309103e-06,0.00010005089279729873,7.841450496925972e-06,0.0005251804832369089,0.0007164383423514664,0.007253090385347605,0.0008846667478792369,0.010397016070783138
968,0.023709380999207497,6.829995527368737e-06,0.2604726552963257,0.04559274762868881,0.00014965597074478865,0.5269284844398499,0.000806467782240361,0.0009852988878265023,0.0009670024737715721,0.001107722637243569,0.0005284046637825668,0.04361315071582794,0.00011057356459787115,0.01307311374694109,0.00030520063592121005,0.05270036309957504,0.02423231303691864,0.004413641057908535,2.2118465494713746e-05,0.0002665022329892963
969,0.6647632718086243,1.35536101879552e-05,0.06542575359344482,0.1477152556180954,0.0001649741898290813,0.029305007308721542,0.0007869903929531574,0.0011136771645396948,0.001248134532943368,0.0011710337130352855,0.0008637049468234181,0.0012760781683027744,0.0001660639827605337,0.02980068139731884,0.0002642464532982558,0.031941547989845276,0.011494637466967106,0.011978634633123875,8.647631148051005e-06,0.0004887021495960653
970,5.2488521760096774e-05,7.921969995550171e-07,1.2724913176498376e-06,1.5152610330915195e-06,0.0014115055091679096,7.635344445588998e-07,1.4451566130446736e-06,0.8245343565940857,5.235833100414311e-07,0.06696473807096481,0.006937774363905191,2.5023572902682645e-07,2.3233858428284293e-06,1.344389693258563e-05,8.754290092838346e-07,9.310193490819074e-06,0.0005086458986625075,0.09952547401189804,2.0614229470083956e-06,2.7400687031331472e-05
971,0.01959187537431717,5.1817023631883785e-06,0.008889510296285152,0.004634748678654432,0.00019785914628300816,0.08034473657608032,0.0007705664029344916,0.00010236642265226692,0.0005430316086858511,9.55039358814247e-05,0.00011207928037038073,0.04023933410644531,2.0874516849289648e-05,0.0058422330766916275,0.0003119560715276748,0.7715890407562256,0.0654904693365097,0.00020622713782358915,1.9196972061763518e-05,0.0009902874007821083
972,0.04248528927564621,9.9773506008205e-06,0.08657054603099823,0.024885481223464012,0.00038627625326626003,0.05743164196610451,0.0016235967632383108,0.0017205680487677455,0.006858210079371929,0.003367149271070957,0.0009626361425034702,0.188325434923172,2.6988220270141028e-05,0.022592276334762573,0.0015014376258477569,0.4186113476753235,0.136078342795372,0.005821150727570057,1.69604281836655e-05,0.0007142218528315425
973,0.16490235924720764,0.00017176057735923678,0.0005605262122116983,0.0023222225718200207,0.0005864905542694032,0.002222886076197028,0.0008424604893662035,0.0029577077366411686,0.0012392641510814428,0.0038369162939488888,0.006233081687241793,0.006157518830150366,2.022170156124048e-05,0.014035286381840706,0.0007334579131565988,0.6223533749580383,0.15280091762542725,0.0161990225315094,6.655388278886676e-05,0.0017549796029925346
974,0.0028703014831990004,0.00032825421658344567,8.622856739748386e-07,3.138032843708061e-05,0.005166834220290184,2.09540048672352e-05,6.844625659141457e-06,0.15359362959861755,3.0891005735611543e-06,0.5966087579727173,0.05218640714883804,2.3959590180311352e-05,1.1469916898931842e-05,0.0002500599657651037,4.038025053887395e-06,0.00024894910166040063,0.0027647048700600863,0.18562741577625275,1.6823081750771962e-05,0.00022367556812241673
975,0.03358599916100502,4.598040504788514e-06,0.12183856964111328,0.14521154761314392,0.00033546608756296337,0.09349759668111801,0.004319766536355019,0.0011608423665165901,0.0075365654192864895,0.002575565129518509,0.0020302138291299343,0.19619064033031464,4.384166095405817e-05,0.19497619569301605,0.0021832643542438745,0.12486278265714645,0.06398577988147736,0.004623109940439463,3.818139884970151e-05,0.000994152738712728
976,0.003487971844151616,4.573870455715223e-07,0.5486809015274048,0.373792827129364,1.6052275896072388e-05,0.002470931736752391,0.0004903415101580322,0.0001856730814324692,0.0018061118898913264,0.00037361617432907224,0.00016551700537092984,0.013535845093429089,1.8626337805471849e-06,0.040411606431007385,0.00019928401161450893,0.006280910223722458,0.00703064352273941,0.0009939150186255574,1.4894052355884924e-06,6.76470881444402e-05
977,4.825201176572591e-05,1.914935864988365e-06,9.75409193415544e-07,6.54549637602031e-07,0.00011484375136205927,8.44106011754775e-07,9.197818258144252e-07,0.9089266061782837,4.4984264491176873e-07,0.017021339386701584,0.005654794164001942,1.4147808542475104e-06,1.2975833385553415e-07,4.394315055833431e-06,1.601167980425089e-07,3.9809201552998275e-06,0.00031533956644125283,0.06789436936378479,4.0031127923612075e-07,6.683203537249938e-06
978,0.04300657659769058,0.0001329164661001414,0.0049971952103078365,0.00664911512285471,0.060263630002737045,0.0021254487801343203,0.012063137255609035,0.05836336687207222,0.002206831704825163,0.05619793385267258,0.03057514689862728,0.05976744368672371,0.00011696213914547116,0.03991444408893585,0.0021785746794193983,0.15114820003509521,0.05059318616986275,0.06324242800474167,0.001307687722146511,0.3551448583602905
979,0.13489824533462524,1.2175462870800402e-05,0.1977858692407608,0.06691879779100418,0.001435486483387649,0.04086693003773689,0.004822134505957365,0.004915980156511068,0.018997294828295708,0.01197317149490118,0.0022495542652904987,0.1800609529018402,1.7254938939004205e-05,0.04517986997961998,0.005798902828246355,0.1784968227148056,0.08706674724817276,0.015593300573527813,8.492838969687e-05,0.00281568244099617
980,0.00010092141747009009,2.2673875719192438e-05,6.722693797200918e-05,0.0001925965625559911,4.036279278807342e-06,0.0003368339384905994,0.001400695531629026,1.588230770721566e-05,0.00552876153960824,5.1755356253124774e-05,3.179769919370301e-05,0.000476787710795179,5.226128450885881e-06,0.0020492698531597853,0.9889885783195496,0.0005399418296292424,0.00011029849702026695,2.017650695051998e-05,2.5286963136750273e-05,2.9926804927526973e-05
981,4.03719132009428e-05,1.6237894669757225e-05,1.993539626710117e-06,1.1636494491540361e-05,0.001522461068816483,2.5449294298596215e-06,3.755312491193763e-06,0.0476527214050293,1.8503106957723503e-06,0.9306662678718567,0.008884888142347336,4.696195901487954e-06,2.7287867851555347e-05,0.00011754886509152129,5.025120117352344e-06,9.660306204750668e-06,6.69551664032042e-05,0.01093315053731203,7.840123544156086e-06,1.96701457753079e-05
982,0.0005895213689655066,2.467579349740845e-07,0.8478031754493713,0.1419711709022522,7.5835519055544864e-06,0.0011393411550670862,4.303616879042238e-05,3.377796383574605e-05,7.976656343089417e-05,3.600881609600037e-05,1.5654239177820273e-05,0.005370323546230793,1.1898770253537805e-06,0.0009114337735809386,1.4098849533183966e-05,0.0011329376138746738,0.0006169734406284988,0.00018955374252982438,9.242358487426827e-07,4.066407564096153e-05
983,0.11221309006214142,9.227013833879028e-06,0.010731484740972519,0.02626270242035389,0.0013922667130827904,0.0047347769141197205,0.010948552750051022,0.022648585960268974,0.2775211036205292,0.021285083144903183,0.0069408235140144825,0.05505701154470444,1.352274284727173e-05,0.1276957243680954,0.06562397629022598,0.06327691674232483,0.12641410529613495,0.0638517290353775,6.879056309117004e-05,0.003303749021142721
984,0.002190837636590004,8.848044672049582e-06,3.844513685180573e-06,7.391951385216089e-06,0.0019176362548023462,1.4834186004009098e-05,8.805770448816475e-06,0.22965304553508759,2.034297267528018e-06,0.47438904643058777,0.014891330152750015,5.377300476538949e-05,8.97397785593057e-06,0.00010243333235848695,2.9065527087368537e-06,0.00022087967954576015,0.0012459884164854884,0.2751235365867615,7.006305622780928e-06,0.00014344432565849274
985,0.001044160919263959,3.2717073850108136e-07,0.0012350964825600386,0.974341094493866,1.6514211893081665e-05,0.00010753256356110796,9.756781219039112e-05,0.00020946506992913783,0.0005680311005562544,0.00013869020040147007,0.00024539773585274816,0.0006546430522575974,1.6684682577761123e-06,0.013727647252380848,8.811877341940999e-05,0.00182105612475425,0.005126969423145056,0.0004622845444828272,2.761112909865915e-06,0.00011012073809979483
986,0.9182661175727844,2.2045784135116264e-05,0.00014636923151556402,0.0003018439747393131,0.0001898710906971246,0.021011142060160637,3.471220043138601e-05,0.0005630911909975111,5.8864374295808375e-05,0.0004906387184746563,0.0004248998302500695,0.0008569753845222294,4.710059329227079e-06,0.00030392862390726805,6.309085438260809e-05,0.042806874960660934,0.009428163059055805,0.004838993772864342,4.761618583870586e-06,0.00018196985183749348
987,0.021290624514222145,1.5630672351107933e-05,0.585271418094635,0.17009712755680084,0.00044196995440870523,0.02984359674155712,0.003981458488851786,0.0002835757040884346,0.0005986660253256559,0.001263806945644319,0.0007848817622289062,0.10323964059352875,2.271257244501612e-06,0.045435670763254166,0.00030148299993015826,0.02623310685157776,0.007056217174977064,0.0010804544435814023,3.100705362157896e-05,0.0027334820479154587
988,0.6420729160308838,7.437896420015022e-05,0.00076364103006199,0.0030004859436303377,0.0017867132555693388,0.007124393712729216,0.0002452435146551579,0.05814779922366142,8.664392225909978e-05,0.056374046951532364,0.015288504771888256,0.004924697335809469,4.794117558049038e-05,0.014152922667562962,0.00022875839204061776,0.05061870440840721,0.0499686561524868,0.09461286664009094,2.4817081794026308e-05,0.0004544148687273264
989,0.006036022212356329,2.1910007035330636e-06,0.0001641609997022897,0.006119182799011469,8.02426366135478e-05,0.0005576155381277204,0.0017023403197526932,0.00026550304028205574,0.002268044976517558,0.0019034285796806216,0.0008209862862713635,0.0013757300330325961,1.742606036714278e-05,0.9710453152656555,0.0017533691134303808,0.0036010078620165586,0.0016758847050368786,0.00044752631220035255,8.714720934221987e-06,0.00015455199172720313
990,0.011535955592989922,0.00012052019155817106,0.00010083273809868842,0.0002493530046194792,0.02232145331799984,0.0005331870052032173,0.0005217803409323096,0.17101891338825226,0.00039383830153383315,0.08169828355312347,0.03051658533513546,0.00241210893727839,3.190922143403441e-05,0.0015492088859900832,0.0005329053965397179,0.004081110004335642,0.10344497114419937,0.5418911576271057,0.0004285565228201449,0.026615669950842857
991,0.0010819617891684175,2.865296664822381e-06,0.7956073880195618,0.010095241479575634,6.841473805252463e-05,0.008100796490907669,0.003948044963181019,4.802678449777886e-05,2.503348332538735e-05,8.324099326273426e-05,4.85109121655114e-05,0.1616200953722,3.832677066384349e-06,0.003252107184380293,2.0278206648072228e-05,0.013590268790721893,0.0017365914536640048,7.540664955740795e-05,7.072469543345505e-06,0.0005832695751450956
992,0.0002650909882504493,1.1217280189157464e-05,2.2599382646149024e-05,5.60045191377867e-05,5.6969988690980244e-06,0.00030459603294730186,0.003921207506209612,2.570714059402235e-05,0.013550200499594212,8.536266250303015e-05,3.0280591090559028e-05,0.0010080896317958832,3.1823376048123464e-05,0.002199537353590131,0.9773065447807312,0.0007918273331597447,0.00031391147058457136,3.232156450394541e-05,1.5709485523984767e-05,2.0507464796537533e-05
993,0.0027688222471624613,8.647301910968963e-06,2.2453472411143593e-05,0.00022663235722575337,0.005198502913117409,3.2024308893596753e-05,0.00033186597283929586,0.0976802408695221,0.0003518660378176719,0.8107473254203796,0.026051374152302742,4.129718945478089e-05,2.1544707124121487e-05,0.0052659944631159306,0.0007625543512403965,0.0003127111995127052,0.0015664850361645222,0.046942148357629776,0.00011665355123113841,0.001550288638100028
994,0.00227698334492743,1.3461582057061605e-05,1.7354452211293392e-05,8.498493116348982e-05,0.001362873474135995,3.431874938542023e-05,4.791864557773806e-05,0.8100478053092957,9.010264329845086e-05,0.031110478565096855,0.012667454779148102,0.0004931784933432937,2.2150045424496057e-06,0.0002786190016195178,6.372962525347248e-05,0.0004316457489039749,0.0058053326793015,0.13473212718963623,2.150795808120165e-05,0.0004160116077400744
995,0.029500817880034447,4.40575931861531e-05,0.010483521036803722,0.011681829579174519,0.0007492238073609769,0.018669510260224342,0.003384243231266737,0.001723289373330772,0.0016498753102496266,0.0017307372763752937,0.0017299866303801537,0.33385518193244934,2.9044160328339785e-05,0.030907444655895233,0.0034437712747603655,0.3567427098751068,0.18798795342445374,0.0038758597802370787,4.669560075853951e-05,0.001763822976499796
996,0.04536593332886696,3.825538806268014e-05,0.0009740105597302318,0.0006029821815900505,0.00021743417892139405,0.833178699016571,0.0006645333487540483,0.00017964281141757965,0.0002595599798951298,0.0004817963344976306,0.0002435744390822947,0.03762589395046234,0.0005605922779068351,0.0020398194901645184,0.0012867366895079613,0.06787082552909851,0.007523762062191963,0.0005750538548454642,3.810806083492935e-05,0.0002719558251556009
997,2.767831028904766e-05,7.548643679911038e-06,2.7732316084438935e-05,7.967866986291483e-05,2.5311617264378583e-06,0.00011925797298317775,0.0015446344623342156,3.4220629459014162e-06,0.010882691480219364,6.040948392183054e-06,7.522929536207812e-06,0.0003679620858747512,0.000174489599885419,0.0025397229474037886,0.9837822318077087,0.00025671679759398103,0.00010131760791409761,4.9087602747022174e-06,1.1007854482159019e-05,5.202924512559548e-05
998,0.0003008123894687742,4.660457489080727e-05,3.342058334965259e-06,1.8176064259023406e-05,0.0035356904845684767,1.9466178855509497e-05,7.58915048209019e-05,0.026209041476249695,8.592457561462652e-06,0.9402486681938171,0.021667996421456337,1.2049490578647237e-05,2.2175576305016875e-05,0.0005142243462614715,2.1285914044710808e-05,0.0001767836802173406,0.000592556840274483,0.006307066418230534,3.091613689321093e-05,0.0001866582897491753
999,0.17840811610221863,3.3189870009664446e-05,0.0031319023109972477,0.003964700270444155,0.0014034289633855224,0.010284083895385265,0.00611107237637043,0.007607590407133102,0.0024548012297600508,0.023117447271943092,0.00633982801809907,0.19696485996246338,0.00016286177560687065,0.06369223445653915,0.005163782276213169,0.20566359162330627,0.26662835478782654,0.016683366149663925,3.603018194553442e-05,0.0021475106477737427
1000,0.48239168524742126,3.963178096455522e-05,0.00037431353121064603,0.0010908431140705943,0.0029356328304857016,0.015794655308127403,0.0005982499569654465,0.03988771140575409,0.0004992234171368182,0.06762299686670303,0.016512494534254074,0.004512166604399681,0.00024078087881207466,0.006867384072393179,0.0006990406545810401,0.08228462934494019,0.10572762787342072,0.1703690141439438,7.502379594370723e-05,0.001474197255447507
1001,0.0012041617883369327,1.981403329409659e-05,3.7618519854731858e-06,9.73038640950108e-06,0.00960357952862978,1.9875598809449002e-05,5.7604880566941574e-05,0.03201838210225105,9.715865417092573e-06,0.9208035469055176,0.01769018918275833,1.8339644611842232e-06,1.2154623618698679e-05,0.0002514573570806533,2.913246316893492e-05,0.00012012083607260138,0.00041767777292989194,0.015816083177924156,0.0001964749681064859,0.0017131533240899444
1002,0.000563951616641134,1.0715631105995271e-05,0.006885712966322899,0.001630314509384334,2.5844199626590125e-05,0.0010396417928859591,0.002973433816805482,5.1408205763436854e-05,0.0004950033617205918,2.7515017791301943e-05,4.1600003896746784e-05,0.9275531768798828,6.879876309540123e-06,0.0165435541421175,0.00030536172562278807,0.02920866757631302,0.012279869988560677,0.000103085782029666,3.071336550419801e-06,0.00025011852267198265
1003,0.4268118441104889,2.5153503884212114e-05,0.0025705592706799507,0.004703288432210684,0.005207729060202837,0.037080686539411545,0.0030574100092053413,0.01597055420279503,0.0006503595504909754,0.04685508459806442,0.015608368441462517,0.033782243728637695,0.00014409294817596674,0.02474832534790039,0.001276912516914308,0.20976537466049194,0.13504181802272797,0.032945435494184494,0.000131902183056809,0.0036200224421918392
1004,0.009753738529980183,3.780817496590316e-05,0.0002271141274832189,0.0005883478443138301,0.5086327195167542,0.00026956622605212033,0.006052248179912567,0.007455245591700077,0.0007225240697152913,0.03760753571987152,0.006264203228056431,8.587699994677678e-05,7.445673418260412e-06,0.015006626956164837,0.000905325636267662,0.0022176778875291348,0.0026023858226835728,0.007293586153537035,0.029517127200961113,0.3647518455982208
1005,0.0369843915104866,0.00043440726585686207,1.397142477799207e-05,8.292677375720814e-05,0.0033013958018273115,0.0003082228940911591,0.00011504704161779955,0.060032859444618225,5.1191636885050684e-05,0.013535057194530964,0.012113254517316818,0.00034925699583254755,8.586154763179366e-06,0.0005048522725701332,5.8508143411017954e-05,0.005020653363317251,0.127043217420578,0.7392237782478333,3.0460660127573647e-05,0.0007868091342970729
1006,0.08077559620141983,2.709229738684371e-05,0.01859298162162304,0.02693263441324234,0.0002396758645772934,0.022055992856621742,0.0019767386838793755,0.0005734769511036575,0.0013510482385754585,0.0007035270682536066,0.0009412342915311456,0.08566616475582123,1.6342197341145948e-05,0.043735574930906296,0.0013325157342478633,0.559840202331543,0.15257607400417328,0.0019666459411382675,1.7326259694527835e-05,0.0006764676654711366
1007,0.0857742577791214,8.288393473776523e-06,0.020488714799284935,0.020301466807723045,0.001359233632683754,0.05013972148299217,0.0078092836774885654,0.002726024715229869,0.002660986501723528,0.013844390399754047,0.0057839080691337585,0.2148914486169815,0.00021389630273915827,0.12076248228549957,0.0022986065596342087,0.23719274997711182,0.20507065951824188,0.0060130394995212555,7.227711466839537e-05,0.0025865291245281696
1008,0.10212203115224838,0.0005664170603267848,0.0023017567582428455,0.048755284398794174,0.001448711147531867,0.06625758856534958,0.0076661668717861176,0.005047963000833988,0.0063095479272305965,0.008295023813843727,0.01098328735679388,0.046987228095531464,4.1538496589055285e-05,0.25894221663475037,0.004309181123971939,0.22283680737018585,0.18730181455612183,0.014992769807577133,0.00015438091941177845,0.004678348079323769
1009,0.013094433583319187,2.4632285203551874e-05,0.0002571344084572047,0.0027876044623553753,0.011320061050355434,0.001670632977038622,0.0019461504416540265,0.04803846403956413,0.0014321766793727875,0.7244369387626648,0.060938261449337006,0.006002306006848812,5.428075837698998e-06,0.05041151121258736,0.0037671562749892473,0.01622483693063259,0.016068868339061737,0.03582606092095375,0.00041868092375807464,0.005326483398675919
1010,0.21697595715522766,1.4057111002330203e-05,0.003915350418537855,0.010641767643392086,0.0035594503860920668,0.01379126776009798,0.0022845095954835415,0.04018751159310341,0.0011038142256438732,0.03309907391667366,0.010889154858887196,0.023890331387519836,0.0003622839576564729,0.02153410203754902,0.0012872936204075813,0.14419522881507874,0.39417752623558044,0.07453787326812744,0.0001225545711349696,0.0034284056164324284
1011,0.06123768538236618,1.0898306754825171e-05,0.021136445924639702,0.03554385155439377,0.0015577235026285052,0.02252143807709217,0.027072232216596603,0.0067913527600467205,0.1255265772342682,0.019165506586432457,0.004701672587543726,0.1228991225361824,0.0022837743163108826,0.19154122471809387,0.069817915558815,0.1389884501695633,0.1307574063539505,0.013876006938517094,0.00013912977010477334,0.004427495878189802
1012,0.04746022820472717,6.278415821725503e-05,0.021077919751405716,0.06628555804491043,0.005418337415903807,0.009317988529801369,0.007265300489962101,0.019177237525582314,0.0008138892007991672,0.03525587543845177,0.018179643899202347,0.0589536651968956,4.425024235388264e-05,0.5085561275482178,0.001362503506243229,0.06073048710823059,0.08015740662813187,0.0561380572617054,0.0001589396269991994,0.0035828426480293274
1013,0.07219839096069336,4.714720944321016e-06,0.08451268821954727,0.11900770664215088,0.00044771909597329795,0.039829641580581665,0.004772023763507605,0.001871141023002565,0.009111969731748104,0.004081085789948702,0.0033015713561326265,0.1783347725868225,9.195465099764988e-05,0.21255221962928772,0.010684948414564133,0.16676725447177887,0.08701867610216141,0.004193819593638182,3.16526711685583e-05,0.0011846134439110756
1014,0.010297113098204136,3.071942558108276e-07,0.280615895986557,0.5717424750328064,5.1811482990160584e-05,0.012951401993632317,0.0008732184651307762,0.00019880985200870782,0.0027610098477452993,0.00037935961154289544,0.0001436047605238855,0.036627162247896194,0.000412100984249264,0.04250313714146614,0.0007831758703105152,0.02680480107665062,0.011954568326473236,0.0007096660556271672,3.431838422329747e-06,0.00018537002324592322
1015,0.3009578287601471,0.0005497838719747961,0.0014926494332030416,0.0029683916363865137,0.0027692418079823256,0.006517231464385986,0.0006821885472163558,0.1084449365735054,0.0006112054688856006,0.046388231217861176,0.014986066147685051,0.0054187653586268425,2.976836549350992e-05,0.005871149245649576,0.0006276128115132451,0.03647037222981453,0.059250593185424805,0.403842955827713,7.755222031846642e-05,0.002041671657934785
1016,0.006469162181019783,9.838537152973004e-06,0.007692927960306406,0.06683868914842606,0.0001293342065764591,0.0031285835430026054,0.00509653938934207,0.0010907631367444992,0.1606820821762085,0.0013934072339907289,0.0008854492916725576,0.003266935469582677,5.799969585496001e-05,0.25690969824790955,0.4413946270942688,0.023251790553331375,0.018574167042970657,0.0027436939999461174,3.941863906220533e-05,0.00034314431832171977
1017,0.2426086962223053,8.732603419048246e-06,0.03138410672545433,0.06076490134000778,0.0018463771557435393,0.00915060006082058,0.009431065060198307,0.021056318655610085,0.011887517757713795,0.02279551886022091,0.0080866115167737,0.060038499534130096,2.9623157388414256e-05,0.08321153372526169,0.01290103793144226,0.1779664158821106,0.1985645294189453,0.04444732144474983,7.804581400705501e-05,0.0037409416399896145
1018,0.8017480373382568,3.2732565159676597e-05,0.001439464744180441,0.002926991553977132,0.00027766270795837045,0.014207427389919758,0.00043865785119123757,0.0017669729422777891,0.0014083674177527428,0.0020616999827325344,0.001089330529794097,0.00753319077193737,3.5156524972990155e-05,0.00600081030279398,0.0006478530704043806,0.11853085458278656,0.031093832105398178,0.008373341523110867,1.3955202120996546e-05,0.0003725964925251901
1019,0.14530470967292786,0.00023742573102936149,0.0009393213549628854,0.032483261078596115,0.0014797659823670983,0.009621264412999153,0.006805004086345434,0.01557469554245472,0.09658655524253845,0.015496929176151752,0.01614587940275669,0.01309205312281847,2.540782770665828e-05,0.3025810122489929,0.21746180951595306,0.04516710340976715,0.05007956176996231,0.02776014432311058,0.0004513438034337014,0.0026909029111266136
1020,0.047151535749435425,7.479291980416747e-06,0.07280656695365906,0.19978700578212738,0.0007057984475977719,0.0164121612906456,0.009336828254163265,0.004240416456013918,0.07851776480674744,0.009611123241484165,0.003118322230875492,0.08485953509807587,5.358282578526996e-05,0.2966839373111725,0.05125689134001732,0.06508532911539078,0.05164850503206253,0.007123315241187811,4.489120692596771e-05,0.0015421694843098521
1021,0.01892676390707493,3.814998763118638e-06,0.00551210343837738,0.014891067519783974,0.026325060054659843,0.0002711562847252935,0.001757785677909851,0.09218675643205643,0.0023567082826048136,0.7141704559326172,0.028093917295336723,0.0029857216868549585,1.3290611605043523e-05,0.014843713492155075,0.0022474159486591816,0.0070419334806501865,0.01244199089705944,0.04398718476295471,0.0003950997197534889,0.011546462774276733
1022,0.9361032843589783,0.00010494041634956375,0.00018042983720079064,0.00047475408064201474,0.00021011303761042655,0.0035571495536714792,0.00010666061280062422,0.0030930200591683388,0.00031313530053012073,0.002177555812522769,0.0014162701554596424,0.00016265413432847708,3.8556412619072944e-05,0.0007335754344239831,0.0002486220619175583,0.007897226139903069,0.021018732339143753,0.021992161870002747,8.216692549467552e-06,0.00016233768837992102
1023,0.11141801625490189,4.302084926166572e-05,0.006022984161973,0.0362030565738678,0.008159843273460865,0.008004624396562576,0.020519373938441277,0.014360073022544384,0.20563118159770966,0.031149646267294884,0.012184852734208107,0.03636990115046501,0.0001126003626268357,0.15352515876293182,0.195807084441185,0.08305579423904419,0.041640520095825195,0.021640082821249962,0.0009044920443557203,0.013243559747934341
1024,0.07710930705070496,1.623347998247482e-05,0.056889455765485764,0.14851027727127075,0.001030436484143138,0.017563113942742348,0.00710937799885869,0.005325770005583763,0.09833036363124847,0.012196635827422142,0.003735779318958521,0.04205738753080368,4.614522913470864e-05,0.32518917322158813,0.027965277433395386,0.11948297172784805,0.04732277989387512,0.008314157836139202,8.992539369501173e-05,0.0017117784591391683
1025,0.007717530243098736,3.2408072001999244e-05,0.00036813539918512106,0.003993148449808359,0.00015246211842168123,0.00045809595030732453,0.002881899243220687,0.0010361849563196301,0.8404540419578552,0.0037566840182989836,0.0012927268398925662,0.003594866720959544,1.0002920134866145e-05,0.0357993058860302,0.08647062629461288,0.004153084475547075,0.005956543609499931,0.0014222050085663795,2.31580670515541e-05,0.00042591907549649477
1026,0.017398757860064507,0.00014442061365116388,6.59747911413433e-06,2.0525045329122804e-05,0.0017536116065457463,7.221984560601413e-05,4.434128641150892e-05,0.3291386663913727,4.0883951442083344e-05,0.04953978583216667,0.009735618717968464,0.00010875739098992199,5.376787612476619e-06,0.00011417346831876785,6.827290053479373e-05,0.0007690245402045548,0.014406044036149979,0.5763120651245117,1.4950371223676484e-05,0.0003051503445021808
1027,0.02035633847117424,2.8532620490295812e-05,0.003485618159174919,0.00647397805005312,0.00029523519333451986,0.01118422206491232,0.020069105550646782,0.0004744411271531135,0.19163548946380615,0.001222599414177239,0.0014681580942124128,0.2563391923904419,4.413498754729517e-05,0.0685962438583374,0.315883070230484,0.07271385937929153,0.02727358788251877,0.0009840319398790598,0.00011536842794157565,0.0013548334827646613
1028,0.03554363176226616,7.272006769198924e-06,0.1000269427895546,0.6111029386520386,0.000160557494382374,0.006281415466219187,0.0018584366189315915,0.0005101635470055044,0.015293444506824017,0.0026196748949587345,0.0008998633711598814,0.022054973989725113,2.6685653210734017e-05,0.15910185873508453,0.0034203333780169487,0.026637380942702293,0.012866864912211895,0.0013332371599972248,1.3099841453367844e-05,0.00023985523148439825
1029,0.00045827750000171363,0.9952294826507568,4.692261791205965e-05,6.0856935306219384e-05,0.0002704509242903441,9.419353591511026e-05,8.562068978790194e-05,0.00035694841062650084,0.000348168658092618,0.0006041646702215075,0.0001134401245508343,0.00023024537949822843,2.9758166419924237e-06,0.0001488069538027048,0.0003271217574365437,0.00038579959073103964,0.0003458557475823909,0.0002984479651786387,6.897263665450737e-05,0.0005223187035880983
1030,0.00989560503512621,9.497225983068347e-05,9.087869329960085e-06,6.457691779360175e-05,0.0031400728039443493,0.00010610037134028971,6.0727139498339966e-05,0.41933292150497437,0.0002674561692401767,0.037845078855752945,0.014480937272310257,0.0001502071099821478,7.3894138949981425e-06,0.00030123820761218667,0.00032123096752911806,0.000926357286516577,0.0035941884852945805,0.5088995099067688,2.8390344596118666e-05,0.00047340308083221316
1031,0.06611301004886627,4.0571849240222946e-05,0.005054914392530918,0.01581326313316822,0.006041315384209156,0.004802021663635969,0.014928928576409817,0.029433460906147957,0.30125150084495544,0.06283393502235413,0.019185759127140045,0.13317440450191498,6.776542431907728e-05,0.09650115668773651,0.11993056535720825,0.05566595122218132,0.03861498087644577,0.02315380424261093,0.00048684689681977034,0.006903828587383032
1032,0.3278973400592804,6.902281893417239e-05,0.005100589711219072,0.025600433349609375,0.0019340685103088617,0.01715136133134365,0.004025259055197239,0.018047066405415535,0.0388559065759182,0.029607847332954407,0.01134228054434061,0.006024214439094067,6.676867633359507e-05,0.04026846960186958,0.018380045890808105,0.27671998739242554,0.138427734375,0.03817892447113991,0.00013677692913915962,0.0021645009983330965
1033,0.007648395374417305,3.5020228096982464e-05,0.00037563213845714927,0.005289848893880844,0.0024457527324557304,0.0004322732565924525,0.013827171176671982,0.012725687585771084,0.07353058457374573,0.03869486600160599,0.011208915151655674,0.0048523214645683765,0.00021703522361349314,0.7728570103645325,0.032367244362831116,0.0034072401467710733,0.005234019365161657,0.011958890594542027,0.00014502598787657917,0.0027462304569780827
1034,0.07229239493608475,0.00021351622126530856,0.001272893976420164,0.0014519254909828305,0.0009570260299369693,0.015131242573261261,0.0007534825126640499,0.0018329271115362644,0.0026165058370679617,0.0024986250791698694,0.0027246030513197184,0.023044265806674957,8.372618322027847e-05,0.0053254179656505585,0.0026618915144354105,0.7427526712417603,0.11954507231712341,0.0037405784241855145,0.0001134540798375383,0.0009870451176539063
1035,0.04527728259563446,0.00014544220175594091,0.011675074696540833,0.011029950343072414,0.0021680882200598717,0.02135322615504265,0.023787574842572212,0.0032092405017465353,0.20399223268032074,0.007610581815242767,0.00523259025067091,0.14967882633209229,0.0009356766240671277,0.06436100602149963,0.1336531937122345,0.15946064889431,0.14509902894496918,0.007556308526545763,0.00027325889095664024,0.0034978105686604977
1036,0.001248195767402649,3.999951513833366e-05,0.0002686056250240654,0.00027462534490041435,0.00042414740892127156,0.0007019494078122079,0.006926581729203463,0.0005302578210830688,0.05869869142770767,0.0015743033727630973,0.0006179517949931324,0.005199134349822998,0.00012506436905823648,0.005645111668854952,0.909959077835083,0.0033589976374059916,0.0026607168838381767,0.0006832709768787026,0.00033040836569853127,0.0007320918375626206
1037,0.045745983719825745,0.00045473017962649465,0.007156810257583857,0.00449978606775403,0.07815441489219666,0.016395973041653633,0.03766714781522751,0.06623820215463638,0.019904594868421555,0.07071150094270706,0.03024473413825035,0.28990915417671204,0.005640755407512188,0.02353884093463421,0.018399791792035103,0.07964164763689041,0.06084436923265457,0.08440936356782913,0.0017953412607312202,0.05864517390727997
1038,0.04645654559135437,0.00019896049343515188,0.21862265467643738,0.09728571772575378,0.0016850207466632128,0.057605162262916565,0.035460084676742554,0.0013335243565961719,0.013768306002020836,0.0034043954219669104,0.0017155794193968177,0.21996231377124786,0.005786859430372715,0.04452262818813324,0.006125221960246563,0.18863792717456818,0.05035354942083359,0.003709277370944619,0.0002047203597612679,0.003159885760396719
1039,0.0016486980020999908,6.469007348641753e-05,0.00029115434153936803,0.00019834504928439856,0.8637712001800537,0.00025718967663124204,0.002968229353427887,0.0032515821512788534,0.00019807700300589204,0.011985997669398785,0.002390798646956682,0.0007614427013322711,9.091643005376682e-05,0.0007140628877095878,0.0002529556513763964,0.0027724255342036486,0.0015974265988916159,0.0038844209630042315,0.001919860253110528,0.10097987949848175
1040,0.00012242421507835388,0.9980080723762512,8.182291639968753e-05,3.0541650630766526e-05,0.00011074608482886106,0.00044952737516723573,1.9114517272100784e-05,6.635212776018307e-05,1.8507793356548063e-05,0.00010882656351896003,1.8914755855803378e-05,0.0001034736997098662,1.9514487576088868e-05,2.4595541617600247e-05,5.2645922551164404e-05,0.00022601425007451326,9.467665950069204e-05,0.00010001088230637833,3.4741187846520916e-05,0.0003076482971664518
1041,0.0007440189365297556,9.129699719778728e-06,0.00027681473875418305,0.00012952880933880806,1.4991944226494525e-05,0.9976056814193726,1.9282946595922112e-05,4.939077825838467e-06,3.4147797123296186e-05,1.3720054084842559e-05,6.6218349275004584e-06,0.00031591381411999464,1.2439276360964868e-05,3.983587885159068e-05,6.109235982876271e-05,0.000631179369520396,3.384072260814719e-05,2.6914563932223246e-05,5.022026925871614e-06,1.4498632481263485e-05
1042,0.010315319523215294,0.00017776885943021625,0.014757128432393074,0.003936453722417355,0.0009740234236232936,0.006093454547226429,0.012525955215096474,0.001511740148998797,0.017655065283179283,0.0016123265959322453,0.0009994875872507691,0.7957112789154053,0.0019483097130432725,0.010274496860802174,0.00797038059681654,0.07747991383075714,0.03173152729868889,0.002147647086530924,6.692411261610687e-05,0.0021099173463881016
1043,0.004447618033736944,3.692954851430841e-05,0.0009976975852623582,0.00034525833325460553,0.000180947725311853,0.9763102531433105,0.0004025580419693142,9.368385508423671e-05,0.0007097719353623688,0.00013946904800832272,0.0001062699593603611,0.006613956298679113,0.0003213239542674273,0.0007161021349020302,0.0009460363071411848,0.005522816441953182,0.0013179697562009096,0.00031379188294522464,3.3098669518949464e-05,0.00044370919931679964
1044,0.02067549154162407,0.00048315353342331946,0.00022849933884572238,0.0005462220869958401,0.007521657273173332,0.0010518926428630948,0.0020425424445420504,0.04485026374459267,0.0014095732476562262,0.01951243169605732,0.01706150732934475,0.005215839482843876,0.00025515310699120164,0.0035861481446772814,0.0015194353181868792,0.05946941673755646,0.7242326140403748,0.08612022548913956,0.00034680028329603374,0.0038706583436578512
1045,0.0011835094774141908,3.7141355278436095e-05,0.000232894963119179,8.21427020127885e-05,0.012767994776368141,0.00020440960361156613,0.9038318395614624,0.00046289333840832114,0.00013339129509404302,0.0012422704603523016,0.0006274792831391096,0.003254703711718321,0.00045516612590290606,0.0013571901945397258,0.0003858233685605228,0.0026045404374599457,0.001616882742382586,0.0009193613077513874,0.00025845682830549777,0.06834123283624649
1046,0.0026256146375089884,0.0001966535928659141,7.696612556173932e-06,2.1896290490985848e-05,0.01473330333828926,5.7887496950570494e-05,0.000151855347212404,0.20548880100250244,5.162943489267491e-05,0.6108502745628357,0.03204428777098656,1.4276261026680004e-05,0.0001459330233046785,0.000263507041381672,9.983850759454072e-05,0.0005328314146026969,0.002730146050453186,0.12826098501682281,0.00021955727424938232,0.001502294559031725
1047,0.005625727120786905,0.00012287763820495456,3.075009954045527e-05,0.00012510274245869368,0.02275332808494568,0.00010311437654308975,0.000464693148387596,0.2895304560661316,0.0003678343491628766,0.3808358609676361,0.05596988648176193,0.00032289736554957926,7.93200233601965e-05,0.0011604743776842952,0.00042906857561320066,0.0018213932635262609,0.012017699889838696,0.22591450810432434,0.00023037666687741876,0.0020939260721206665
1048,0.1983271837234497,0.0005000149831175804,0.002249326091259718,0.0014342525973916054,0.0008002559770829976,0.016179140657186508,0.0012509046355262399,0.0032668288331478834,0.0026516334619373083,0.0024634189903736115,0.0022752222139388323,0.010443100705742836,0.0016883041244000196,0.003483002306893468,0.003105275332927704,0.4949917793273926,0.23647065460681915,0.017315058037638664,0.0001127792929764837,0.0009910953231155872
1049,0.004950829781591892,0.00010718418343458325,8.512453496223316e-05,8.681671897647902e-05,0.013679411262273788,7.059145718812943e-05,0.00027020162087865174,0.29857373237609863,0.00018810729670803994,0.4660740792751312,0.02550555020570755,0.0002884013520088047,0.000605317298322916,0.0005656573339365423,0.00020640678121708333,0.0012879460118710995,0.003664288902655244,0.18129637837409973,0.00023366592358797789,0.0022601354867219925
1050,0.19733765721321106,0.0020104467403143644,0.00026362144853919744,0.00026680552400648594,0.0026312503032386303,0.002568998606875539,0.0002608072245493531,0.14316317439079285,0.00020547529857140034,0.04644046351313591,0.008758253417909145,0.00023413928283844143,0.04386536404490471,0.0005333344452083111,0.00016664399299770594,0.011694727465510368,0.01939646527171135,0.5194966793060303,6.833879160694778e-05,0.00063698849407956
1051,0.11296787112951279,0.00011314046423649415,0.09551338106393814,0.192255899310112,0.002539449604228139,0.038349445909261703,0.012456020340323448,0.011366588994860649,0.048653196543455124,0.013604728505015373,0.0032674369867891073,0.045123547315597534,0.034095946699380875,0.09814782440662384,0.013931780122220516,0.1561473309993744,0.0831877738237381,0.03210717439651489,0.00033102600718848407,0.005839270073920488
1052,0.053475961089134216,0.00020371995924506336,0.2793765068054199,0.12573809921741486,0.005438460037112236,0.05116812139749527,0.01963450200855732,0.008361331187188625,0.015762683004140854,0.012601937167346478,0.0037415665574371815,0.19005322456359863,0.009098026901483536,0.038403186947107315,0.0065469881519675255,0.10564574599266052,0.04591114819049835,0.015739422291517258,0.00037129540578462183,0.012727608904242516
1053,0.614865779876709,0.0006917054997757077,0.008879548870027065,0.003989352844655514,0.004415505100041628,0.05661793798208237,0.004501095041632652,0.011602419428527355,0.002081874758005142,0.02187523804605007,0.005452010780572891,0.014471182599663734,0.02055380865931511,0.005503264721482992,0.0017209661891683936,0.12664492428302765,0.05927957221865654,0.03321235254406929,0.0003394993836991489,0.003300732234492898
1054,0.04870755225419998,3.037595161003992e-05,0.023703966289758682,0.03850658982992172,0.0061917733401060104,0.05303813889622688,0.007794066797941923,0.010891702957451344,0.008914054371416569,0.0169004425406456,0.003186319023370743,0.01058212760835886,0.6573889851570129,0.01616727188229561,0.004065992310643196,0.04044798016548157,0.0226064994931221,0.019456708803772926,0.0005398518987931311,0.010877327062189579
1055,0.13847734034061432,0.00015689196879975498,0.08964928239583969,0.15512678027153015,0.012882673181593418,0.04159850999712944,0.029538646340370178,0.014957915991544724,0.024674611166119576,0.033461883664131165,0.00995924137532711,0.133411705493927,0.05159984156489372,0.07106046378612518,0.015416615642607212,0.07620692998170853,0.03638938069343567,0.032930053770542145,0.0008457615622319281,0.03165244311094284
1056,0.01358863152563572,0.00018873807857744396,0.0008148988708853722,0.00046941707842051983,0.0015113727422431111,0.9576236605644226,0.00036666091182269156,0.0033969893120229244,0.00017678468429949135,0.0028175381012260914,0.0008780477219261229,0.002259084489196539,0.00213135895319283,0.00038692395901307464,0.0002574646205175668,0.004677643068134785,0.0018589005339890718,0.0054320222698152065,9.659998613642529e-05,0.0010665173176676035
1057,0.016801834106445312,0.0002633316908031702,0.00038922374369576573,0.0007652260246686637,0.08273068070411682,0.0016293495427817106,0.0009187739342451096,0.25885269045829773,0.0003587356477510184,0.3183288872241974,0.08213795721530914,0.0015379885444417596,0.0008436532807536423,0.0017146477475762367,0.0003238193748984486,0.006621042266488075,0.02504427172243595,0.1928732544183731,0.00046433648094534874,0.007398783229291439
1058,0.005071324296295643,7.793146505719051e-05,3.0027265893295407e-05,8.468202577205375e-05,0.6743442416191101,0.0006085984059609473,0.0022187642753124237,0.037245627492666245,6.422926526283845e-05,0.12813057005405426,0.05038436874747276,0.00036918604746460915,5.0764003390213475e-05,0.0005719300243072212,6.958994345040992e-05,0.0020537327509373426,0.003907940816134214,0.02871599979698658,0.0006006690673530102,0.06539887189865112
1059,0.0012966034701094031,7.258432742673904e-05,4.957415058015613e-06,6.328174094960559e-06,0.9017016291618347,9.230707655660808e-05,0.0003166100650560111,0.013228382915258408,9.457066880713683e-06,0.030169323086738586,0.003391694976016879,5.118593617225997e-05,2.4394108550040983e-05,5.647183206747286e-05,2.109598608512897e-05,0.00031999358907341957,0.0005191978416405618,0.00970433373004198,0.0008212114335037768,0.03819131851196289
1060,0.04136596992611885,0.0014545226003974676,9.638532355893403e-05,0.00018112367251887918,0.17911551892757416,0.002601310145109892,0.003983174450695515,0.09380139410495758,0.00022031158732715994,0.25864219665527344,0.17599035799503326,0.002010378986597061,6.770789332222193e-05,0.0021068330388516188,0.00045018843957223,0.02328711375594139,0.06284500658512115,0.11250700801610947,0.0012074917322024703,0.038065459579229355
1061,0.0016572310123592615,8.58809071360156e-05,0.0002862795372493565,0.00018598865426611155,0.0038069903384894133,0.0009293759358115494,0.9530587792396545,0.0007715470273979008,0.0004507973208092153,0.003295513102784753,0.0013450335245579481,0.0004061356885358691,0.00018214240844827145,0.013686259277164936,0.0017776407767087221,0.0053064581006765366,0.002924135187640786,0.0014807706465944648,0.00016868954116944224,0.008194157853722572
1062,0.06902731209993362,0.004570771474391222,0.0002350151480641216,0.0003438606800045818,0.20634576678276062,0.005847575142979622,0.016805125400424004,0.056437090039253235,0.0003670979349408299,0.06534958630800247,0.034797873347997665,0.006206648889929056,0.00012456065451260656,0.0032474135514348745,0.0005209434311836958,0.046330541372299194,0.05298934504389763,0.09580262005329132,0.00146864028647542,0.33318209648132324
1063,0.265296995639801,0.0007478040643036366,0.002421974902972579,0.0043384237214922905,0.007855849340558052,0.057369980961084366,0.006048366893082857,0.013290172442793846,0.008680250495672226,0.0274552870541811,0.017091449350118637,0.03367578983306885,0.0011403063545003533,0.03638295829296112,0.006945922505110502,0.32095444202423096,0.13572785258293152,0.05010364204645157,0.00043060409370809793,0.0040415129624307156
1064,0.01638970710337162,0.0002522545983083546,0.00016168291040230542,0.00017556155216880143,0.38135942816734314,0.000580460939090699,0.022580860182642937,0.07552745193243027,0.00038199222763068974,0.18536126613616943,0.03174203634262085,0.0026690522208809853,0.0011328347027301788,0.0023320959880948067,0.000537710846401751,0.0076303984969854355,0.014294072054326534,0.09024504572153091,0.0011053889757022262,0.16553883254528046
1065,0.0923999771475792,0.00016475144366268069,0.004694018512964249,0.014506197534501553,0.024196116253733635,0.008801919408142567,0.00894614215940237,0.1737336963415146,0.024434350430965424,0.11363071203231812,0.020026370882987976,0.02524443343281746,0.008162596262991428,0.034016843885183334,0.015018600039184093,0.07427330315113068,0.10544691234827042,0.23583951592445374,0.0006483437609858811,0.01581401191651821
1066,0.021236293017864227,3.495753844617866e-05,0.006165551953017712,0.01335260458290577,0.0009397332323715091,0.007991043850779533,0.002683574566617608,0.003178145969286561,0.013249830342829227,0.005442336667329073,0.0011507552117109299,0.007773745339363813,0.8549880981445312,0.013509375043213367,0.006332239136099815,0.018678801134228706,0.01259899977594614,0.009150891564786434,9.96602902887389e-05,0.0014423775719478726
1067,0.038118813186883926,0.00021119140728842467,0.02615520730614662,0.05012204125523567,0.010738559998571873,0.019729364663362503,0.01963663473725319,0.05559946224093437,0.16383029520511627,0.061341818422079086,0.009908134117722511,0.04642672464251518,0.013504928909242153,0.11475738137960434,0.08079849928617477,0.07030637562274933,0.09612253308296204,0.10442398488521576,0.0012146118097007275,0.017049506306648254
1068,0.04704514890909195,0.0004900421481579542,0.029212018474936485,0.09763840585947037,0.02899496629834175,0.031903985887765884,0.014861155301332474,0.08699318021535873,0.07103987038135529,0.06578564643859863,0.013789026066660881,0.03207194432616234,0.04181400313973427,0.05499286577105522,0.03171524032950401,0.06704973429441452,0.09899843484163284,0.15469852089881897,0.001885036937892437,0.029015319421887398
1069,0.013205351307988167,0.00038272415986284614,0.002983958227559924,0.008359226398169994,0.2799815237522125,0.003614910412579775,0.013469457626342773,0.03632143884897232,0.008235734887421131,0.04856707900762558,0.011905273422598839,0.009633171372115612,0.008180448785424232,0.01029491052031517,0.009805714711546898,0.02014017663896084,0.025888362899422646,0.04719167575240135,0.08382528275251389,0.358010470867157
1070,0.05724214389920235,0.003831837559118867,0.004512524697929621,0.017111387103796005,0.12396164238452911,0.018432553857564926,0.026798348873853683,0.09827910363674164,0.033659934997558594,0.08082189410924911,0.026925090700387955,0.017448240891098976,0.0023397617042064667,0.03764476254582405,0.04719598963856697,0.03664957359433174,0.06831376999616623,0.1867811530828476,0.007637341972440481,0.10440944880247116
1071,0.03660205751657486,0.001605982892215252,0.00769829610362649,0.030859114602208138,0.058182671666145325,0.00644551869481802,0.011209706775844097,0.12460201978683472,0.022051971405744553,0.11085685342550278,0.024171877652406693,0.12751291692256927,0.009239131584763527,0.034323327243328094,0.026943424716591835,0.05265982449054718,0.1021374985575676,0.14628373086452484,0.005074834451079369,0.06153424084186554
1072,0.014318377710878849,0.0015122839249670506,0.00013625892461277544,0.0006148123065941036,0.1525711566209793,0.0010724725434556603,0.0018440817948430777,0.3451104462146759,0.00042144497274421155,0.10014286637306213,0.02130747213959694,9.77035888354294e-05,0.00013093213783577085,0.0011584068415686488,0.0008577326079830527,0.002693028887733817,0.008262253366410732,0.2743549346923828,0.003484227228909731,0.06990750133991241
1073,0.016714753583073616,0.00044954524491913617,0.002139040268957615,0.007455947808921337,0.031636737287044525,0.0015578411985188723,0.006934056989848614,0.09867675602436066,0.012980110943317413,0.05171104520559311,0.01216088980436325,0.0058492859825491905,0.0013871993869543076,0.009002025239169598,0.011738155037164688,0.051124509423971176,0.5468159317970276,0.09316068142652512,0.003244810737669468,0.035259656608104706
1074,0.18893484771251678,0.0032860897481441498,0.0001401673216605559,0.00039008454768918455,0.029118668287992477,0.0083118611946702,0.000976816052570939,0.15775156021118164,0.0005928656901232898,0.15159781277179718,0.02451087161898613,0.001262328471057117,0.004414331167936325,0.0018556592985987663,0.0010427954839542508,0.048194147646427155,0.06547197699546814,0.3054234981536865,0.00040373438969254494,0.006318488623946905
1075,0.053490668535232544,0.0008695072610862553,0.0020792081486433744,0.007539102341979742,0.07668972760438919,0.02712603658437729,0.05912800133228302,0.0461624376475811,0.06347718089818954,0.05402974411845207,0.011918473988771439,0.018523365259170532,0.0003979243338108063,0.03280063346028328,0.14535769820213318,0.10224868357181549,0.09540244191884995,0.07413790374994278,0.005003031343221664,0.12361690402030945
1076,0.10152097791433334,0.0003710887103807181,0.00871247611939907,0.016281045973300934,0.0030105477198958397,0.07844676077365875,0.012810682877898216,0.00404726667329669,0.14472655951976776,0.012914064340293407,0.007109696976840496,0.034284286201000214,0.15139223635196686,0.05860309302806854,0.16487225890159607,0.11484163254499435,0.06977416574954987,0.01170307956635952,0.0006308859447017312,0.003943921532481909
1077,0.12575624883174896,0.001346847042441368,5.52866404177621e-05,6.314432539511472e-05,0.0006648905109614134,0.843804121017456,7.315319089684635e-05,0.001304555800743401,3.599986303015612e-05,0.0013002885971218348,0.0006721790414303541,0.00019553038873709738,0.00033609880483709276,9.876308467937633e-05,9.097475413000211e-05,0.012684674002230167,0.004433840047568083,0.006726074498146772,6.906777707627043e-05,0.0002873727062251419
1078,0.006666097790002823,9.540271275909618e-05,0.0001053329324349761,0.0008042337722145021,0.09131322801113129,0.0005024477723054588,0.001222605467773974,0.33120056986808777,0.0024575181305408478,0.247975692152977,0.02703321911394596,0.00044259210699237883,0.0004773210093844682,0.0031064103823155165,0.003210892667993903,0.002859849715605378,0.011873278766870499,0.23567503690719604,0.0031422923784703016,0.029835104942321777
1079,0.0005064979777671397,0.9905993342399597,0.0001237032120116055,0.00019081593200098723,0.0005973952356725931,0.00029744161292910576,0.00012557422451209277,0.0007616484072059393,0.0003913970722351223,0.0011859805090352893,0.00020000923541374505,0.00026223258464597166,0.0006845499738119543,0.0003359095426276326,0.00036548261414282024,0.000918193778488785,0.0006679635844193399,0.0010359444422647357,7.997939246706665e-05,0.0006695219199173152
1080,0.03008860908448696,0.0004334138648118824,0.0031464018393307924,0.008072471246123314,0.039975136518478394,0.002718074945732951,0.014877010136842728,0.20930638909339905,0.0560457669198513,0.1514834612607956,0.018437430262565613,0.006955485325306654,0.0010242813732475042,0.026393702253699303,0.04575078934431076,0.03329721838235855,0.01989922672510147,0.29106760025024414,0.003613606793805957,0.0374113954603672
1081,0.057298894971609116,0.000863165536429733,0.1080244854092598,0.12143401801586151,0.009184617549180984,0.05439374968409538,0.02881927788257599,0.0031984008383005857,0.14051443338394165,0.04078786075115204,0.0069435168989002705,0.2293788641691208,0.0008848226862028241,0.10001454502344131,0.03851060941815376,0.04110366851091385,0.004501112271100283,0.006011566147208214,0.00040744541911408305,0.00771827669814229
1082,0.0056203436106443405,0.0001919002243084833,0.029263930395245552,0.013962515629827976,0.002376767573878169,0.6641820073127747,0.013245083391666412,0.0005516745150089264,0.04876091703772545,0.0039975023828446865,0.0014579161070287228,0.1365300863981247,0.00011546644236659631,0.014265055768191814,0.024902665987610817,0.024586578831076622,0.010373405180871487,0.0013462825445458293,0.0002448953746352345,0.004021385218948126
1083,0.01648259535431862,0.00018062040908262134,0.0022636759094893932,0.011246833950281143,0.03387042507529259,0.002510972321033478,0.014782504178583622,0.19302165508270264,0.16053138673305511,0.0615207701921463,0.014389132149517536,0.014176738448441029,0.00016057354514487088,0.025038674473762512,0.06309333443641663,0.014707813039422035,0.05104783549904823,0.2843225300312042,0.00205194391310215,0.03459526598453522
1084,0.27581727504730225,0.014161309227347374,0.0005109207704663277,0.0011456095380708575,0.05034085735678673,0.03219116851687431,0.0037284279242157936,0.10486229509115219,0.00221619033254683,0.09591715037822723,0.024771537631750107,0.003556421957910061,0.009458146058022976,0.004621122498065233,0.0032552240882068872,0.04311492666602135,0.046882208436727524,0.243661567568779,0.002481604926288128,0.03729845583438873
1085,0.02699415013194084,0.0010763169266283512,0.0005375175969675183,0.001098768669180572,0.2620496153831482,0.008815131150186062,0.005405365955084562,0.12794950604438782,0.0022701635025441647,0.08703223615884781,0.01422108244150877,0.0010728680063039064,7.191373151727021e-05,0.002579696709290147,0.005891254637390375,0.012013386003673077,0.011908343993127346,0.1378484070301056,0.01661045476794243,0.27455049753189087
1086,0.015641866251826286,0.000516815111041069,0.00026317581068724394,0.0015337335644289851,0.13749870657920837,0.0012457898119464517,0.005390395410358906,0.26782408356666565,0.0022306181490421295,0.13508497178554535,0.020149102434515953,0.001451503369025886,0.001491760485805571,0.0058498261496424675,0.004696018062531948,0.008399631828069687,0.020513756200671196,0.1940000206232071,0.005763303488492966,0.17045268416404724
1087,0.06372179836034775,0.000746075646020472,0.002617407590150833,0.002889474621042609,0.042223069816827774,0.0074436720460653305,0.004487272351980209,0.06862764060497284,0.0021665615495294333,0.1757633239030838,0.019802479073405266,0.004871584475040436,0.39960670471191406,0.006614019628614187,0.003321002935990691,0.04583754390478134,0.035229865461587906,0.09320969879627228,0.0021445879247039557,0.01867467351257801
1088,0.0508262999355793,0.00034614134347066283,0.02470136433839798,0.05532962828874588,0.00965352263301611,0.012926873750984669,0.017996899783611298,0.021660663187503815,0.2608692944049835,0.04105747863650322,0.008234722539782524,0.03620164468884468,0.031751323491334915,0.05525509640574455,0.12078548222780228,0.09536799043416977,0.1007949709892273,0.04350527748465538,0.0009591456037014723,0.011768558993935585
1089,0.05294349417090416,0.00026221000007353723,0.10852085053920746,0.07165814191102982,0.010700764134526253,0.17718636989593506,0.03257105499505997,0.006617255508899689,0.05240921303629875,0.009992842562496662,0.003644858952611685,0.18306265771389008,0.009425949305295944,0.04206879436969757,0.029726484790444374,0.1130639836192131,0.0637693852186203,0.015484567731618881,0.0007771764067001641,0.01610676199197769
1090,0.039010751992464066,0.0007248700130730867,0.030141113325953484,0.012016327120363712,0.009065709076821804,0.49043190479278564,0.021492771804332733,0.004341389983892441,0.031146978959441185,0.011228603310883045,0.00500995060428977,0.16208043694496155,0.032814402133226395,0.020853204652667046,0.03515525534749031,0.050624072551727295,0.022342246025800705,0.00870888214558363,0.0014871787279844284,0.011319675482809544
1091,0.019621698185801506,0.00046296208165585995,0.0009588346583768725,0.0018622031202539802,0.12151266634464264,0.0028432223480194807,0.008137605153024197,0.19019083678722382,0.006916768848896027,0.2547474503517151,0.03968926891684532,0.004296117462217808,0.0007379178423434496,0.00900801457464695,0.010240125469863415,0.016235336661338806,0.03311135619878769,0.20017851889133453,0.0036933934316039085,0.0755525529384613
1092,0.036651335656642914,0.0006964384228922427,5.534962474484928e-05,0.0003125698713120073,0.19203415513038635,0.005218538921326399,0.002298322506248951,0.149370938539505,0.0007923509110696614,0.27310729026794434,0.04795140027999878,0.00018838523828890175,0.0004247695906087756,0.0017740534385666251,0.001377321663312614,0.00655206385999918,0.009333905763924122,0.15142089128494263,0.013014726340770721,0.10742204636335373
1093,0.027182919904589653,0.0008395770564675331,0.0004008913820143789,0.0017181176226586103,0.2438119351863861,0.005075441673398018,0.0060127959586679935,0.11403918266296387,0.002270231954753399,0.0781969502568245,0.014955008402466774,0.0008951308554969728,8.949485345510766e-05,0.0032050455920398235,0.002745796926319599,0.00920115690678358,0.014590705744922161,0.14614959061145782,0.05921315401792526,0.26940178871154785
1094,0.022394714877009392,0.0015713308239355683,0.010799039155244827,0.010716072283685207,0.14587688446044922,0.011978202499449253,0.05481922999024391,0.008768027648329735,0.1129668653011322,0.05483364313840866,0.009509834460914135,0.03932313993573189,0.007461910601705313,0.05275929719209671,0.06876526772975922,0.08685429394245148,0.062230147421360016,0.021269049495458603,0.0603809729218483,0.15671676397323608
1095,0.015150976367294788,0.0003528896486386657,0.2777431607246399,0.015402818098664284,0.011389189399778843,0.0037679271772503853,0.00978965125977993,0.017527299001812935,0.02257176861166954,0.022886835038661957,0.005020420998334885,0.4451793134212494,0.0008928515599109232,0.01397035550326109,0.01646834798157215,0.033145688474178314,0.04535543918609619,0.02704682946205139,0.0009093217668123543,0.015427841804921627
1096,0.03443817421793938,0.0001202359126182273,0.04288645088672638,0.04132559150457382,0.0041106268763542175,0.6769698262214661,0.00610778946429491,0.0045323967933654785,0.02650841325521469,0.008365621790289879,0.0015561457257717848,0.04214945062994957,0.001953795785084367,0.01224448811262846,0.01168933417648077,0.05290085822343826,0.019172348082065582,0.007521025836467743,0.0002467221929691732,0.005198502913117409
1097,0.008093980140984058,4.311849988880567e-05,0.023968428373336792,0.021075351163744926,0.003715521190315485,0.009477750398218632,0.005270194727927446,0.013564090244472027,0.04229264333844185,0.012928138487040997,0.0022497198078781366,0.023591600358486176,0.005607156082987785,0.014515156857669353,0.014419046230614185,0.1768711805343628,0.6004782319068909,0.016655905172228813,0.000234238788834773,0.0049462816677987576
1098,0.04537954553961754,0.0006660601939074695,0.0608203299343586,0.05831322818994522,0.016076048836112022,0.046516913920640945,0.10056649148464203,0.012927808798849583,0.08139973878860474,0.023619074374437332,0.007891935296356678,0.08334952592849731,0.0002999566786456853,0.07112392038106918,0.06084652617573738,0.14884130656719208,0.10904604196548462,0.037562549114227295,0.0019458513706922531,0.03280282020568848
1099,0.01655556447803974,0.0025972553994506598,0.0011719984468072653,0.0009866063483059406,0.19115827977657318,0.007186878472566605,0.019123215228319168,0.0208580419421196,0.0027162497863173485,0.029033832252025604,0.006210419815033674,0.0026134690269827843,0.0007519561913795769,0.004000033717602491,0.004339307080954313,0.024065351113677025,0.025331653654575348,0.0321597121655941,0.3913293480873108,0.21780723333358765
1100,0.039260197430849075,0.0005762781947851181,0.005599170457571745,0.011647552251815796,0.19363054633140564,0.014793138019740582,0.02493886463344097,0.12654274702072144,0.02274460531771183,0.07705187052488327,0.02574213221669197,0.003761864732950926,0.00030129231163300574,0.0232017133384943,0.02780364453792572,0.04914829879999161,0.06544971466064453,0.1383441835641861,0.024799183011054993,0.12465938180685043
1101,0.04395855963230133,0.0003748750314116478,0.012010951526463032,0.014381068758666515,0.15730662643909454,0.01077646017074585,0.0183259267359972,0.023786935955286026,0.0179819967597723,0.0582834891974926,0.011921169236302376,0.023864157497882843,0.22021044790744781,0.027034521102905273,0.015664655715227127,0.09265528619289398,0.07422731816768646,0.034468743950128555,0.010661647655069828,0.13210222125053406
1102,0.021867144852876663,6.9296860601753e-05,0.004560702946037054,0.002711956389248371,0.000868026283569634,0.0144135020673275,0.0013182774418964982,0.0008331701392307878,0.0029181204736232758,0.0031238505616784096,0.00041131358011625707,0.007160439155995846,0.8595068454742432,0.0028166770935058594,0.0016086630057543516,0.04059062525629997,0.031863655894994736,0.002306481124833226,7.036630995571613e-05,0.0009797698585316539
1103,0.045863911509513855,3.953847772208974e-05,0.04015855863690376,0.03974151611328125,0.0017016587080433965,0.02372443489730358,0.005271892994642258,0.002148659434169531,0.032392870634794235,0.006912630517035723,0.0011022171238437295,0.02484225668013096,0.6355094909667969,0.0163482166826725,0.01111042033880949,0.07411175221204758,0.02937033213675022,0.006193703971803188,0.0003061070165131241,0.003147555748000741
1104,0.029248801991343498,0.00018300955707672983,0.062237996608018875,0.034341905266046524,0.04530847817659378,0.07310779392719269,0.06908722221851349,0.004740201402455568,0.07378577440977097,0.0268015805631876,0.004687207285314798,0.18610751628875732,0.01158114057034254,0.05259578302502632,0.12077685445547104,0.0774739533662796,0.053987860679626465,0.009102321229875088,0.003671105485409498,0.06116887927055359
1105,0.017903266474604607,0.0002506925375200808,0.025363480672240257,0.03471501171588898,0.004740838427096605,0.3235955536365509,0.03026476688683033,0.005325044970959425,0.11537382006645203,0.00888783484697342,0.004001984838396311,0.04916823282837868,0.010382979176938534,0.0747503861784935,0.17784512042999268,0.0519479438662529,0.044393666088581085,0.01195501908659935,0.0009843745501711965,0.008146067149937153
1106,0.012789735570549965,0.00048059821710921824,0.003379482077434659,0.004404688253998756,0.3144315183162689,0.004155701957643032,0.01372381392866373,0.09365016967058182,0.006271994672715664,0.08299896121025085,0.00967363826930523,0.005853360518813133,0.00442779716104269,0.009636236354708672,0.010588910430669785,0.01664327271282673,0.02308376133441925,0.08755212277173996,0.016269659623503685,0.2799811065196991
1107,0.00857714656740427,0.0002752269501797855,0.0018830037442967296,0.0023003683891147375,0.2662109434604645,0.0013143435353413224,0.013006936758756638,0.09535842388868332,0.004849587567150593,0.0691138282418251,0.007814534939825535,0.003782958025112748,0.0012602123897522688,0.004150319844484329,0.0068872529082000256,0.023980433121323586,0.04337691888213158,0.07031820714473724,0.019671980291604996,0.35586342215538025
1108,0.04020004719495773,0.0005139625282026827,0.037710223346948624,0.04347636550664902,0.08756527304649353,0.005394664593040943,0.025533657521009445,0.0467209555208683,0.03653784841299057,0.03758162260055542,0.007822328247129917,0.11427480727434158,0.024868091568350792,0.04644946753978729,0.027501273900270462,0.07375737279653549,0.07266063243150711,0.07832854241132736,0.00362624553963542,0.18947112560272217
1109,0.009152502752840519,6.609343108721077e-05,0.014408915303647518,0.007349954918026924,0.001522381091490388,0.013143297284841537,0.003021420445293188,0.001453413744457066,0.00967717170715332,0.003073914675042033,0.0006336524966172874,0.021892745047807693,0.8666849136352539,0.006803956814110279,0.006043817847967148,0.018868042156100273,0.010797486640512943,0.002863988047465682,0.0001511581358499825,0.00238802726380527
1110,0.06981266289949417,0.00031485132058151066,0.058308158069849014,0.05905960872769356,0.016460230574011803,0.07785612344741821,0.020363740622997284,0.021659236401319504,0.0749196782708168,0.032838866114616394,0.007134734187275171,0.07583349198102951,0.07870633155107498,0.05616491660475731,0.07254867255687714,0.12636823952198029,0.0853562280535698,0.04712091386318207,0.0013143838150426745,0.017851389944553375
1111,0.03919186815619469,0.0001712750381557271,0.03398243337869644,0.044794656336307526,0.03022938221693039,0.027919990941882133,0.012758889235556126,0.05255112051963806,0.04720141366124153,0.05857769027352333,0.008472251705825329,0.31663626432418823,0.051194339990615845,0.03550927713513374,0.029998373240232468,0.04818210378289223,0.0586932972073555,0.07317912578582764,0.0025882646441459656,0.028161143884062767
1112,0.055343106389045715,0.0001601173571543768,0.042465727776288986,0.029514629393815994,0.030021918937563896,0.03466441109776497,0.009843188337981701,0.061752136796712875,0.04513673484325409,0.07472235709428787,0.008604908362030983,0.22341641783714294,0.08521892130374908,0.03829917311668396,0.02650230936706066,0.07153946906328201,0.050448425114154816,0.08425185084342957,0.002578332321718335,0.025512291118502617
1113,0.07412152737379074,0.00022537897166330367,0.042528145015239716,0.04539113864302635,0.036510538309812546,0.052386824041604996,0.011580296792089939,0.06145016476511955,0.04767678678035736,0.07728274911642075,0.009654100053012371,0.052118297666311264,0.056463830173015594,0.03406902402639389,0.02548913285136223,0.1102343201637268,0.13525447249412537,0.09886924177408218,0.0023542004637420177,0.026336999610066414
1114,0.08371497690677643,0.0001744128530845046,0.09649026393890381,0.08049209415912628,0.01595410332083702,0.08678444474935532,0.01158753503113985,0.016651518642902374,0.06726985424757004,0.03317415341734886,0.005295344162732363,0.07469671219587326,0.05956929549574852,0.03475281968712807,0.023963693529367447,0.15215224027633667,0.10507684201002121,0.03516941890120506,0.0020540119148790836,0.014970268122851849
1115,0.032454248517751694,4.028318289783783e-05,0.060023657977581024,0.062442757189273834,0.003293444402515888,0.05310683324933052,0.005382880102843046,0.005493931472301483,0.04133876413106918,0.009993373416364193,0.0021208280231803656,0.5570718050003052,0.027744727209210396,0.024008987471461296,0.014954501762986183,0.0495140440762043,0.03503483906388283,0.011208973824977875,0.00040351334610022604,0.004357866011559963
1116,0.03372916579246521,0.0004292042285669595,0.046061448752880096,0.04242156445980072,0.14263294637203217,0.04397778585553169,0.03424791991710663,0.029578324407339096,0.06458303332328796,0.07278572022914886,0.016037853434681892,0.07468077540397644,0.007194120436906815,0.05702709034085274,0.03796849772334099,0.07381144911050797,0.08001574873924255,0.04173297435045242,0.006336452905088663,0.09474246948957443
1117,0.03365685045719147,0.000546563882380724,0.007977647706866264,0.006020579021424055,0.20682547986507416,0.011168546043336391,0.008233596570789814,0.17425478994846344,0.005373101681470871,0.16288773715496063,0.02962958626449108,0.010588428005576134,0.004815573338419199,0.00781294796615839,0.004659902770072222,0.01729324646294117,0.028386659920215607,0.17913727462291718,0.007036305032670498,0.09369294345378876
1118,0.011541667394340038,0.00010198631207458675,0.0005518662510439754,0.0009629027335904539,0.22839534282684326,0.0025025904178619385,0.0019542512018233538,0.28118282556533813,0.0014302229974418879,0.1925130933523178,0.014807033352553844,0.0011717425659298897,0.002816924825310707,0.0015792583581060171,0.0015973211266100407,0.006291687488555908,0.031199747696518898,0.16360880434513092,0.0052148462273180485,0.05057140439748764
1119,0.04429568350315094,0.00029332100530155003,0.01031190063804388,0.03551601245999336,0.05680295452475548,0.007465278264135122,0.016255691647529602,0.1467941552400589,0.043471816927194595,0.07847649604082108,0.013421967625617981,0.0126241659745574,0.00969406496733427,0.03388717770576477,0.04200424998998642,0.06712833046913147,0.11449124664068222,0.2049502283334732,0.003816545009613037,0.05829345062375069
1120,0.02744576334953308,0.00018031704530585557,0.001014311914332211,0.0030829054303467274,0.10287797451019287,0.009500817395746708,0.0017828081035986543,0.12482039630413055,0.0031783883459866047,0.47389543056488037,0.04389681667089462,0.0020271162502467632,0.021005084738135338,0.005149880424141884,0.002995866583660245,0.012886912561953068,0.024993691593408585,0.12344630807638168,0.0011682042386382818,0.014647451229393482
1121,0.07407554239034653,0.00044486348633654416,0.06252378225326538,0.07674213498830795,0.008998389355838299,0.18974699079990387,0.01265591662377119,0.009879950433969498,0.044339898973703384,0.019557205960154533,0.004967968445271254,0.04952742159366608,0.021966563537716866,0.038607921451330185,0.028863728046417236,0.18428555130958557,0.13028208911418915,0.029765313491225243,0.0007331684464588761,0.012031386606395245
1122,0.05903555452823639,0.0002918891841545701,0.11360231786966324,0.06058501452207565,0.011182967573404312,0.050190430134534836,0.018209077417850494,0.01795981265604496,0.10270220786333084,0.018928809091448784,0.004508070647716522,0.10065891593694687,0.08994093537330627,0.04582909494638443,0.03551558032631874,0.1235988587141037,0.09182260185480118,0.04313113912940025,0.0004366491048131138,0.01186573226004839
1123,0.0008286818629130721,0.9827228784561157,0.0005733256111852825,0.0006097829900681973,0.0032630357891321182,0.0007109989528544247,0.00017803585797082633,0.001261940342374146,0.00036824948620051146,0.002120936056599021,0.00031021356699056923,0.00042636654688976705,0.0004627406015060842,0.00038810214027762413,0.0002657971053849906,0.0010868764948099852,0.0007312024827115238,0.0015724921831861138,0.00015658761549275368,0.0019612740725278854
1124,0.030245279893279076,5.0758473662426695e-05,0.10906440764665604,0.04050152003765106,0.0009767176816239953,0.05630942061543465,0.0040400163270533085,0.0009917585412040353,0.015934331342577934,0.0023427444975823164,0.0008377350168302655,0.06387344747781754,0.058218833059072495,0.016607197001576424,0.005121144931763411,0.5062838792800903,0.0850469172000885,0.002655657473951578,3.82734251616057e-05,0.0008584662573412061
1125,0.06846331804990768,0.0006526800571009517,0.02466311864554882,0.03248950093984604,0.1744503378868103,0.023618418723344803,0.01899365335702896,0.03575634956359863,0.04178015887737274,0.04712585359811783,0.010613540187478065,0.032474812120199203,0.07625462114810944,0.035473719239234924,0.03487800806760788,0.09457939863204956,0.0680929571390152,0.07560572773218155,0.00348006677813828,0.10054690390825272
1126,0.04124918207526207,8.337237522937357e-05,0.07443951815366745,0.07761958986520767,0.010540609247982502,0.031976599246263504,0.033318497240543365,0.019589712843298912,0.11879517883062363,0.012758566066622734,0.004439380951225758,0.09903331100940704,0.03262593597173691,0.07807377725839615,0.0493699386715889,0.1428166776895523,0.11440399289131165,0.04752310365438461,0.000534729624632746,0.010803884826600552
1127,0.06991741061210632,0.00031489989487454295,0.02115577459335327,0.03163723275065422,0.06332918256521225,0.08125833421945572,0.019217446446418762,0.05597817152738571,0.03661108389496803,0.06567084789276123,0.014921910129487514,0.026510536670684814,0.050259046256542206,0.032963600009679794,0.03356600180268288,0.08994783461093903,0.10356150567531586,0.09848449379205704,0.0038496011402457952,0.1008399948477745
1128,0.015544277615845203,2.7578276785789058e-05,0.02867218293249607,0.021666688844561577,0.0011462995316833258,0.024091221392154694,0.008083682507276535,0.001100757159292698,0.020095987245440483,0.0021503614261746407,0.0008552172221243382,0.027423419058322906,0.7588422298431396,0.01735934056341648,0.010494076646864414,0.037187784910202026,0.02017260156571865,0.003082854440435767,0.00016512584988959134,0.0018371742917224765
1129,0.06337802857160568,0.00012926352792419493,0.03829893469810486,0.061717286705970764,0.03934398666024208,0.027382442727684975,0.027314750477671623,0.04215322062373161,0.07303964346647263,0.05148351192474365,0.010182601399719715,0.054599471390247345,0.078155018389225,0.06605217605829239,0.05149756744503975,0.0929824709892273,0.0980038121342659,0.07711344212293625,0.0030828341841697693,0.044086575508117676
1130,0.10953020304441452,0.00017235023551620543,0.025830265134572983,0.029776556417346,0.0351313017308712,0.06892702728509903,0.011125131510198116,0.07615169882774353,0.027916528284549713,0.07205718010663986,0.013135573826730251,0.03770462051033974,0.07808516919612885,0.042560458183288574,0.0235952939838171,0.08884181082248688,0.07926630228757858,0.14783945679664612,0.001937081920914352,0.03041280433535576
1131,0.0026360645424574614,7.997292414074764e-06,0.01708928495645523,0.009600458666682243,0.00023403632803820074,0.0028982239309698343,0.0006872261874377728,0.0005467169685289264,0.005031981971114874,0.0008049102616496384,0.00016937512555159628,0.925271213054657,0.01621030457317829,0.003529744455590844,0.0011586048640310764,0.008138411678373814,0.004269740544259548,0.0012808475876227021,2.455313915561419e-05,0.00040952503331936896
1132,0.08906807005405426,0.0001898158370750025,0.09473011642694473,0.11692474782466888,0.021861745044589043,0.05085492879152298,0.012616989202797413,0.016414441168308258,0.04877321049571037,0.02051403373479843,0.007084608543664217,0.07753103226423264,0.007554041221737862,0.07016032189130783,0.025803405791521072,0.14917151629924774,0.11084794253110886,0.04558449983596802,0.00218014745041728,0.03213192895054817
1133,0.005875975359231234,1.6486063032061793e-05,0.003816830227151513,0.0053811995312571526,0.004543278366327286,0.0015420946292579174,0.0005753205623477697,0.012274511158466339,0.003927140962332487,0.006232726853340864,0.0007779047591611743,0.002764464821666479,0.007031894288957119,0.003397030755877495,0.001441753818653524,0.22648131847381592,0.6979264616966248,0.01311043556779623,0.00014078320236876607,0.0027416571974754333
1134,0.052794139832258224,6.413544906536117e-05,0.05647335201501846,0.05025414749979973,0.06417490541934967,0.017336422577500343,0.011183377355337143,0.1787947714328766,0.03759758174419403,0.0907432809472084,0.007526732049882412,0.036906711757183075,0.006945320870727301,0.03399010747671127,0.016717832535505295,0.021884668618440628,0.02864231914281845,0.2298276722431183,0.003609337145462632,0.05452688783407211
1135,0.04655202478170395,0.00016023966600187123,0.034376636147499084,0.047647736966609955,0.0982329323887825,0.020266344770789146,0.006707174237817526,0.14152050018310547,0.0199598278850317,0.1101907268166542,0.007661302573978901,0.019376125186681747,0.08142451196908951,0.023448340594768524,0.012292599305510521,0.061777736991643906,0.053085822612047195,0.11879348009824753,0.007902116514742374,0.08861993253231049
1136,0.05072272568941116,5.731470446335152e-05,0.062202297151088715,0.19766636192798615,0.00812066812068224,0.01260074321180582,0.010846994817256927,0.05139956250786781,0.059341415762901306,0.029411885887384415,0.005883778911083937,0.04686181992292404,0.022930869832634926,0.0766838863492012,0.016335517168045044,0.051634468138217926,0.1769331395626068,0.10500063002109528,0.00034837599378079176,0.015013002790510654
1137,0.04386332258582115,6.865898467367515e-05,0.12919658422470093,0.11597346514463425,0.03401050344109535,0.029245436191558838,0.007994805462658405,0.0705903172492981,0.0347830131649971,0.0641716793179512,0.007196283433586359,0.060455597937107086,0.07290027290582657,0.04967145621776581,0.012128937058150768,0.07417407631874084,0.06405885517597198,0.09316999465227127,0.0015978848095983267,0.03474532067775726
1138,0.0301761906594038,6.05592540523503e-05,0.029454000294208527,0.03997994214296341,0.05306787043809891,0.019141996279358864,0.007944589480757713,0.13048259913921356,0.05750502645969391,0.08559159934520721,0.005076895467936993,0.04949876666069031,0.09567604959011078,0.02822273224592209,0.015063617378473282,0.0900893583893776,0.07195036113262177,0.1318216770887375,0.004097566939890385,0.05508582666516304
1139,0.047858428210020065,5.904730278416537e-05,0.024680105969309807,0.028763676062226295,0.03990369290113449,0.021426744759082794,0.004562712274491787,0.1936233937740326,0.05167180299758911,0.19945017993450165,0.014088372699916363,0.02416996657848358,0.06408710777759552,0.030028637498617172,0.015478665940463543,0.032264549285173416,0.052909985184669495,0.13370618224143982,0.0011378050548955798,0.020125320181250572
1140,0.08856599777936935,3.2434953027404845e-05,0.0746399536728859,0.09355922788381577,0.04426645115017891,0.03179693594574928,0.006585882976651192,0.08072672039270401,0.11263035237789154,0.06986865401268005,0.008898181840777397,0.040048111230134964,0.043581824749708176,0.0618009977042675,0.01853221282362938,0.0766645222902298,0.05712983012199402,0.07158345729112625,0.001374899409711361,0.01770881749689579
1141,0.03295386582612991,2.2733036530553363e-05,0.3653101623058319,0.10461632907390594,0.008351564407348633,0.019388653337955475,0.004939705599099398,0.034665752202272415,0.044286973774433136,0.024870503693819046,0.0034926251973956823,0.08489527553319931,0.011218545958399773,0.04860614240169525,0.007992730475962162,0.08821988105773926,0.058115310966968536,0.04655073210597038,0.0006188760162331164,0.010876995511353016
1142,0.024604639038443565,4.3034397094743326e-05,0.03952706977725029,0.024964002892374992,0.15090890228748322,0.01626996137201786,0.002447353908792138,0.1996251493692398,0.009587191045284271,0.18444307148456573,0.017823457717895508,0.030214136466383934,0.025251369923353195,0.01026447955518961,0.004591262899339199,0.02994510903954506,0.02939368039369583,0.10936339199542999,0.017338952049613,0.07338897138834
1143,0.04513750597834587,2.1975898562232032e-05,0.2193831503391266,0.11783095449209213,0.010448776185512543,0.03418676555156708,0.00535889808088541,0.02822289615869522,0.07440482825040817,0.026062605902552605,0.0032580385450273752,0.05702947825193405,0.1600097268819809,0.04758363962173462,0.009206540882587433,0.06050864979624748,0.05438891798257828,0.03942197188735008,0.00047076004557311535,0.007057990878820419
1144,0.12518151104450226,2.3875096303527243e-05,0.08812587708234787,0.09511794149875641,0.008859759196639061,0.0337095744907856,0.006419521756470203,0.03297039866447449,0.23349784314632416,0.03377779573202133,0.00316631980240345,0.05338503047823906,0.01994558610022068,0.07659740000963211,0.030060097575187683,0.06719198822975159,0.048591248691082,0.033183738589286804,0.000861122680362314,0.009326870553195477
1145,0.08037684112787247,3.394859959371388e-05,0.009311948902904987,0.013363299891352654,0.07742629200220108,0.009681180119514465,0.002372009214013815,0.22698481380939484,0.012222100980579853,0.19607485830783844,0.015627605840563774,0.011005759239196777,0.005028590094298124,0.019477926194667816,0.006475663278251886,0.0262743029743433,0.046794503927230835,0.185553178191185,0.0059964461252093315,0.049910981208086014
1146,0.04326266422867775,3.7343863368732855e-05,0.10370136052370071,0.09390533715486526,0.05949380248785019,0.031650692224502563,0.004654244985431433,0.03572443127632141,0.07544082403182983,0.04866376891732216,0.008803659118711948,0.09926397353410721,0.004701598081737757,0.1518671065568924,0.021513164043426514,0.0663953423500061,0.059165600687265396,0.032300081104040146,0.007882741279900074,0.05156795680522919
1147,0.14637500047683716,2.1292920791893266e-05,0.1644584685564041,0.23374240100383759,0.007568749599158764,0.01851668953895569,0.0021416752133518457,0.03441745415329933,0.06089456006884575,0.026089629158377647,0.0034513617865741253,0.0438273586332798,0.022165212780237198,0.05157986655831337,0.008432789705693722,0.078360415995121,0.05424201115965843,0.03826534375548363,0.00026966488803736866,0.005171692464500666
1148,0.03462576866149902,9.034039976540953e-06,0.2497297078371048,0.32538169622421265,0.007439931854605675,0.022007940337061882,0.002160020638257265,0.02151830494403839,0.0377473384141922,0.019934358075261116,0.0045754751190543175,0.057808417826890945,0.0011390914442017674,0.07381381094455719,0.010287938639521599,0.06493432074785233,0.03987623378634453,0.016112450510263443,0.0011451037134975195,0.00974931102246046
1149,0.08288928866386414,0.0002661500475369394,0.0010118418140336871,0.002776162466034293,0.06885097920894623,0.0019395205890759826,0.0007637815433554351,0.18717338144779205,0.001981406705453992,0.23156869411468506,0.052645038813352585,0.0047913845628499985,0.0002564058522693813,0.009982478804886341,0.004438681993633509,0.013696170412003994,0.022857684642076492,0.25427696108818054,0.009807194583117962,0.04802460968494415
1150,0.032373249530792236,1.2761277503159363e-05,0.4595135748386383,0.28037044405937195,0.0019098601769655943,0.014087327755987644,0.002406738931313157,0.009712675586342812,0.023508038371801376,0.011287852190434933,0.002342093735933304,0.06258786469697952,0.00632663257420063,0.026679255068302155,0.00632178969681263,0.029327336698770523,0.02050592564046383,0.007838472723960876,0.00023828010307624936,0.002645703963935375
1151,0.07845014333724976,1.3665751794178504e-05,0.16352905333042145,0.3812241554260254,0.001304397126659751,0.014550171792507172,0.0016382375033572316,0.008571131154894829,0.06260789185762405,0.014419090934097767,0.0010926108807325363,0.11420000344514847,0.0018840025877580047,0.06350681185722351,0.009360342286527157,0.04090435057878494,0.03061133809387684,0.010384878143668175,0.00016031959967222065,0.0015788150485605001
1152,0.05415754020214081,3.674218532978557e-05,0.007669322658330202,0.03094746731221676,0.18714015185832977,0.00476430170238018,0.007448308635503054,0.15749041736125946,0.02858622930943966,0.1868736743927002,0.015298902057111263,0.011644535697996616,0.0013136775232851505,0.036428213119506836,0.014421054162085056,0.013187255710363388,0.018024710938334465,0.04962702840566635,0.029608143493533134,0.14532428979873657
1153,0.024388374760746956,8.850761514622718e-05,0.023224130272865295,0.049051832407712936,0.1432534009218216,0.010778597556054592,0.008225027471780777,0.075605608522892,0.03881090506911278,0.22006312012672424,0.02835686318576336,0.0864141508936882,0.0008945429581217468,0.025569595396518707,0.025203118100762367,0.02483808435499668,0.023947637528181076,0.04148312285542488,0.036818571388721466,0.112978994846344
1154,0.23543332517147064,1.9835155399050564e-05,0.027085239067673683,0.10155882686376572,0.0034390087239444256,0.13986904919147491,0.006073268596082926,0.008968047797679901,0.1373709887266159,0.013052019290626049,0.0014824544778093696,0.054952286183834076,0.022296076640486717,0.06893247365951538,0.021487528458237648,0.08774661272764206,0.043856181204319,0.022181447595357895,0.00017618475249037147,0.004009888507425785
1155,0.002466007135808468,7.401478796964511e-06,0.033210694789886475,0.024379434064030647,0.0002178923605242744,0.007708774413913488,0.0004259238485246897,0.0008833658648654819,0.0035985836293548346,0.0009041076991707087,0.0001685203314991668,0.8964810371398926,0.0019149765139445662,0.0038544428534805775,0.0004825567302759737,0.012471191585063934,0.00974367093294859,0.0007970186998136342,1.1297785022179596e-05,0.0002699002216104418
1156,0.0791369080543518,9.361159754917026e-05,0.029761111363768578,0.025695333257317543,0.09973356872797012,0.02510138601064682,0.010567422956228256,0.13534915447235107,0.026214584708213806,0.07503926753997803,0.012211217544972897,0.027907084673643112,0.0007760826265439391,0.06107309088110924,0.017286986112594604,0.1070631816983223,0.07888897508382797,0.11285621672868729,0.005384495947510004,0.06985600292682648
1157,0.001703992486000061,1.0171849680773448e-05,0.0055271415039896965,0.005650675389915705,0.0008993121446110308,0.003952274098992348,0.0009663883247412741,0.0027043905574828386,0.011475993320345879,0.0012707589194178581,0.00018209280096925795,0.007404852658510208,0.010132375173270702,0.004383731633424759,0.0012203926453366876,0.4506494700908661,0.48765459656715393,0.0034504777286201715,5.827050335938111e-05,0.0007009105756878853
1158,0.02832186222076416,4.59160037280526e-05,0.020040761679410934,0.027968427166342735,0.05887044593691826,0.015237406827509403,0.0012534507550299168,0.300277441740036,0.01198299415409565,0.258464515209198,0.014054455794394016,0.013594802469015121,0.003507951507344842,0.013206254690885544,0.003744882997125387,0.023216132074594498,0.03852854296565056,0.1466289758682251,0.002235866617411375,0.018813155591487885
1159,0.03071269579231739,7.850837573641911e-05,0.05131502076983452,0.04108221456408501,0.04828687012195587,0.052724286913871765,0.0051680756732821465,0.17614802718162537,0.033832650631666183,0.09681449830532074,0.00523658562451601,0.03101961314678192,0.0928429439663887,0.023616747930645943,0.006590388249605894,0.09881177544593811,0.07256285846233368,0.11605259031057358,0.0025090344715863466,0.014571298845112324
1160,0.04026521369814873,3.0449265977949835e-05,0.13521307706832886,0.09571637213230133,0.014643817208707333,0.03252246230840683,0.014036552980542183,0.05865732207894325,0.0912354364991188,0.03264113515615463,0.0036229402758181095,0.07205619663000107,0.03703533485531807,0.04599305987358093,0.00712036294862628,0.1194591075181961,0.10803718864917755,0.08308231830596924,0.000462241267086938,0.008160102181136608
1161,0.009916611947119236,4.67994759674184e-05,0.008343759924173355,0.008252687752246857,0.15272584557533264,0.007414450868964195,0.001058381050825119,0.3916441798210144,0.004638203419744968,0.16935943067073822,0.0072376723401248455,0.005420903209596872,0.018815958872437477,0.004224467556923628,0.0016379273729398847,0.013642605394124985,0.021489549428224564,0.14605756103992462,0.0037612488958984613,0.02430376037955284
1162,0.009031766094267368,1.9540313587640412e-05,0.5188540816307068,0.04298892244696617,0.0050905607640743256,0.014774458482861519,0.008468525484204292,0.014561599120497704,0.03636486083269119,0.007376376073807478,0.0008564533200114965,0.16749843955039978,0.017863189801573753,0.020368576049804688,0.00340169295668602,0.06128649786114693,0.0451977364718914,0.02143065817654133,0.0002480394614394754,0.0043105389922857285
1163,0.0019051902927458286,2.0664123439928517e-05,0.0009684230317361653,0.0008009836310520768,0.19180528819561005,0.0016654741484671831,0.00022546001127921045,0.10767772048711777,0.0006754359928891063,0.6264227032661438,0.007363190874457359,0.0006414505769498646,0.005766873247921467,0.0005228526424616575,0.0003396886750124395,0.0018721752567216754,0.0047505320981144905,0.026431139558553696,0.006796388421207666,0.013346044346690178
1164,0.006831121630966663,2.537481122999452e-05,0.01125465426594019,0.009760823100805283,0.012393677607178688,0.44817519187927246,0.00097734946757555,0.03423894941806793,0.00819629430770874,0.0204571932554245,0.0020449429284781218,0.006000942550599575,0.3248633146286011,0.004342936910688877,0.002830151002854109,0.050506480038166046,0.03346600383520126,0.021281996741890907,0.0003138585889246315,0.0020351626444607973
1165,0.008862465620040894,1.4397490303963423e-05,0.5154047608375549,0.01629004068672657,0.008472878485918045,0.006685429252684116,0.001013089087791741,0.007353631779551506,0.006582273636013269,0.007163682021200657,0.0008331850403919816,0.33607691526412964,0.02172759547829628,0.004385040607303381,0.0012681978987529874,0.033830512315034866,0.011321532540023327,0.008738327771425247,0.0015832212520763278,0.0023862593807280064
1166,0.0010559768415987492,1.1058596101065632e-05,0.0005642811302095652,0.00025253184139728546,0.11840824782848358,0.00043523809290491045,0.00014593095693271607,0.09335087239742279,0.00015670237189624459,0.7340571880340576,0.007815182209014893,0.0004644842119887471,0.0014007734134793282,0.000229763871175237,0.00010550058505032212,0.0008880829554982483,0.00323515385389328,0.02053130231797695,0.0064478302374482155,0.010438076220452785
1167,0.07086297869682312,4.04766651627142e-05,0.041062671691179276,0.05841371789574623,0.013075657188892365,0.01873534731566906,0.004710737615823746,0.010845922864973545,0.03301947936415672,0.019388163462281227,0.002494250424206257,0.012636878527700901,0.06993533670902252,0.02150149829685688,0.008304709568619728,0.4285700023174286,0.16708140075206757,0.012321487069129944,0.0005889193853363395,0.006405673921108246
1168,0.17590802907943726,4.0690487367101014e-05,0.083501897752285,0.08874485641717911,0.03506991267204285,0.03907844051718712,0.008198563009500504,0.029943611472845078,0.0722057893872261,0.0425010584294796,0.00510551268234849,0.03637777268886566,0.0025523900985717773,0.05102347582578659,0.012831882573664188,0.17069506645202637,0.05490214377641678,0.07179435342550278,0.006177722010761499,0.013340014964342117
1169,0.0025920902844518423,7.814928721927572e-06,0.00017081467376556247,0.00010935808677459136,0.07162340730428696,0.0003690613666549325,0.0001251517387572676,0.1731511354446411,0.00023896526545286179,0.6905566453933716,0.010960145853459835,0.00022689688194077462,0.00024880075943656266,0.00023307750234380364,0.00017543502326589078,0.0005977776600047946,0.0009355467627756298,0.02992137148976326,0.0088473130017519,0.008898342028260231
1170,0.015017333440482616,6.954609943932155e-06,0.009517106227576733,0.03265543654561043,0.0025056125596165657,0.00929447915405035,0.0011807592818513513,0.010079247877001762,0.009723791852593422,0.015945345163345337,0.00349635467864573,0.8219647407531738,0.0012175958836451173,0.017114795744419098,0.0023400024510920048,0.020475320518016815,0.015014447271823883,0.009434064850211143,0.00031763024162501097,0.002697230549529195
1171,0.12910455465316772,3.4573757147882134e-05,0.14659488201141357,0.21001186966896057,0.01013079471886158,0.01356875617057085,0.0028314918745309114,0.026916800066828728,0.023862367495894432,0.02835281938314438,0.007255857344716787,0.05118238180875778,8.441394311375916e-05,0.15856654942035675,0.006779022980481386,0.1151776909828186,0.03851093351840973,0.026608958840370178,0.0007468853727914393,0.0036701734643429518
1172,0.004671507515013218,5.35588378625107e-06,0.0034977965988218784,0.004189369734376669,0.0006093509146012366,0.0008203662582673132,0.00019348229398019612,0.001757333055138588,0.0021909859497100115,0.0033919967245310545,0.0008995528914965689,0.0019984154496341944,0.00016044882067944854,0.004054983612149954,0.0007067897240631282,0.409119576215744,0.560010552406311,0.0012286972487345338,0.00013022484199609607,0.0003619784547481686
1173,0.0030480832792818546,1.6226245861616917e-05,0.000492919993121177,0.00024500867584720254,0.040089260786771774,0.00042338264756835997,0.00013906980166211724,0.2020764797925949,0.00034601090010255575,0.6985158324241638,0.01925395429134369,0.0006652931915596128,5.0179471145384014e-05,0.00045659110764972866,0.0002953465445898473,0.0013279434060677886,0.0014103215653449297,0.02600752003490925,0.0023677214048802853,0.0027700597420334816
1174,0.15353451669216156,3.0987885111244395e-05,0.08519863337278366,0.14913754165172577,0.018523169681429863,0.03740224614739418,0.007416928187012672,0.06747468560934067,0.03113732673227787,0.07023872435092926,0.010441537946462631,0.05279449000954628,0.0008889336022548378,0.07654332369565964,0.012536182999610901,0.09340650588274002,0.05279507115483284,0.06053053215146065,0.002075699856504798,0.01788744144141674
1175,0.08870723098516464,1.4180395737639628e-05,0.25536367297172546,0.35297852754592896,0.0019183550029993057,0.012096043676137924,0.006050596479326487,0.005052260123193264,0.04680611193180084,0.009092936292290688,0.0017606134060770273,0.09707081317901611,0.00032483620452694595,0.038901153951883316,0.020704854279756546,0.039688561111688614,0.012390505522489548,0.007691821549087763,0.00045151676749810576,0.0029250921215862036
1176,0.00873943418264389,5.055732253822498e-05,0.00010395189747214317,5.292347850627266e-05,0.030127940699458122,0.0001237800024682656,0.0002420393138891086,0.11139150708913803,8.127474575303495e-05,0.7983140349388123,0.020643191412091255,0.0010228889295831323,2.329215749341529e-05,0.0005028705345466733,6.319550448097289e-05,0.0007314355461858213,0.0011262133484706283,0.018054066225886345,0.0017576564569026232,0.006843374110758305
1177,0.0019461055053398013,6.249228590604616e-06,0.0047080800868570805,0.003788520349189639,0.0010574118932709098,0.003660620888695121,0.00022628276201430708,0.0017251103417947888,0.002578774467110634,0.00352500076405704,0.0013852942502126098,0.006814656313508749,3.8038575439713895e-05,0.018268389627337456,0.0009890898363664746,0.5368629693984985,0.4105973243713379,0.0008883029222488403,0.00024397342349402606,0.0006891270168125629
1178,0.17190606892108917,4.4989268644712865e-05,0.11017583310604095,0.09736694395542145,0.002395281568169594,0.04326960816979408,0.010423493571579456,0.009435810148715973,0.15404833853244781,0.015979962423443794,0.005756208673119545,0.12307774275541306,0.0025004828348755836,0.07311812043190002,0.042808663100004196,0.08150093257427216,0.03917631134390831,0.012616130523383617,0.00037401990266516805,0.004018296487629414
1179,0.019054800271987915,1.3626596228277776e-05,0.07388704270124435,0.6686757802963257,0.0007818398298695683,0.004432225599884987,0.005867515690624714,0.008740885183215141,0.014704814180731773,0.0051865107379853725,0.003632202045992017,0.02232399396598339,0.00010136954369954765,0.10517068207263947,0.007273505441844463,0.02237054519355297,0.025620952248573303,0.00866166315972805,0.00028265031869523227,0.003213488729670644
1180,0.007118716835975647,9.922798199113458e-05,1.8819437173078768e-05,0.00011377954797353595,0.035245560109615326,0.00024924747413024306,0.0002461274852976203,0.42466554045677185,0.00023579369008075446,0.4184109568595886,0.02439185045659542,0.0002824170223902911,7.534556971222628e-06,0.0007900861091911793,0.0003142346686217934,0.0012490168446674943,0.0023032473400235176,0.07574301958084106,0.0026344091165810823,0.005877841729670763
1181,0.025288525968790054,1.4499824828817509e-05,0.5559507608413696,0.2399214655160904,0.0019337470876052976,0.009374843910336494,0.00261330627836287,0.009100282564759254,0.013927767053246498,0.00989523995667696,0.0019983260426670313,0.05693426355719566,0.0002759661874733865,0.027757925912737846,0.0026952370535582304,0.01820080727338791,0.012373716570436954,0.009023664519190788,0.0003716703795362264,0.0023444711696356535
1182,0.05702897906303406,6.178561307024211e-05,0.11152050644159317,0.13084454834461212,0.007475023623555899,0.021218905225396156,0.07589968293905258,0.011289548128843307,0.15582837164402008,0.011128637008368969,0.0022342372685670853,0.09546897560358047,0.00018071485101245344,0.03962070122361183,0.1492878645658493,0.0603976845741272,0.02016603574156761,0.012760848738253117,0.0027479908894747496,0.03483033552765846
1183,0.006985596846789122,4.803823321708478e-05,4.292167432140559e-05,4.526395059656352e-05,0.02564082108438015,0.00014839693903923035,0.00020430635777302086,0.08694122731685638,5.032755507272668e-05,0.8296148180961609,0.014496229588985443,0.0002725899685174227,2.667036142156576e-06,0.0007421523914672434,6.336622027447447e-05,0.0002663782797753811,0.00039838068187236786,0.018032275140285492,0.007239894010126591,0.00876099057495594
1184,0.04359854757785797,5.743557630921714e-05,0.0518428310751915,0.10729041695594788,0.009136941283941269,0.04153820499777794,0.013752604834735394,0.020807135850191116,0.11233492940664291,0.030913470312952995,0.00871711503714323,0.1559007614850998,0.0009772692574188113,0.09410663694143295,0.04497991502285004,0.10077161341905594,0.12394516170024872,0.017426297068595886,0.0031348709017038345,0.018763776868581772
1185,0.04947231709957123,4.9814192607300356e-05,0.12785997986793518,0.3587232828140259,0.005965360440313816,0.04657503962516785,0.00400344654917717,0.02649233490228653,0.0635419636964798,0.0273806881159544,0.004419408738613129,0.06129567325115204,0.0005846387357451022,0.07495957612991333,0.014557109214365482,0.046755101531744,0.044395290315151215,0.03732497990131378,0.0005750269629061222,0.005060310009866953
1186,0.020091615617275238,3.852381996694021e-05,0.006492340937256813,0.03796389698982239,0.02250322699546814,0.001673439284786582,0.0028948953840881586,0.16109789907932281,0.026216967031359673,0.1811923235654831,0.043223246932029724,0.007493501994758844,6.403273437172174e-05,0.052673615515232086,0.017099654302001,0.06793856620788574,0.27641022205352783,0.047572966665029526,0.012901573441922665,0.014450847171247005
1187,0.06365130096673965,0.0002503062423784286,0.0017456860514357686,0.008006754331290722,0.0185030959546566,0.01302692387253046,0.0040636248886585236,0.2651316821575165,0.013661213219165802,0.21854092180728912,0.04007161408662796,0.019859863445162773,0.00025951192947104573,0.03022696077823639,0.006682925391942263,0.06249271333217621,0.053762394934892654,0.16557221114635468,0.0009524625493213534,0.013535412028431892
1188,0.06332282721996307,7.09199666744098e-05,0.036434356123209,0.029668403789401054,0.01236519031226635,0.049090053886175156,0.026976794004440308,0.034573689103126526,0.2573857605457306,0.032961245626211166,0.006269173696637154,0.09467907249927521,0.004624633584171534,0.0660986602306366,0.10952983796596527,0.07185294479131699,0.053037941455841064,0.03832610696554184,0.0014580213464796543,0.011266990564763546
1189,0.047664202749729156,0.00011132266808999702,0.03551453724503517,0.06340915709733963,0.010588818229734898,0.06245888024568558,0.03470294922590256,0.03117833472788334,0.16878092288970947,0.03413628786802292,0.008362842723727226,0.10911249369382858,0.003141142660751939,0.1016334816813469,0.05503460019826889,0.11651633679866791,0.0636415109038353,0.03614090010523796,0.001675929524935782,0.01618506945669651
1190,0.014606831595301628,6.93265101290308e-05,2.4644019504194148e-05,4.742600140161812e-05,0.03846115246415138,0.0003976045991294086,0.00018456947873346508,0.21718096733093262,8.02895738161169e-05,0.6365206241607666,0.025158898904919624,0.00024601153563708067,5.021538891014643e-05,0.00034381391014903784,0.00011475116480141878,0.0006563064525835216,0.002427790779620409,0.04936302453279495,0.004272082820534706,0.009789430536329746
1191,0.002811070764437318,6.3085626607062295e-06,0.002041196683421731,0.0073529137298464775,0.0002324814413441345,0.003566728439182043,0.001113824313506484,0.0007227562018670142,0.009565467946231365,0.0013329015346243978,0.0005586103070527315,0.21586181223392487,0.0001871557324193418,0.009208083152770996,0.004881467204540968,0.2711664140224457,0.4680703580379486,0.000647529202979058,3.612719592638314e-05,0.0006360060069710016
1192,0.06571393460035324,0.00011042370169889182,0.05027006193995476,0.057795170694589615,0.003263157093897462,0.024588780477643013,0.005646825768053532,0.01448028814047575,0.13109764456748962,0.014716627076268196,0.004051977302879095,0.05526666343212128,0.00028493901481851935,0.3720850348472595,0.021307630464434624,0.12687373161315918,0.034045785665512085,0.015216996893286705,0.0003765268484130502,0.0027992550749331713
1193,0.005619625095278025,2.7275133106741123e-05,0.0015031819930300117,0.0027420909609645605,0.0014176320983096957,0.0017411243170499802,0.0020421273075044155,0.004919504281133413,0.010844849981367588,0.006784139666706324,0.002019254257902503,0.006215352565050125,0.00010659282270353287,0.010636714287102222,0.004499516915529966,0.30627748370170593,0.6265415549278259,0.00331607973203063,0.0006911699310876429,0.002053399570286274
1194,0.01655583456158638,4.000505941803567e-05,0.0005947285098955035,0.0008214116096496582,0.02275944873690605,0.002915062243118882,0.0005829009460285306,0.27581265568733215,0.002882539527490735,0.5740525722503662,0.022813836112618446,0.0017356396419927478,0.00017489363381173462,0.0015258400235325098,0.0017602320294827223,0.00448428513482213,0.0038484639953821898,0.05396898090839386,0.004111269023269415,0.008557653054594994
1195,0.0875825434923172,8.252239786088467e-05,0.031514376401901245,0.044064100831747055,0.011592629365622997,0.04242280125617981,0.033450014889240265,0.05528896674513817,0.20251114666461945,0.04256313666701317,0.004940256010740995,0.08200277388095856,0.017814302816987038,0.05691836029291153,0.04423116147518158,0.0914827212691307,0.06786350905895233,0.06155267357826233,0.00207291217520833,0.02004125341773033
1196,0.08674422651529312,7.897737668827176e-05,0.046223536133766174,0.07285407185554504,0.019804824143648148,0.029178190976381302,0.043017175048589706,0.02649373561143875,0.16057367622852325,0.03512651473283768,0.007763521280139685,0.08515086024999619,0.009211649186909199,0.08733678609132767,0.057640399783849716,0.07158851623535156,0.06643872708082199,0.03269003704190254,0.022667190060019493,0.039403270930051804
1197,0.020866001024842262,8.01633796072565e-05,0.0005129172350279987,0.0009253934840671718,0.046018656343221664,0.0009846474276855588,0.00037514319410547614,0.12596450746059418,0.00046593454317189753,0.6951265335083008,0.0268111415207386,0.0008749221451580524,0.0016784380422905087,0.0018012042855843902,0.0004996312200091779,0.0031112153083086014,0.0025360495783388615,0.030847083777189255,0.028342915698885918,0.012173502705991268
1198,0.057210519909858704,8.511661872034892e-05,0.0617133229970932,0.12555362284183502,0.010195452719926834,0.04732421413064003,0.011623377911746502,0.07898122817277908,0.11024980247020721,0.0484255813062191,0.013704460114240646,0.05387342721223831,0.008937209844589233,0.09914575517177582,0.042231496423482895,0.10163644701242447,0.062106210738420486,0.045791685581207275,0.0038066545967012644,0.017397122457623482
1199,0.05348343774676323,8.425091073149815e-05,0.0703999474644661,0.13249589502811432,0.013390455394983292,0.039026644080877304,0.016782643273472786,0.015995746478438377,0.17899981141090393,0.02752220444381237,0.006011372897773981,0.10432662814855576,0.0019447290105745196,0.08180546015501022,0.05668196082115173,0.05644485354423523,0.06518088281154633,0.015966350212693214,0.045655813068151474,0.017791718244552612
1200,0.0184495747089386,8.541729766875505e-05,0.0007027894025668502,0.0014613470993936062,0.07717309147119522,0.0010535846231505275,0.0016461561899632215,0.09160196781158447,0.006015457678586245,0.21699769794940948,0.020580284297466278,0.0012455511605367064,0.00031518618925474584,0.006169051863253117,0.004842471797019243,0.002987608313560486,0.003013127250596881,0.020640689879655838,0.48117026686668396,0.04384307935833931
1201,0.11497470736503601,9.197350300382823e-05,0.011472910642623901,0.048919677734375,0.01619490422308445,0.006493163760751486,0.005520828999578953,0.21149125695228577,0.031742218881845474,0.19589699804782867,0.03018801286816597,0.014281634241342545,0.0018583720084279776,0.046025350689888,0.012506994418799877,0.02488725259900093,0.023118603974580765,0.17897562682628632,0.0036075699608772993,0.021747546270489693
1202,0.02723887749016285,0.00024355856294278055,0.06273333728313446,0.06401056796312332,0.037310343235731125,0.04234512895345688,0.02552943117916584,0.025522524490952492,0.27081120014190674,0.02984866499900818,0.0060842810198664665,0.06941068172454834,0.011496277526021004,0.04872817546129227,0.08369816094636917,0.039322879165410995,0.035599395632743835,0.022226080298423767,0.06382304430007935,0.03400450944900513
1203,0.014997378922998905,0.00024361326359212399,0.0009371143532916903,0.0013617330696433783,0.10851729661226273,0.0013979136710986495,0.002160817850381136,0.14556218683719635,0.0038476502522826195,0.24063856899738312,0.022864919155836105,0.0017958873650059104,0.0009589659166522324,0.0027230142150074244,0.0026202609296888113,0.0025939508341252804,0.0051907203160226345,0.05671834945678711,0.32507771253585815,0.05978003516793251
1204,0.14687134325504303,0.0005767374532297254,0.01529709156602621,0.0522826686501503,0.05805797502398491,0.04879472032189369,0.009255100041627884,0.07917989045381546,0.03309541568160057,0.17943565547466278,0.027703173458576202,0.02292884886264801,0.011121990159153938,0.04749324545264244,0.013312159106135368,0.07951518148183823,0.05236637592315674,0.07981707900762558,0.008075213059782982,0.03481610119342804
1205,0.04609866067767143,0.004138784017413855,0.051345787942409515,0.06451517343521118,0.027697324752807617,0.036388952285051346,0.018744155764579773,0.023414554074406624,0.2459477037191391,0.02759435586631298,0.012290033511817455,0.03541874513030052,0.025599738582968712,0.05485495924949646,0.04602733626961708,0.06270448863506317,0.06518939137458801,0.024669334292411804,0.10700560361146927,0.020346516743302345
1206,0.031080322340130806,0.20302489399909973,0.009280329570174217,0.015699218958616257,0.08765361458063126,0.015810023993253708,0.01837877742946148,0.05513204634189606,0.02692153863608837,0.10634852200746536,0.024421364068984985,0.01889158971607685,0.007475194055587053,0.019019844010472298,0.01329246535897255,0.02936510369181633,0.02481030859053135,0.030213352292776108,0.16002881526947021,0.10314063727855682
1207,0.051382385194301605,0.02812912128865719,0.004331918898969889,0.008314074948430061,0.0919116958975792,0.01243742648512125,0.008593235164880753,0.10109912604093552,0.03636131435632706,0.3059850037097931,0.07093501836061478,0.020919496193528175,0.0048018889501690865,0.020744407549500465,0.01591879315674305,0.050030436366796494,0.048934176564216614,0.0841774269938469,0.008421019650995731,0.026560721918940544
1208,0.028607603162527084,0.00036504058516584337,0.04173092916607857,0.029887346550822258,0.007802516222000122,0.0410466343164444,0.12052370607852936,0.013303796760737896,0.22216682136058807,0.016824988648295403,0.004737877752631903,0.11430124938488007,0.017473340034484863,0.05124953016638756,0.06775467097759247,0.10700690001249313,0.07359141856431961,0.023318393155932426,0.0039000120013952255,0.01438924390822649
1209,0.026101304218173027,0.00043505957000888884,0.004465954843908548,0.005952934268862009,0.07475055009126663,0.005025411024689674,0.0067964098416268826,0.17050190269947052,0.023808065801858902,0.1573888212442398,0.03029990941286087,0.010351093485951424,0.04107019677758217,0.016206955537199974,0.006403948180377483,0.009736442938446999,0.09565870463848114,0.10417874902486801,0.13257208466529846,0.07828909158706665
1210,0.023498088121414185,0.00022999336943030357,0.008294015191495419,0.004772556945681572,0.004352909978479147,0.011242983862757683,0.06986982375383377,0.010107006877660751,0.01342165656387806,0.012980262748897076,0.0028964432422071695,0.16360701620578766,0.555720329284668,0.013215838931500912,0.003740559099242091,0.0416269525885582,0.01592298597097397,0.00613526813685894,0.01418607123196125,0.024172468110919
1211,0.0042878612875938416,0.00011132535291835666,0.0022308174520730972,0.0016145177651196718,0.016913197934627533,0.0065045831725001335,0.0017509128665551543,0.03752303868532181,0.005845742765814066,0.034515731036663055,0.004258178640156984,0.005033660214394331,0.006009276490658522,0.002378943143412471,0.00227812840603292,0.006615892983973026,0.01313256099820137,0.017036134377121925,0.8204783201217651,0.011477780528366566
1212,0.007827331312000751,7.793711120029911e-05,0.0015553298871964216,0.02217194065451622,0.04692833870649338,0.011968597769737244,0.021646255627274513,0.007272728253155947,0.00895453616976738,0.020759345963597298,0.004258845001459122,0.009085012599825859,0.01708053983747959,0.03578582778573036,0.001877769478596747,0.008409685455262661,0.007618337869644165,0.004285574425011873,0.2648131549358368,0.4976192116737366
1213,0.3033718466758728,0.0010808341903612018,0.0006610756390728056,0.0038598966784775257,0.05830495059490204,0.12055671960115433,0.00329368538223207,0.07784824073314667,0.008799141272902489,0.07320085912942886,0.01825794391334057,0.000785553827881813,0.0006977933808229864,0.007992851547896862,0.0008501771953888237,0.009984539821743965,0.017914969474077225,0.17153555154800415,0.025329813361167908,0.0956723764538765
1214,0.014467756263911724,0.001169737777672708,0.0011248227674514055,0.0018122125184163451,0.026661574840545654,0.02794281579554081,0.003810491878539324,0.11575298011302948,0.01396396104246378,0.04670104384422302,0.005360858514904976,0.0047106365673244,0.01566009223461151,0.009848196990787983,0.0059664249420166016,0.007838250137865543,0.012583986856043339,0.036338843405246735,0.5044535398483276,0.14382900297641754
1215,0.0996890589594841,0.002190826227888465,0.0002647004439495504,0.0003195070312358439,0.04987674579024315,0.09555965662002563,0.00023098595556803048,0.230095773935318,5.969475751044229e-05,0.2847982347011566,0.008633701130747795,0.0003162141074426472,0.006523286458104849,0.0001528834254713729,5.310703272698447e-05,0.005749978125095367,0.01201151218265295,0.1757478266954422,0.010229617357254028,0.01749373972415924
1216,0.19577142596244812,0.011519061401486397,0.00033534865360707045,0.0007380946772173047,0.021631192415952682,0.1184600219130516,7.202246342785656e-05,0.19958657026290894,5.820431761094369e-05,0.23924556374549866,0.014014632441103458,0.00021598796593025327,0.023242192342877388,0.00017583811131771654,2.567398223618511e-05,0.03336523473262787,0.025098156183958054,0.10359464585781097,0.006253260653465986,0.006594026926904917
1217,0.049180496484041214,0.007672913838177919,4.383621853776276e-05,0.000124422469525598,0.014395360834896564,0.06009681522846222,1.4982894754211884e-05,0.5446336269378662,2.1050967916380614e-05,0.10816581547260284,0.004756448324769735,7.865478255553171e-05,0.0019776865374296904,4.1554030758561566e-05,1.8392787751508877e-05,0.0206913985311985,0.012161928229033947,0.1745743453502655,0.0006720796809531748,0.0006741525721736252
1218,0.1587415337562561,0.007719734683632851,0.00036549376090988517,0.0004443246580194682,0.06884444504976273,0.2734082341194153,0.00014597117842640728,0.20350900292396545,0.00010592557373456657,0.07070007920265198,0.005086962133646011,0.001094723935239017,0.024546051397919655,0.0002637645520735532,4.197958332952112e-05,0.03636549785733223,0.02476879395544529,0.11063999682664871,0.008670137263834476,0.004534528125077486
1219,0.07506336271762848,0.014280598610639572,0.00010631944314809516,0.0001760313316481188,0.06820756942033768,0.13818231225013733,3.545227082213387e-05,0.22068484127521515,4.0695562347536907e-05,0.3379964530467987,0.005529104731976986,0.0001811252295738086,0.004949913825839758,8.780205098446459e-05,1.4225966879166663e-05,0.010388430207967758,0.005933495704084635,0.11699055135250092,0.0006456295377574861,0.0005028038285672665
1220,0.13027659058570862,0.011609852313995361,0.0003763969289138913,0.0007219288381747901,0.10834044963121414,0.10954443365335464,7.766715862089768e-05,0.12722879648208618,0.00011953613284276798,0.27460283041000366,0.01113403495401144,0.0005427284631878138,0.0067021967843174934,0.0002506484743207693,2.550004137447104e-05,0.03303759917616844,0.03191591426730156,0.14566875994205475,0.0024332357570528984,0.005388567224144936
1221,0.13423588871955872,0.021826811134815216,0.00014416055637411773,0.0003179892955813557,0.07117953896522522,0.2218654453754425,0.00012269298895262182,0.2193206250667572,5.4923522839089856e-05,0.10070011019706726,0.008936041034758091,0.0006409656489267945,0.01835598237812519,0.0003350305778440088,2.0920710085192695e-05,0.033870548009872437,0.02255983278155327,0.14334890246391296,0.001168882823549211,0.0009914556285366416
1222,0.09700522571802139,0.009847353212535381,0.000169260791153647,0.0011233240365982056,0.07247345894575119,0.03879407048225403,9.661191870691255e-05,0.29197949171066284,3.722299516084604e-05,0.15509290993213654,0.008970964699983597,0.0006182534852996469,0.004631549119949341,0.000937999167945236,9.14434167498257e-06,0.015000911429524422,0.020881060510873795,0.27915671467781067,0.0013309798669070005,0.0018411113414913416
1223,0.07275527715682983,0.006606596056371927,0.00010400942119304091,8.712252019904554e-05,0.17693401873111725,0.0252798181027174,6.0988892073510215e-05,0.21736659109592438,7.864966755732894e-05,0.2439124584197998,0.007388452999293804,0.000328973401337862,0.002280463697388768,9.133179992204532e-05,1.6495867384946905e-05,0.009688161313533783,0.020053179934620857,0.21459056437015533,0.000997247057966888,0.0013767811469733715
1224,0.05590935796499252,0.01013505831360817,0.00010760167788248509,0.00011361534416209906,0.15140143036842346,0.016060391440987587,2.9480441298801452e-05,0.19949392974376678,6.462263991124928e-05,0.35108697414398193,0.013261796906590462,0.0005048644379712641,0.0006385088199749589,0.00011045202700188383,1.6409197996836156e-05,0.011291466653347015,0.023281652480363846,0.1632584184408188,0.001684645190834999,0.0015479850117117167
1225,0.04766668751835823,0.01072150468826294,9.77916206466034e-05,0.00023542711278423667,0.049369730055332184,0.017912238836288452,0.0001014283043332398,0.4501653015613556,9.650182619225234e-05,0.15899798274040222,0.011904671788215637,0.0011960918782278895,0.008908966556191444,0.0003283564583398402,2.092249269480817e-05,0.01053497102111578,0.021960707381367683,0.20696714520454407,0.0014329134719446301,0.0013789033982902765
1226,0.0953088328242302,0.011406129226088524,2.7329069780535065e-05,5.1910152251366526e-05,0.05742533504962921,0.034812428057193756,2.5707166059873998e-05,0.30135980248451233,3.666584598249756e-05,0.20365579426288605,0.0082857646048069,0.00010780545562738553,0.000902787025552243,6.619941996177658e-05,1.6289934137603268e-05,0.01168916653841734,0.018199492245912552,0.252718061208725,0.001633358420804143,0.002269007731229067
1227,0.040663380175828934,0.015487655997276306,2.1605910660582595e-05,4.8091951612150297e-05,0.0994228795170784,0.02161010541021824,2.008380033657886e-05,0.2763613164424896,6.479019793914631e-05,0.35978496074676514,0.02031717076897621,0.00017113692592829466,0.0015128878876566887,6.0099751863162965e-05,3.821863356279209e-05,0.007135547697544098,0.020004481077194214,0.1359214186668396,0.0006900173029862344,0.000662272039335221
1228,0.05087398737668991,0.020851880311965942,2.3820064598112367e-05,3.966043368563987e-05,0.07192879915237427,0.03403371945023537,3.570656190277077e-05,0.34102779626846313,0.00012945379421580583,0.26062119007110596,0.016105225309729576,0.000487959390738979,0.011617717333137989,7.503666711272672e-05,4.716386320069432e-05,0.01539243571460247,0.01476333662867546,0.15997575223445892,0.001407975796610117,0.0005595437251031399
1229,0.04150160774588585,0.08002117276191711,6.0390237194951624e-05,9.642430086387321e-05,0.07164227217435837,0.02461904287338257,0.00023398648772854358,0.25570303201675415,0.0034482809714972973,0.2406069040298462,0.04093130677938461,0.0017676694551482797,0.0014781696954742074,0.0005192813696339726,0.00188071362208575,0.016428206115961075,0.02091686613857746,0.18159548938274384,0.010686589404940605,0.0058585465885698795
1230,0.06929463148117065,0.07887808233499527,3.85991734219715e-05,6.704994302708656e-05,0.10400386154651642,0.04274270310997963,0.0005580091383308172,0.18825958669185638,0.012958851642906666,0.24027030169963837,0.025196421891450882,0.0010370849631726742,0.0026797086466103792,0.0004972790484316647,0.004935706499963999,0.015789508819580078,0.03230453282594681,0.1354794204235077,0.01912488229572773,0.02588001638650894
1231,0.020509295165538788,0.32491055130958557,7.190342148533091e-05,7.548850408056751e-05,0.05813874304294586,0.00622138986364007,0.0002702750498428941,0.24839891493320465,0.0020702220499515533,0.14153948426246643,0.024487825110554695,0.000773254781961441,0.0003893525281455368,0.0002945940650533885,0.0011794207384809852,0.007180343382060528,0.017459619790315628,0.13269193470478058,0.006544166710227728,0.006789930164813995
1232,0.033740926533937454,0.49533551931381226,0.00031121369102038443,0.00019686865562107414,0.0564081072807312,0.019045354798436165,0.0014962393324822187,0.09066469967365265,0.013939677737653255,0.12408077716827393,0.03129350394010544,0.00483891973271966,0.0022536655887961388,0.0013176711509004235,0.006933852098882198,0.024143842980265617,0.0147325424477458,0.049130879342556,0.015624616295099258,0.014508240856230259
1233,0.0323665626347065,0.24484354257583618,0.00022918843023944646,0.00037111391429789364,0.0687326118350029,0.022636421024799347,0.0033985089976340532,0.043508369475603104,0.1563701629638672,0.06918565183877945,0.03447556495666504,0.00617521395906806,0.0005001059034839272,0.006802279502153397,0.1119585707783699,0.028106896206736565,0.01894916407763958,0.05836685374379158,0.0470869205892086,0.0459333136677742
1234,0.030837412923574448,0.31628021597862244,0.00035776884760707617,0.000432745146099478,0.09902891516685486,0.04749690741300583,0.002643812447786331,0.05838976800441742,0.0671159029006958,0.16309945285320282,0.03082369826734066,0.005527051165699959,0.0015960833989083767,0.0028002532199025154,0.041456401348114014,0.020272718742489815,0.015980828553438187,0.053887464106082916,0.01724742352962494,0.024719469249248505
1235,0.013323902152478695,0.3444315493106842,0.0027410760521888733,0.0013766944175586104,0.10878758132457733,0.14915525913238525,0.0028869041707366705,0.026668820530176163,0.09247572720050812,0.07298643887042999,0.01750223897397518,0.014871202409267426,0.00960568431764841,0.0030123256146907806,0.04684065282344818,0.027223939076066017,0.025210421532392502,0.024889463558793068,0.006487801671028137,0.009518365375697613
1236,0.025601746514439583,0.07043934613466263,0.007051566150039434,0.0017407388659194112,0.011492792516946793,0.43939322233200073,0.0051296125166118145,0.005150600802153349,0.0976947471499443,0.009978603571653366,0.005690051708370447,0.07275668531656265,0.011210650205612183,0.010446997359395027,0.07560762017965317,0.1073320284485817,0.025936879217624664,0.009987233206629753,0.0033019217662513256,0.004052947741001844
1237,0.05026582255959511,0.4577839970588684,0.00044554585474543273,0.0003539387253113091,0.06327236443758011,0.05491827055811882,0.0009508286602795124,0.053458087146282196,0.023023363202810287,0.10536831617355347,0.022531364113092422,0.004250617697834969,0.02547295019030571,0.0020655952394008636,0.01969078555703163,0.020536892116069794,0.019335376098752022,0.06090163066983223,0.011555786244571209,0.003813244169577956
1238,0.020259011536836624,0.33975687623023987,0.0003593826841097325,0.0003403092559892684,0.15737366676330566,0.03421309217810631,0.0007223699940368533,0.08303605020046234,0.012793402187526226,0.19433622062206268,0.04302816838026047,0.002373226685449481,0.0016817203722894192,0.0014343905495479703,0.011152257211506367,0.011299948208034039,0.013506550341844559,0.05140982195734978,0.011230776086449623,0.009687759913504124
1239,0.09062843024730682,0.09157754480838776,0.004450582899153233,0.002451994689181447,0.011395474895834923,0.29118964076042175,0.0057328795082867146,0.005222632084041834,0.08444996178150177,0.012938826344907284,0.007247979287058115,0.03481604531407356,0.011730178259313107,0.013581743463873863,0.08235254138708115,0.1983005404472351,0.030357223004102707,0.009998729452490807,0.004445943981409073,0.007128401659429073
1240,0.05233413726091385,0.4331330955028534,0.0010204602731391788,0.0005629411898553371,0.04499822482466698,0.05917586013674736,0.002950813854113221,0.023450305685400963,0.07661040872335434,0.05846976116299629,0.020423749461770058,0.013639558106660843,0.005225625820457935,0.004170565400272608,0.06142815947532654,0.05710349231958389,0.024004003033041954,0.02795964665710926,0.022872377187013626,0.010459388606250286
1241,0.026782875880599022,0.281261146068573,0.0003376651438884437,0.0002172959502786398,0.14325383305549622,0.01189716812223196,0.0003594214213080704,0.11088497936725616,0.0045331185683608055,0.2776290774345398,0.04701058194041252,0.0017147117760032415,0.0006355050136335194,0.0006835316889919341,0.004516255110502243,0.009766292758286,0.008546720258891582,0.060581669211387634,0.0065905447117984295,0.002792946295812726
1242,0.06398046016693115,0.30556783080101013,0.0014954822836443782,0.0014776168391108513,0.053313303738832474,0.05707532912492752,0.0040810564532876015,0.019379058852791786,0.12541288137435913,0.037151772528886795,0.013717098161578178,0.008539780974388123,0.007492080330848694,0.00776553712785244,0.14374080300331116,0.07111302763223648,0.034550294280052185,0.025366060435771942,0.006711633875966072,0.012063466012477875
1243,0.04788653552532196,0.18264886736869812,0.010906662791967392,0.0040904451161623,0.01441237237304449,0.0859675407409668,0.0064378175884485245,0.010273768566548824,0.13381262123584747,0.017600445076823235,0.010343318805098534,0.06693093478679657,0.006806983146816492,0.013107690028846264,0.09888908267021179,0.21902459859848022,0.044138677418231964,0.011888624168932438,0.0047714910469949245,0.010056090541183949
1244,0.032806187868118286,0.5072663426399231,0.0008252529660239816,0.0004925602115690708,0.03743172809481621,0.015498914755880833,0.0013103460660204291,0.058348171412944794,0.026470234617590904,0.16884243488311768,0.04240754246711731,0.004633266478776932,0.0043617053888738155,0.0022041862830519676,0.017973607406020164,0.02194250375032425,0.012283829972147942,0.034200239926576614,0.006190459709614515,0.00450390437617898
1245,0.02616882137954235,0.4347109794616699,0.0016331273363903165,0.0010163848055526614,0.19106963276863098,0.027340855449438095,0.0012924583861604333,0.04470696300268173,0.020015716552734375,0.10658062994480133,0.0212998166680336,0.00606266176328063,0.0035506372805684805,0.0026857550255954266,0.017565900459885597,0.029396481812000275,0.01914968714118004,0.03444741666316986,0.006083866115659475,0.005218225531280041
1246,0.05213230103254318,0.200100377202034,0.011860406026244164,0.005068269092589617,0.021454982459545135,0.11895778030157089,0.008860435336828232,0.009814072400331497,0.09723597764968872,0.021802661940455437,0.0071899620816111565,0.052375029772520065,0.028610048815608025,0.014937796629965305,0.07581917941570282,0.19107186794281006,0.05385858193039894,0.016126476228237152,0.0038240940775722265,0.008892497979104519
1247,0.037198130041360855,0.16082759201526642,0.009237365797162056,0.005490031559020281,0.03701898083090782,0.13390690088272095,0.006840710993856192,0.024838300421833992,0.13142690062522888,0.031887851655483246,0.009329842403531075,0.023764891549944878,0.02626652643084526,0.01141869556158781,0.14780691266059875,0.14034892618656158,0.028762174770236015,0.02173738181591034,0.005790814757347107,0.00608838489279151
1248,0.022725410759449005,0.3861750364303589,0.006490663159638643,0.004077675752341747,0.1271781474351883,0.04552369937300682,0.004432504065334797,0.04707227274775505,0.060280513018369675,0.06036540865898132,0.014353235252201557,0.016816584393382072,0.006273310165852308,0.007088914979249239,0.058676283806562424,0.06429080665111542,0.020270420238375664,0.031442198902368546,0.008147045969963074,0.008308294229209423
1249,0.03672214597463608,0.14543001353740692,0.021420761942863464,0.020726703107357025,0.021265817806124687,0.06474416702985764,0.014223026111721992,0.010158168151974678,0.2962876260280609,0.018477696925401688,0.007366720121353865,0.047890063375234604,0.0129100251942873,0.02245360054075718,0.12884752452373505,0.0886945053935051,0.015724515542387962,0.014064077287912369,0.0037809484638273716,0.008789594285190105
